//! ICU's converters by name, for `XeTeX`'s `\XeTeXinputencoding` (generated
//! from `uconv -l` and `uconv -f NAME` by `scripts/xetex/icu-tables.py`: do not edit).

/// The stateless single-byte converters' tables: byte to UTF-16 unit.
pub(crate) static SBCS: [[u16; 256]; 157] = [
    [
        0x0000, 0x0001, 0x0002, 0x0003, 0x0004, 0x0005, 0x0006, 0x0007, 0x0008, 0x0009, 0x000a,
        0x000b, 0x000c, 0x000d, 0x000e, 0x000f, 0x0010, 0x0011, 0x0012, 0x0013, 0x0014, 0x0015,
        0x0016, 0x0017, 0x0018, 0x0019, 0x001a, 0x001b, 0x001c, 0x001d, 0x001e, 0x001f, 0x0020,
        0x0021, 0x0022, 0x0023, 0x0024, 0x0025, 0x0026, 0x0027, 0x0028, 0x0029, 0x002a, 0x002b,
        0x002c, 0x002d, 0x002e, 0x002f, 0x0030, 0x0031, 0x0032, 0x0033, 0x0034, 0x0035, 0x0036,
        0x0037, 0x0038, 0x0039, 0x003a, 0x003b, 0x003c, 0x003d, 0x003e, 0x003f, 0x0040, 0x0041,
        0x0042, 0x0043, 0x0044, 0x0045, 0x0046, 0x0047, 0x0048, 0x0049, 0x004a, 0x004b, 0x004c,
        0x004d, 0x004e, 0x004f, 0x0050, 0x0051, 0x0052, 0x0053, 0x0054, 0x0055, 0x0056, 0x0057,
        0x0058, 0x0059, 0x005a, 0x005b, 0x005c, 0x005d, 0x005e, 0x005f, 0x0060, 0x0061, 0x0062,
        0x0063, 0x0064, 0x0065, 0x0066, 0x0067, 0x0068, 0x0069, 0x006a, 0x006b, 0x006c, 0x006d,
        0x006e, 0x006f, 0x0070, 0x0071, 0x0072, 0x0073, 0x0074, 0x0075, 0x0076, 0x0077, 0x0078,
        0x0079, 0x007a, 0x007b, 0x007c, 0x007d, 0x007e, 0x007f, 0xfffd, 0xfffd, 0xfffd, 0xfffd,
        0xfffd, 0xfffd, 0xfffd, 0xfffd, 0xfffd, 0xfffd, 0xfffd, 0xfffd, 0xfffd, 0xfffd, 0xfffd,
        0xfffd, 0xfffd, 0xfffd, 0xfffd, 0xfffd, 0xfffd, 0xfffd, 0xfffd, 0xfffd, 0xfffd, 0xfffd,
        0xfffd, 0xfffd, 0xfffd, 0xfffd, 0xfffd, 0xfffd, 0xfffd, 0xfffd, 0xfffd, 0xfffd, 0xfffd,
        0xfffd, 0xfffd, 0xfffd, 0xfffd, 0xfffd, 0xfffd, 0xfffd, 0xfffd, 0xfffd, 0xfffd, 0xfffd,
        0xfffd, 0xfffd, 0xfffd, 0xfffd, 0xfffd, 0xfffd, 0xfffd, 0xfffd, 0xfffd, 0xfffd, 0xfffd,
        0xfffd, 0xfffd, 0xfffd, 0xfffd, 0xfffd, 0xfffd, 0xfffd, 0xfffd, 0xfffd, 0xfffd, 0xfffd,
        0xfffd, 0xfffd, 0xfffd, 0xfffd, 0xfffd, 0xfffd, 0xfffd, 0xfffd, 0xfffd, 0xfffd, 0xfffd,
        0xfffd, 0xfffd, 0xfffd, 0xfffd, 0xfffd, 0xfffd, 0xfffd, 0xfffd, 0xfffd, 0xfffd, 0xfffd,
        0xfffd, 0xfffd, 0xfffd, 0xfffd, 0xfffd, 0xfffd, 0xfffd, 0xfffd, 0xfffd, 0xfffd, 0xfffd,
        0xfffd, 0xfffd, 0xfffd, 0xfffd, 0xfffd, 0xfffd, 0xfffd, 0xfffd, 0xfffd, 0xfffd, 0xfffd,
        0xfffd, 0xfffd, 0xfffd, 0xfffd, 0xfffd, 0xfffd, 0xfffd, 0xfffd, 0xfffd, 0xfffd, 0xfffd,
        0xfffd, 0xfffd, 0xfffd,
    ],
    [
        0xfffd, 0xfffd, 0xfffd, 0xfffd, 0xfffd, 0xfffd, 0xfffd, 0xfffd, 0xfffd, 0x0009, 0x000a,
        0xfffd, 0xfffd, 0x000d, 0xfffd, 0xfffd, 0xfffd, 0xfffd, 0xfffd, 0xfffd, 0xfffd, 0xfffd,
        0xfffd, 0xfffd, 0xfffd, 0xfffd, 0xfffd, 0xfffd, 0xfffd, 0xfffd, 0xfffd, 0xfffd, 0x0020,
        0x0021, 0x0022, 0x0023, 0x0024, 0x0025, 0x0026, 0x0027, 0x0028, 0x0029, 0x002a, 0xfffd,
        0x002c, 0x002d, 0x002e, 0x002f, 0x0030, 0x0031, 0x0032, 0x0033, 0x0034, 0x0035, 0x0036,
        0x0037, 0x0038, 0x0039, 0x003a, 0x003b, 0x003c, 0x003d, 0x003e, 0x003f, 0x0040, 0x0041,
        0x0042, 0x0043, 0x0044, 0x0045, 0x0046, 0x0047, 0x0048, 0x0049, 0x004a, 0x004b, 0x004c,
        0x004d, 0x004e, 0x004f, 0x0050, 0x0051, 0x0052, 0x0053, 0x0054, 0x0055, 0x0056, 0x0057,
        0x0058, 0x0059, 0x005a, 0x005b, 0xfffd, 0x005d, 0x005e, 0x005f, 0x0060, 0x0061, 0x0062,
        0x0063, 0x0064, 0x0065, 0x0066, 0x0067, 0x0068, 0x0069, 0x006a, 0x006b, 0x006c, 0x006d,
        0x006e, 0x006f, 0x0070, 0x0071, 0x0072, 0x0073, 0x0074, 0x0075, 0x0076, 0x0077, 0x0078,
        0x0079, 0x007a, 0x007b, 0x007c, 0x007d, 0xfffd, 0xfffd, 0xfffd, 0xfffd, 0xfffd, 0xfffd,
        0xfffd, 0xfffd, 0xfffd, 0xfffd, 0xfffd, 0xfffd, 0xfffd, 0xfffd, 0xfffd, 0xfffd, 0xfffd,
        0xfffd, 0xfffd, 0xfffd, 0xfffd, 0xfffd, 0xfffd, 0xfffd, 0xfffd, 0xfffd, 0xfffd, 0xfffd,
        0xfffd, 0xfffd, 0xfffd, 0xfffd, 0xfffd, 0xfffd, 0xfffd, 0xfffd, 0xfffd, 0xfffd, 0xfffd,
        0xfffd, 0xfffd, 0xfffd, 0xfffd, 0xfffd, 0xfffd, 0xfffd, 0xfffd, 0xfffd, 0xfffd, 0xfffd,
        0xfffd, 0xfffd, 0xfffd, 0xfffd, 0xfffd, 0xfffd, 0xfffd, 0xfffd, 0xfffd, 0xfffd, 0xfffd,
        0xfffd, 0xfffd, 0xfffd, 0xfffd, 0xfffd, 0xfffd, 0xfffd, 0xfffd, 0xfffd, 0xfffd, 0xfffd,
        0xfffd, 0xfffd, 0xfffd, 0xfffd, 0xfffd, 0xfffd, 0xfffd, 0xfffd, 0xfffd, 0xfffd, 0xfffd,
        0xfffd, 0xfffd, 0xfffd, 0xfffd, 0xfffd, 0xfffd, 0xfffd, 0xfffd, 0xfffd, 0xfffd, 0xfffd,
        0xfffd, 0xfffd, 0xfffd, 0xfffd, 0xfffd, 0xfffd, 0xfffd, 0xfffd, 0xfffd, 0xfffd, 0xfffd,
        0xfffd, 0xfffd, 0xfffd, 0xfffd, 0xfffd, 0xfffd, 0xfffd, 0xfffd, 0xfffd, 0xfffd, 0xfffd,
        0xfffd, 0xfffd, 0xfffd, 0xfffd, 0xfffd, 0xfffd, 0xfffd, 0xfffd, 0xfffd, 0xfffd, 0xfffd,
        0xfffd, 0xfffd, 0xfffd,
    ],
    [
        0x0000, 0x0001, 0x0002, 0x0003, 0x0004, 0x0005, 0x0006, 0x0007, 0x0008, 0x0009, 0x000a,
        0x000b, 0x000c, 0x000d, 0x000e, 0x000f, 0x0010, 0x0011, 0x0012, 0x0013, 0x0014, 0x0015,
        0x0016, 0x0017, 0x0018, 0x0019, 0x001a, 0x001b, 0x001c, 0x001d, 0x001e, 0x001f, 0x0020,
        0x0021, 0x0022, 0x0023, 0x0024, 0x0025, 0x0026, 0x0027, 0x0028, 0x0029, 0x002a, 0x002b,
        0x002c, 0x002d, 0x002e, 0x002f, 0x0030, 0x0031, 0x0032, 0x0033, 0x0034, 0x0035, 0x0036,
        0x0037, 0x0038, 0x0039, 0x003a, 0x003b, 0x003c, 0x003d, 0x003e, 0x003f, 0x0040, 0x0041,
        0x0042, 0x0043, 0x0044, 0x0045, 0x0046, 0x0047, 0x0048, 0x0049, 0x004a, 0x004b, 0x004c,
        0x004d, 0x004e, 0x004f, 0x0050, 0x0051, 0x0052, 0x0053, 0x0054, 0x0055, 0x0056, 0x0057,
        0x0058, 0x0059, 0x005a, 0x005b, 0x005c, 0x005d, 0x005e, 0x005f, 0x0060, 0x0061, 0x0062,
        0x0063, 0x0064, 0x0065, 0x0066, 0x0067, 0x0068, 0x0069, 0x006a, 0x006b, 0x006c, 0x006d,
        0x006e, 0x006f, 0x0070, 0x0071, 0x0072, 0x0073, 0x0074, 0x0075, 0x0076, 0x0077, 0x0078,
        0x0079, 0x007a, 0x007b, 0x007c, 0x007d, 0x007e, 0x007f, 0x0080, 0x0081, 0x0082, 0x0083,
        0x0084, 0x0085, 0x0086, 0x0087, 0x0088, 0x0089, 0x008a, 0x008b, 0x008c, 0x008d, 0x008e,
        0x008f, 0x0090, 0x0091, 0x0092, 0x0093, 0x0094, 0x0095, 0x0096, 0x0097, 0x0098, 0x0099,
        0x009a, 0x009b, 0x009c, 0x009d, 0x009e, 0x009f, 0x00a0, 0x00a1, 0x00a2, 0x00a3, 0x00a4,
        0x00a5, 0x00a6, 0x00a7, 0x00a8, 0x00a9, 0x00aa, 0x00ab, 0x00ac, 0x00ad, 0x00ae, 0x00af,
        0x00b0, 0x00b1, 0x00b2, 0x00b3, 0x00b4, 0x00b5, 0x00b6, 0x00b7, 0x00b8, 0x00b9, 0x00ba,
        0x00bb, 0x00bc, 0x00bd, 0x00be, 0x00bf, 0x00c0, 0x00c1, 0x00c2, 0x00c3, 0x00c4, 0x00c5,
        0x00c6, 0x00c7, 0x00c8, 0x00c9, 0x00ca, 0x00cb, 0x00cc, 0x00cd, 0x00ce, 0x00cf, 0x00d0,
        0x00d1, 0x00d2, 0x00d3, 0x00d4, 0x00d5, 0x00d6, 0x00d7, 0x00d8, 0x00d9, 0x00da, 0x00db,
        0x00dc, 0x00dd, 0x00de, 0x00df, 0x00e0, 0x00e1, 0x00e2, 0x00e3, 0x00e4, 0x00e5, 0x00e6,
        0x00e7, 0x00e8, 0x00e9, 0x00ea, 0x00eb, 0x00ec, 0x00ed, 0x00ee, 0x00ef, 0x00f0, 0x00f1,
        0x00f2, 0x00f3, 0x00f4, 0x00f5, 0x00f6, 0x00f7, 0x00f8, 0x00f9, 0x00fa, 0x00fb, 0x00fc,
        0x00fd, 0x00fe, 0x00ff,
    ],
    [
        0x0000, 0x0001, 0x0002, 0x0003, 0x0004, 0x0005, 0x0006, 0x0007, 0x0008, 0x0009, 0x000a,
        0x000b, 0x000c, 0x000d, 0x000e, 0x000f, 0x0010, 0x0011, 0x0012, 0x0013, 0x0014, 0x0015,
        0x0016, 0x0017, 0x0018, 0x0019, 0x001a, 0x001b, 0x001c, 0x001d, 0x001e, 0x001f, 0x0020,
        0x0021, 0x0022, 0x0023, 0x0024, 0x0025, 0x0026, 0x0027, 0x0028, 0x0029, 0x002a, 0x002b,
        0x002c, 0x002d, 0x002e, 0x002f, 0x0030, 0x0031, 0x0032, 0x0033, 0x0034, 0x0035, 0x0036,
        0x0037, 0x0038, 0x0039, 0x003a, 0x003b, 0x003c, 0x003d, 0x003e, 0x003f, 0x0040, 0x0041,
        0x0042, 0x0043, 0x0044, 0x0045, 0x0046, 0x0047, 0x0048, 0x0049, 0x004a, 0x004b, 0x004c,
        0x004d, 0x004e, 0x004f, 0x0050, 0x0051, 0x0052, 0x0053, 0x0054, 0x0055, 0x0056, 0x0057,
        0x0058, 0x0059, 0x005a, 0x005b, 0x005c, 0x005d, 0x005e, 0x005f, 0x0060, 0x0061, 0x0062,
        0x0063, 0x0064, 0x0065, 0x0066, 0x0067, 0x0068, 0x0069, 0x006a, 0x006b, 0x006c, 0x006d,
        0x006e, 0x006f, 0x0070, 0x0071, 0x0072, 0x0073, 0x0074, 0x0075, 0x0076, 0x0077, 0x0078,
        0x0079, 0x007a, 0x007b, 0x007c, 0x007d, 0x007e, 0x007f, 0x0080, 0x0081, 0x0082, 0x0083,
        0x0084, 0x0085, 0x0086, 0x0087, 0x0088, 0x0089, 0x008a, 0x008b, 0x008c, 0x008d, 0x008e,
        0x008f, 0x0090, 0x0091, 0x0092, 0x0093, 0x0094, 0x0095, 0x0096, 0x0097, 0x0098, 0x0099,
        0x009a, 0x009b, 0x009c, 0x009d, 0x009e, 0x009f, 0x00a0, 0x0104, 0x02d8, 0x0141, 0x00a4,
        0x013d, 0x015a, 0x00a7, 0x00a8, 0x0160, 0x015e, 0x0164, 0x0179, 0x00ad, 0x017d, 0x017b,
        0x00b0, 0x0105, 0x02db, 0x0142, 0x00b4, 0x013e, 0x015b, 0x02c7, 0x00b8, 0x0161, 0x015f,
        0x0165, 0x017a, 0x02dd, 0x017e, 0x017c, 0x0154, 0x00c1, 0x00c2, 0x0102, 0x00c4, 0x0139,
        0x0106, 0x00c7, 0x010c, 0x00c9, 0x0118, 0x00cb, 0x011a, 0x00cd, 0x00ce, 0x010e, 0x0110,
        0x0143, 0x0147, 0x00d3, 0x00d4, 0x0150, 0x00d6, 0x00d7, 0x0158, 0x016e, 0x00da, 0x0170,
        0x00dc, 0x00dd, 0x0162, 0x00df, 0x0155, 0x00e1, 0x00e2, 0x0103, 0x00e4, 0x013a, 0x0107,
        0x00e7, 0x010d, 0x00e9, 0x0119, 0x00eb, 0x011b, 0x00ed, 0x00ee, 0x010f, 0x0111, 0x0144,
        0x0148, 0x00f3, 0x00f4, 0x0151, 0x00f6, 0x00f7, 0x0159, 0x016f, 0x00fa, 0x0171, 0x00fc,
        0x00fd, 0x0163, 0x02d9,
    ],
    [
        0x0000, 0x0001, 0x0002, 0x0003, 0x0004, 0x0005, 0x0006, 0x0007, 0x0008, 0x0009, 0x000a,
        0x000b, 0x000c, 0x000d, 0x000e, 0x000f, 0x0010, 0x0011, 0x0012, 0x0013, 0x0014, 0x0015,
        0x0016, 0x0017, 0x0018, 0x0019, 0x001a, 0x001b, 0x001c, 0x001d, 0x001e, 0x001f, 0x0020,
        0x0021, 0x0022, 0x0023, 0x0024, 0x0025, 0x0026, 0x0027, 0x0028, 0x0029, 0x002a, 0x002b,
        0x002c, 0x002d, 0x002e, 0x002f, 0x0030, 0x0031, 0x0032, 0x0033, 0x0034, 0x0035, 0x0036,
        0x0037, 0x0038, 0x0039, 0x003a, 0x003b, 0x003c, 0x003d, 0x003e, 0x003f, 0x0040, 0x0041,
        0x0042, 0x0043, 0x0044, 0x0045, 0x0046, 0x0047, 0x0048, 0x0049, 0x004a, 0x004b, 0x004c,
        0x004d, 0x004e, 0x004f, 0x0050, 0x0051, 0x0052, 0x0053, 0x0054, 0x0055, 0x0056, 0x0057,
        0x0058, 0x0059, 0x005a, 0x005b, 0x005c, 0x005d, 0x005e, 0x005f, 0x0060, 0x0061, 0x0062,
        0x0063, 0x0064, 0x0065, 0x0066, 0x0067, 0x0068, 0x0069, 0x006a, 0x006b, 0x006c, 0x006d,
        0x006e, 0x006f, 0x0070, 0x0071, 0x0072, 0x0073, 0x0074, 0x0075, 0x0076, 0x0077, 0x0078,
        0x0079, 0x007a, 0x007b, 0x007c, 0x007d, 0x007e, 0x007f, 0x0080, 0x0081, 0x0082, 0x0083,
        0x0084, 0x0085, 0x0086, 0x0087, 0x0088, 0x0089, 0x008a, 0x008b, 0x008c, 0x008d, 0x008e,
        0x008f, 0x0090, 0x0091, 0x0092, 0x0093, 0x0094, 0x0095, 0x0096, 0x0097, 0x0098, 0x0099,
        0x009a, 0x009b, 0x009c, 0x009d, 0x009e, 0x009f, 0x00a0, 0x0126, 0x02d8, 0x00a3, 0x00a4,
        0xfffd, 0x0124, 0x00a7, 0x00a8, 0x0130, 0x015e, 0x011e, 0x0134, 0x00ad, 0xfffd, 0x017b,
        0x00b0, 0x0127, 0x00b2, 0x00b3, 0x00b4, 0x00b5, 0x0125, 0x00b7, 0x00b8, 0x0131, 0x015f,
        0x011f, 0x0135, 0x00bd, 0xfffd, 0x017c, 0x00c0, 0x00c1, 0x00c2, 0xfffd, 0x00c4, 0x010a,
        0x0108, 0x00c7, 0x00c8, 0x00c9, 0x00ca, 0x00cb, 0x00cc, 0x00cd, 0x00ce, 0x00cf, 0xfffd,
        0x00d1, 0x00d2, 0x00d3, 0x00d4, 0x0120, 0x00d6, 0x00d7, 0x011c, 0x00d9, 0x00da, 0x00db,
        0x00dc, 0x016c, 0x015c, 0x00df, 0x00e0, 0x00e1, 0x00e2, 0xfffd, 0x00e4, 0x010b, 0x0109,
        0x00e7, 0x00e8, 0x00e9, 0x00ea, 0x00eb, 0x00ec, 0x00ed, 0x00ee, 0x00ef, 0xfffd, 0x00f1,
        0x00f2, 0x00f3, 0x00f4, 0x0121, 0x00f6, 0x00f7, 0x011d, 0x00f9, 0x00fa, 0x00fb, 0x00fc,
        0x016d, 0x015d, 0x02d9,
    ],
    [
        0x0000, 0x0001, 0x0002, 0x0003, 0x0004, 0x0005, 0x0006, 0x0007, 0x0008, 0x0009, 0x000a,
        0x000b, 0x000c, 0x000d, 0x000e, 0x000f, 0x0010, 0x0011, 0x0012, 0x0013, 0x0014, 0x0015,
        0x0016, 0x0017, 0x0018, 0x0019, 0x001a, 0x001b, 0x001c, 0x001d, 0x001e, 0x001f, 0x0020,
        0x0021, 0x0022, 0x0023, 0x0024, 0x0025, 0x0026, 0x0027, 0x0028, 0x0029, 0x002a, 0x002b,
        0x002c, 0x002d, 0x002e, 0x002f, 0x0030, 0x0031, 0x0032, 0x0033, 0x0034, 0x0035, 0x0036,
        0x0037, 0x0038, 0x0039, 0x003a, 0x003b, 0x003c, 0x003d, 0x003e, 0x003f, 0x0040, 0x0041,
        0x0042, 0x0043, 0x0044, 0x0045, 0x0046, 0x0047, 0x0048, 0x0049, 0x004a, 0x004b, 0x004c,
        0x004d, 0x004e, 0x004f, 0x0050, 0x0051, 0x0052, 0x0053, 0x0054, 0x0055, 0x0056, 0x0057,
        0x0058, 0x0059, 0x005a, 0x005b, 0x005c, 0x005d, 0x005e, 0x005f, 0x0060, 0x0061, 0x0062,
        0x0063, 0x0064, 0x0065, 0x0066, 0x0067, 0x0068, 0x0069, 0x006a, 0x006b, 0x006c, 0x006d,
        0x006e, 0x006f, 0x0070, 0x0071, 0x0072, 0x0073, 0x0074, 0x0075, 0x0076, 0x0077, 0x0078,
        0x0079, 0x007a, 0x007b, 0x007c, 0x007d, 0x007e, 0x007f, 0x0080, 0x0081, 0x0082, 0x0083,
        0x0084, 0x0085, 0x0086, 0x0087, 0x0088, 0x0089, 0x008a, 0x008b, 0x008c, 0x008d, 0x008e,
        0x008f, 0x0090, 0x0091, 0x0092, 0x0093, 0x0094, 0x0095, 0x0096, 0x0097, 0x0098, 0x0099,
        0x009a, 0x009b, 0x009c, 0x009d, 0x009e, 0x009f, 0x00a0, 0x0104, 0x0138, 0x0156, 0x00a4,
        0x0128, 0x013b, 0x00a7, 0x00a8, 0x0160, 0x0112, 0x0122, 0x0166, 0x00ad, 0x017d, 0x00af,
        0x00b0, 0x0105, 0x02db, 0x0157, 0x00b4, 0x0129, 0x013c, 0x02c7, 0x00b8, 0x0161, 0x0113,
        0x0123, 0x0167, 0x014a, 0x017e, 0x014b, 0x0100, 0x00c1, 0x00c2, 0x00c3, 0x00c4, 0x00c5,
        0x00c6, 0x012e, 0x010c, 0x00c9, 0x0118, 0x00cb, 0x0116, 0x00cd, 0x00ce, 0x012a, 0x0110,
        0x0145, 0x014c, 0x0136, 0x00d4, 0x00d5, 0x00d6, 0x00d7, 0x00d8, 0x0172, 0x00da, 0x00db,
        0x00dc, 0x0168, 0x016a, 0x00df, 0x0101, 0x00e1, 0x00e2, 0x00e3, 0x00e4, 0x00e5, 0x00e6,
        0x012f, 0x010d, 0x00e9, 0x0119, 0x00eb, 0x0117, 0x00ed, 0x00ee, 0x012b, 0x0111, 0x0146,
        0x014d, 0x0137, 0x00f4, 0x00f5, 0x00f6, 0x00f7, 0x00f8, 0x0173, 0x00fa, 0x00fb, 0x00fc,
        0x0169, 0x016b, 0x02d9,
    ],
    [
        0x0000, 0x0001, 0x0002, 0x0003, 0x0004, 0x0005, 0x0006, 0x0007, 0x0008, 0x0009, 0x000a,
        0x000b, 0x000c, 0x000d, 0x000e, 0x000f, 0x0010, 0x0011, 0x0012, 0x0013, 0x0014, 0x0015,
        0x0016, 0x0017, 0x0018, 0x0019, 0x001a, 0x001b, 0x001c, 0x001d, 0x001e, 0x001f, 0x0020,
        0x0021, 0x0022, 0x0023, 0x0024, 0x0025, 0x0026, 0x0027, 0x0028, 0x0029, 0x002a, 0x002b,
        0x002c, 0x002d, 0x002e, 0x002f, 0x0030, 0x0031, 0x0032, 0x0033, 0x0034, 0x0035, 0x0036,
        0x0037, 0x0038, 0x0039, 0x003a, 0x003b, 0x003c, 0x003d, 0x003e, 0x003f, 0x0040, 0x0041,
        0x0042, 0x0043, 0x0044, 0x0045, 0x0046, 0x0047, 0x0048, 0x0049, 0x004a, 0x004b, 0x004c,
        0x004d, 0x004e, 0x004f, 0x0050, 0x0051, 0x0052, 0x0053, 0x0054, 0x0055, 0x0056, 0x0057,
        0x0058, 0x0059, 0x005a, 0x005b, 0x005c, 0x005d, 0x005e, 0x005f, 0x0060, 0x0061, 0x0062,
        0x0063, 0x0064, 0x0065, 0x0066, 0x0067, 0x0068, 0x0069, 0x006a, 0x006b, 0x006c, 0x006d,
        0x006e, 0x006f, 0x0070, 0x0071, 0x0072, 0x0073, 0x0074, 0x0075, 0x0076, 0x0077, 0x0078,
        0x0079, 0x007a, 0x007b, 0x007c, 0x007d, 0x007e, 0x007f, 0x0080, 0x0081, 0x0082, 0x0083,
        0x0084, 0x0085, 0x0086, 0x0087, 0x0088, 0x0089, 0x008a, 0x008b, 0x008c, 0x008d, 0x008e,
        0x008f, 0x0090, 0x0091, 0x0092, 0x0093, 0x0094, 0x0095, 0x0096, 0x0097, 0x0098, 0x0099,
        0x009a, 0x009b, 0x009c, 0x009d, 0x009e, 0x009f, 0x00a0, 0x0401, 0x0402, 0x0403, 0x0404,
        0x0405, 0x0406, 0x0407, 0x0408, 0x0409, 0x040a, 0x040b, 0x040c, 0x00ad, 0x040e, 0x040f,
        0x0410, 0x0411, 0x0412, 0x0413, 0x0414, 0x0415, 0x0416, 0x0417, 0x0418, 0x0419, 0x041a,
        0x041b, 0x041c, 0x041d, 0x041e, 0x041f, 0x0420, 0x0421, 0x0422, 0x0423, 0x0424, 0x0425,
        0x0426, 0x0427, 0x0428, 0x0429, 0x042a, 0x042b, 0x042c, 0x042d, 0x042e, 0x042f, 0x0430,
        0x0431, 0x0432, 0x0433, 0x0434, 0x0435, 0x0436, 0x0437, 0x0438, 0x0439, 0x043a, 0x043b,
        0x043c, 0x043d, 0x043e, 0x043f, 0x0440, 0x0441, 0x0442, 0x0443, 0x0444, 0x0445, 0x0446,
        0x0447, 0x0448, 0x0449, 0x044a, 0x044b, 0x044c, 0x044d, 0x044e, 0x044f, 0x2116, 0x0451,
        0x0452, 0x0453, 0x0454, 0x0455, 0x0456, 0x0457, 0x0458, 0x0459, 0x045a, 0x045b, 0x045c,
        0x00a7, 0x045e, 0x045f,
    ],
    [
        0x0000, 0x0001, 0x0002, 0x0003, 0x0004, 0x0005, 0x0006, 0x0007, 0x0008, 0x0009, 0x000a,
        0x000b, 0x000c, 0x000d, 0x000e, 0x000f, 0x0010, 0x0011, 0x0012, 0x0013, 0x0014, 0x0015,
        0x0016, 0x0017, 0x0018, 0x0019, 0x001a, 0x001b, 0x001c, 0x001d, 0x001e, 0x001f, 0x0020,
        0x0021, 0x0022, 0x0023, 0x0024, 0x0025, 0x0026, 0x0027, 0x0028, 0x0029, 0x002a, 0x002b,
        0x002c, 0x002d, 0x002e, 0x002f, 0x0030, 0x0031, 0x0032, 0x0033, 0x0034, 0x0035, 0x0036,
        0x0037, 0x0038, 0x0039, 0x003a, 0x003b, 0x003c, 0x003d, 0x003e, 0x003f, 0x0040, 0x0041,
        0x0042, 0x0043, 0x0044, 0x0045, 0x0046, 0x0047, 0x0048, 0x0049, 0x004a, 0x004b, 0x004c,
        0x004d, 0x004e, 0x004f, 0x0050, 0x0051, 0x0052, 0x0053, 0x0054, 0x0055, 0x0056, 0x0057,
        0x0058, 0x0059, 0x005a, 0x005b, 0x005c, 0x005d, 0x005e, 0x005f, 0x0060, 0x0061, 0x0062,
        0x0063, 0x0064, 0x0065, 0x0066, 0x0067, 0x0068, 0x0069, 0x006a, 0x006b, 0x006c, 0x006d,
        0x006e, 0x006f, 0x0070, 0x0071, 0x0072, 0x0073, 0x0074, 0x0075, 0x0076, 0x0077, 0x0078,
        0x0079, 0x007a, 0x007b, 0x007c, 0x007d, 0x007e, 0x007f, 0x0080, 0x0081, 0x0082, 0x0083,
        0x0084, 0x0085, 0x0086, 0x0087, 0x0088, 0x0089, 0x008a, 0x008b, 0x008c, 0x008d, 0x008e,
        0x008f, 0x0090, 0x0091, 0x0092, 0x0093, 0x0094, 0x0095, 0x0096, 0x0097, 0x0098, 0x0099,
        0x009a, 0x009b, 0x009c, 0x009d, 0x009e, 0x009f, 0x00a0, 0xfffd, 0xfffd, 0xfffd, 0x00a4,
        0xfffd, 0xfffd, 0xfffd, 0xfffd, 0xfffd, 0xfffd, 0xfffd, 0x060c, 0x00ad, 0xfffd, 0xfffd,
        0xfffd, 0xfffd, 0xfffd, 0xfffd, 0xfffd, 0xfffd, 0xfffd, 0xfffd, 0xfffd, 0xfffd, 0xfffd,
        0x061b, 0xfffd, 0xfffd, 0xfffd, 0x061f, 0xfffd, 0x0621, 0x0622, 0x0623, 0x0624, 0x0625,
        0x0626, 0x0627, 0x0628, 0x0629, 0x062a, 0x062b, 0x062c, 0x062d, 0x062e, 0x062f, 0x0630,
        0x0631, 0x0632, 0x0633, 0x0634, 0x0635, 0x0636, 0x0637, 0x0638, 0x0639, 0x063a, 0xfffd,
        0xfffd, 0xfffd, 0xfffd, 0xfffd, 0x0640, 0x0641, 0x0642, 0x0643, 0x0644, 0x0645, 0x0646,
        0x0647, 0x0648, 0x0649, 0x064a, 0x064b, 0x064c, 0x064d, 0x064e, 0x064f, 0x0650, 0x0651,
        0x0652, 0xfffd, 0xfffd, 0xfffd, 0xfffd, 0xfffd, 0xfffd, 0xfffd, 0xfffd, 0xfffd, 0xfffd,
        0xfffd, 0xfffd, 0xfffd,
    ],
    [
        0x0000, 0x0001, 0x0002, 0x0003, 0x0004, 0x0005, 0x0006, 0x0007, 0x0008, 0x0009, 0x000a,
        0x000b, 0x000c, 0x000d, 0x000e, 0x000f, 0x0010, 0x0011, 0x0012, 0x0013, 0x0014, 0x0015,
        0x0016, 0x0017, 0x0018, 0x0019, 0x001a, 0x001b, 0x001c, 0x001d, 0x001e, 0x001f, 0x0020,
        0x0021, 0x0022, 0x0023, 0x0024, 0x0025, 0x0026, 0x0027, 0x0028, 0x0029, 0x002a, 0x002b,
        0x002c, 0x002d, 0x002e, 0x002f, 0x0030, 0x0031, 0x0032, 0x0033, 0x0034, 0x0035, 0x0036,
        0x0037, 0x0038, 0x0039, 0x003a, 0x003b, 0x003c, 0x003d, 0x003e, 0x003f, 0x0040, 0x0041,
        0x0042, 0x0043, 0x0044, 0x0045, 0x0046, 0x0047, 0x0048, 0x0049, 0x004a, 0x004b, 0x004c,
        0x004d, 0x004e, 0x004f, 0x0050, 0x0051, 0x0052, 0x0053, 0x0054, 0x0055, 0x0056, 0x0057,
        0x0058, 0x0059, 0x005a, 0x005b, 0x005c, 0x005d, 0x005e, 0x005f, 0x0060, 0x0061, 0x0062,
        0x0063, 0x0064, 0x0065, 0x0066, 0x0067, 0x0068, 0x0069, 0x006a, 0x006b, 0x006c, 0x006d,
        0x006e, 0x006f, 0x0070, 0x0071, 0x0072, 0x0073, 0x0074, 0x0075, 0x0076, 0x0077, 0x0078,
        0x0079, 0x007a, 0x007b, 0x007c, 0x007d, 0x007e, 0x007f, 0x0080, 0x0081, 0x0082, 0x0083,
        0x0084, 0x0085, 0x0086, 0x0087, 0x0088, 0x0089, 0x008a, 0x008b, 0x008c, 0x008d, 0x008e,
        0x008f, 0x0090, 0x0091, 0x0092, 0x0093, 0x0094, 0x0095, 0x0096, 0x0097, 0x0098, 0x0099,
        0x009a, 0x009b, 0x009c, 0x009d, 0x009e, 0x009f, 0x00a0, 0x2018, 0x2019, 0x00a3, 0x20ac,
        0x20af, 0x00a6, 0x00a7, 0x00a8, 0x00a9, 0x037a, 0x00ab, 0x00ac, 0x00ad, 0xfffd, 0x2015,
        0x00b0, 0x00b1, 0x00b2, 0x00b3, 0x0384, 0x0385, 0x0386, 0x00b7, 0x0388, 0x0389, 0x038a,
        0x00bb, 0x038c, 0x00bd, 0x038e, 0x038f, 0x0390, 0x0391, 0x0392, 0x0393, 0x0394, 0x0395,
        0x0396, 0x0397, 0x0398, 0x0399, 0x039a, 0x039b, 0x039c, 0x039d, 0x039e, 0x039f, 0x03a0,
        0x03a1, 0xfffd, 0x03a3, 0x03a4, 0x03a5, 0x03a6, 0x03a7, 0x03a8, 0x03a9, 0x03aa, 0x03ab,
        0x03ac, 0x03ad, 0x03ae, 0x03af, 0x03b0, 0x03b1, 0x03b2, 0x03b3, 0x03b4, 0x03b5, 0x03b6,
        0x03b7, 0x03b8, 0x03b9, 0x03ba, 0x03bb, 0x03bc, 0x03bd, 0x03be, 0x03bf, 0x03c0, 0x03c1,
        0x03c2, 0x03c3, 0x03c4, 0x03c5, 0x03c6, 0x03c7, 0x03c8, 0x03c9, 0x03ca, 0x03cb, 0x03cc,
        0x03cd, 0x03ce, 0xfffd,
    ],
    [
        0x0000, 0x0001, 0x0002, 0x0003, 0x0004, 0x0005, 0x0006, 0x0007, 0x0008, 0x0009, 0x000a,
        0x000b, 0x000c, 0x000d, 0x000e, 0x000f, 0x0010, 0x0011, 0x0012, 0x0013, 0x0014, 0x0015,
        0x0016, 0x0017, 0x0018, 0x0019, 0x001a, 0x001b, 0x001c, 0x001d, 0x001e, 0x001f, 0x0020,
        0x0021, 0x0022, 0x0023, 0x0024, 0x0025, 0x0026, 0x0027, 0x0028, 0x0029, 0x002a, 0x002b,
        0x002c, 0x002d, 0x002e, 0x002f, 0x0030, 0x0031, 0x0032, 0x0033, 0x0034, 0x0035, 0x0036,
        0x0037, 0x0038, 0x0039, 0x003a, 0x003b, 0x003c, 0x003d, 0x003e, 0x003f, 0x0040, 0x0041,
        0x0042, 0x0043, 0x0044, 0x0045, 0x0046, 0x0047, 0x0048, 0x0049, 0x004a, 0x004b, 0x004c,
        0x004d, 0x004e, 0x004f, 0x0050, 0x0051, 0x0052, 0x0053, 0x0054, 0x0055, 0x0056, 0x0057,
        0x0058, 0x0059, 0x005a, 0x005b, 0x005c, 0x005d, 0x005e, 0x005f, 0x0060, 0x0061, 0x0062,
        0x0063, 0x0064, 0x0065, 0x0066, 0x0067, 0x0068, 0x0069, 0x006a, 0x006b, 0x006c, 0x006d,
        0x006e, 0x006f, 0x0070, 0x0071, 0x0072, 0x0073, 0x0074, 0x0075, 0x0076, 0x0077, 0x0078,
        0x0079, 0x007a, 0x007b, 0x007c, 0x007d, 0x007e, 0x007f, 0x0080, 0x0081, 0x0082, 0x0083,
        0x0084, 0x0085, 0x0086, 0x0087, 0x0088, 0x0089, 0x008a, 0x008b, 0x008c, 0x008d, 0x008e,
        0x008f, 0x0090, 0x0091, 0x0092, 0x0093, 0x0094, 0x0095, 0x0096, 0x0097, 0x0098, 0x0099,
        0x009a, 0x009b, 0x009c, 0x009d, 0x009e, 0x009f, 0x00a0, 0x2018, 0x2019, 0x00a3, 0xfffd,
        0xfffd, 0x00a6, 0x00a7, 0x00a8, 0x00a9, 0xfffd, 0x00ab, 0x00ac, 0x00ad, 0xfffd, 0x2015,
        0x00b0, 0x00b1, 0x00b2, 0x00b3, 0x00b4, 0x0385, 0x0386, 0x0387, 0x0388, 0x0389, 0x038a,
        0x00bb, 0x038c, 0x00bd, 0x038e, 0x038f, 0x0390, 0x0391, 0x0392, 0x0393, 0x0394, 0x0395,
        0x0396, 0x0397, 0x0398, 0x0399, 0x039a, 0x039b, 0x039c, 0x039d, 0x039e, 0x039f, 0x03a0,
        0x03a1, 0xfffd, 0x03a3, 0x03a4, 0x03a5, 0x03a6, 0x03a7, 0x03a8, 0x03a9, 0x03aa, 0x03ab,
        0x03ac, 0x03ad, 0x03ae, 0x03af, 0x03b0, 0x03b1, 0x03b2, 0x03b3, 0x03b4, 0x03b5, 0x03b6,
        0x03b7, 0x03b8, 0x03b9, 0x03ba, 0x03bb, 0x03bc, 0x03bd, 0x03be, 0x03bf, 0x03c0, 0x03c1,
        0x03c2, 0x03c3, 0x03c4, 0x03c5, 0x03c6, 0x03c7, 0x03c8, 0x03c9, 0x03ca, 0x03cb, 0x03cc,
        0x03cd, 0x03ce, 0xfffd,
    ],
    [
        0x0000, 0x0001, 0x0002, 0x0003, 0x0004, 0x0005, 0x0006, 0x0007, 0x0008, 0x0009, 0x000a,
        0x000b, 0x000c, 0x000d, 0x000e, 0x000f, 0x0010, 0x0011, 0x0012, 0x0013, 0x0014, 0x0015,
        0x0016, 0x0017, 0x0018, 0x0019, 0x001a, 0x001b, 0x001c, 0x001d, 0x001e, 0x001f, 0x0020,
        0x0021, 0x0022, 0x0023, 0x0024, 0x0025, 0x0026, 0x0027, 0x0028, 0x0029, 0x002a, 0x002b,
        0x002c, 0x002d, 0x002e, 0x002f, 0x0030, 0x0031, 0x0032, 0x0033, 0x0034, 0x0035, 0x0036,
        0x0037, 0x0038, 0x0039, 0x003a, 0x003b, 0x003c, 0x003d, 0x003e, 0x003f, 0x0040, 0x0041,
        0x0042, 0x0043, 0x0044, 0x0045, 0x0046, 0x0047, 0x0048, 0x0049, 0x004a, 0x004b, 0x004c,
        0x004d, 0x004e, 0x004f, 0x0050, 0x0051, 0x0052, 0x0053, 0x0054, 0x0055, 0x0056, 0x0057,
        0x0058, 0x0059, 0x005a, 0x005b, 0x005c, 0x005d, 0x005e, 0x005f, 0x0060, 0x0061, 0x0062,
        0x0063, 0x0064, 0x0065, 0x0066, 0x0067, 0x0068, 0x0069, 0x006a, 0x006b, 0x006c, 0x006d,
        0x006e, 0x006f, 0x0070, 0x0071, 0x0072, 0x0073, 0x0074, 0x0075, 0x0076, 0x0077, 0x0078,
        0x0079, 0x007a, 0x007b, 0x007c, 0x007d, 0x007e, 0x007f, 0x0080, 0x0081, 0x0082, 0x0083,
        0x0084, 0x0085, 0x0086, 0x0087, 0x0088, 0x0089, 0x008a, 0x008b, 0x008c, 0x008d, 0x008e,
        0x008f, 0x0090, 0x0091, 0x0092, 0x0093, 0x0094, 0x0095, 0x0096, 0x0097, 0x0098, 0x0099,
        0x009a, 0x009b, 0x009c, 0x009d, 0x009e, 0x009f, 0x00a0, 0xfffd, 0x00a2, 0x00a3, 0x00a4,
        0x00a5, 0x00a6, 0x00a7, 0x00a8, 0x00a9, 0x00d7, 0x00ab, 0x00ac, 0x00ad, 0x00ae, 0x00af,
        0x00b0, 0x00b1, 0x00b2, 0x00b3, 0x00b4, 0x00b5, 0x00b6, 0x00b7, 0x00b8, 0x00b9, 0x00f7,
        0x00bb, 0x00bc, 0x00bd, 0x00be, 0xfffd, 0xfffd, 0xfffd, 0xfffd, 0xfffd, 0xfffd, 0xfffd,
        0xfffd, 0xfffd, 0xfffd, 0xfffd, 0xfffd, 0xfffd, 0xfffd, 0xfffd, 0xfffd, 0xfffd, 0xfffd,
        0xfffd, 0xfffd, 0xfffd, 0xfffd, 0xfffd, 0xfffd, 0xfffd, 0xfffd, 0xfffd, 0xfffd, 0xfffd,
        0xfffd, 0xfffd, 0xfffd, 0x2017, 0x05d0, 0x05d1, 0x05d2, 0x05d3, 0x05d4, 0x05d5, 0x05d6,
        0x05d7, 0x05d8, 0x05d9, 0x05da, 0x05db, 0x05dc, 0x05dd, 0x05de, 0x05df, 0x05e0, 0x05e1,
        0x05e2, 0x05e3, 0x05e4, 0x05e5, 0x05e6, 0x05e7, 0x05e8, 0x05e9, 0x05ea, 0xfffd, 0xfffd,
        0x200e, 0x200f, 0xfffd,
    ],
    [
        0x0000, 0x0001, 0x0002, 0x0003, 0x0004, 0x0005, 0x0006, 0x0007, 0x0008, 0x0009, 0x000a,
        0x000b, 0x000c, 0x000d, 0x000e, 0x000f, 0x0010, 0x0011, 0x0012, 0x0013, 0x0014, 0x0015,
        0x0016, 0x0017, 0x0018, 0x0019, 0x001a, 0x001b, 0x001c, 0x001d, 0x001e, 0x001f, 0x0020,
        0x0021, 0x0022, 0x0023, 0x0024, 0x0025, 0x0026, 0x0027, 0x0028, 0x0029, 0x002a, 0x002b,
        0x002c, 0x002d, 0x002e, 0x002f, 0x0030, 0x0031, 0x0032, 0x0033, 0x0034, 0x0035, 0x0036,
        0x0037, 0x0038, 0x0039, 0x003a, 0x003b, 0x003c, 0x003d, 0x003e, 0x003f, 0x0040, 0x0041,
        0x0042, 0x0043, 0x0044, 0x0045, 0x0046, 0x0047, 0x0048, 0x0049, 0x004a, 0x004b, 0x004c,
        0x004d, 0x004e, 0x004f, 0x0050, 0x0051, 0x0052, 0x0053, 0x0054, 0x0055, 0x0056, 0x0057,
        0x0058, 0x0059, 0x005a, 0x005b, 0x005c, 0x005d, 0x005e, 0x005f, 0x0060, 0x0061, 0x0062,
        0x0063, 0x0064, 0x0065, 0x0066, 0x0067, 0x0068, 0x0069, 0x006a, 0x006b, 0x006c, 0x006d,
        0x006e, 0x006f, 0x0070, 0x0071, 0x0072, 0x0073, 0x0074, 0x0075, 0x0076, 0x0077, 0x0078,
        0x0079, 0x007a, 0x007b, 0x007c, 0x007d, 0x007e, 0x007f, 0x0080, 0x0081, 0x0082, 0x0083,
        0x0084, 0x0085, 0x0086, 0x0087, 0x0088, 0x0089, 0x008a, 0x008b, 0x008c, 0x008d, 0x008e,
        0x008f, 0x0090, 0x0091, 0x0092, 0x0093, 0x0094, 0x0095, 0x0096, 0x0097, 0x0098, 0x0099,
        0x009a, 0x009b, 0x009c, 0x009d, 0x009e, 0x009f, 0x00a0, 0xfffd, 0x00a2, 0x00a3, 0x00a4,
        0x00a5, 0x00a6, 0x00a7, 0x00a8, 0x00a9, 0x00d7, 0x00ab, 0x00ac, 0x00ad, 0x00ae, 0x203e,
        0x00b0, 0x00b1, 0x00b2, 0x00b3, 0x00b4, 0x00b5, 0x00b6, 0x2022, 0x00b8, 0x00b9, 0x00f7,
        0x00bb, 0x00bc, 0x00bd, 0x00be, 0xfffd, 0xfffd, 0xfffd, 0xfffd, 0xfffd, 0xfffd, 0xfffd,
        0xfffd, 0xfffd, 0xfffd, 0xfffd, 0xfffd, 0xfffd, 0xfffd, 0xfffd, 0xfffd, 0xfffd, 0xfffd,
        0xfffd, 0xfffd, 0xfffd, 0xfffd, 0xfffd, 0xfffd, 0xfffd, 0xfffd, 0xfffd, 0xfffd, 0xfffd,
        0xfffd, 0xfffd, 0xfffd, 0x2017, 0x05d0, 0x05d1, 0x05d2, 0x05d3, 0x05d4, 0x05d5, 0x05d6,
        0x05d7, 0x05d8, 0x05d9, 0x05da, 0x05db, 0x05dc, 0x05dd, 0x05de, 0x05df, 0x05e0, 0x05e1,
        0x05e2, 0x05e3, 0x05e4, 0x05e5, 0x05e6, 0x05e7, 0x05e8, 0x05e9, 0x05ea, 0xfffd, 0xfffd,
        0xfffd, 0xfffd, 0xfffd,
    ],
    [
        0x0000, 0x0001, 0x0002, 0x0003, 0x0004, 0x0005, 0x0006, 0x0007, 0x0008, 0x0009, 0x000a,
        0x000b, 0x000c, 0x000d, 0x000e, 0x000f, 0x0010, 0x0011, 0x0012, 0x0013, 0x0014, 0x0015,
        0x0016, 0x0017, 0x0018, 0x0019, 0x001a, 0x001b, 0x001c, 0x001d, 0x001e, 0x001f, 0x0020,
        0x0021, 0x0022, 0x0023, 0x0024, 0x0025, 0x0026, 0x0027, 0x0028, 0x0029, 0x002a, 0x002b,
        0x002c, 0x002d, 0x002e, 0x002f, 0x0030, 0x0031, 0x0032, 0x0033, 0x0034, 0x0035, 0x0036,
        0x0037, 0x0038, 0x0039, 0x003a, 0x003b, 0x003c, 0x003d, 0x003e, 0x003f, 0x0040, 0x0041,
        0x0042, 0x0043, 0x0044, 0x0045, 0x0046, 0x0047, 0x0048, 0x0049, 0x004a, 0x004b, 0x004c,
        0x004d, 0x004e, 0x004f, 0x0050, 0x0051, 0x0052, 0x0053, 0x0054, 0x0055, 0x0056, 0x0057,
        0x0058, 0x0059, 0x005a, 0x005b, 0x005c, 0x005d, 0x005e, 0x005f, 0x0060, 0x0061, 0x0062,
        0x0063, 0x0064, 0x0065, 0x0066, 0x0067, 0x0068, 0x0069, 0x006a, 0x006b, 0x006c, 0x006d,
        0x006e, 0x006f, 0x0070, 0x0071, 0x0072, 0x0073, 0x0074, 0x0075, 0x0076, 0x0077, 0x0078,
        0x0079, 0x007a, 0x007b, 0x007c, 0x007d, 0x007e, 0x007f, 0x0080, 0x0081, 0x0082, 0x0083,
        0x0084, 0x0085, 0x0086, 0x0087, 0x0088, 0x0089, 0x008a, 0x008b, 0x008c, 0x008d, 0x008e,
        0x008f, 0x0090, 0x0091, 0x0092, 0x0093, 0x0094, 0x0095, 0x0096, 0x0097, 0x0098, 0x0099,
        0x009a, 0x009b, 0x009c, 0x009d, 0x009e, 0x009f, 0x00a0, 0x00a1, 0x00a2, 0x00a3, 0x00a4,
        0x00a5, 0x00a6, 0x00a7, 0x00a8, 0x00a9, 0x00aa, 0x00ab, 0x00ac, 0x00ad, 0x00ae, 0x00af,
        0x00b0, 0x00b1, 0x00b2, 0x00b3, 0x00b4, 0x00b5, 0x00b6, 0x00b7, 0x00b8, 0x00b9, 0x00ba,
        0x00bb, 0x00bc, 0x00bd, 0x00be, 0x00bf, 0x00c0, 0x00c1, 0x00c2, 0x00c3, 0x00c4, 0x00c5,
        0x00c6, 0x00c7, 0x00c8, 0x00c9, 0x00ca, 0x00cb, 0x00cc, 0x00cd, 0x00ce, 0x00cf, 0x011e,
        0x00d1, 0x00d2, 0x00d3, 0x00d4, 0x00d5, 0x00d6, 0x00d7, 0x00d8, 0x00d9, 0x00da, 0x00db,
        0x00dc, 0x0130, 0x015e, 0x00df, 0x00e0, 0x00e1, 0x00e2, 0x00e3, 0x00e4, 0x00e5, 0x00e6,
        0x00e7, 0x00e8, 0x00e9, 0x00ea, 0x00eb, 0x00ec, 0x00ed, 0x00ee, 0x00ef, 0x011f, 0x00f1,
        0x00f2, 0x00f3, 0x00f4, 0x00f5, 0x00f6, 0x00f7, 0x00f8, 0x00f9, 0x00fa, 0x00fb, 0x00fc,
        0x0131, 0x015f, 0x00ff,
    ],
    [
        0x0000, 0x0001, 0x0002, 0x0003, 0x0004, 0x0005, 0x0006, 0x0007, 0x0008, 0x0009, 0x000a,
        0x000b, 0x000c, 0x000d, 0x000e, 0x000f, 0x0010, 0x0011, 0x0012, 0x0013, 0x0014, 0x0015,
        0x0016, 0x0017, 0x0018, 0x0019, 0x001a, 0x001b, 0x001c, 0x001d, 0x001e, 0x001f, 0x0020,
        0x0021, 0x0022, 0x0023, 0x0024, 0x0025, 0x0026, 0x0027, 0x0028, 0x0029, 0x002a, 0x002b,
        0x002c, 0x002d, 0x002e, 0x002f, 0x0030, 0x0031, 0x0032, 0x0033, 0x0034, 0x0035, 0x0036,
        0x0037, 0x0038, 0x0039, 0x003a, 0x003b, 0x003c, 0x003d, 0x003e, 0x003f, 0x0040, 0x0041,
        0x0042, 0x0043, 0x0044, 0x0045, 0x0046, 0x0047, 0x0048, 0x0049, 0x004a, 0x004b, 0x004c,
        0x004d, 0x004e, 0x004f, 0x0050, 0x0051, 0x0052, 0x0053, 0x0054, 0x0055, 0x0056, 0x0057,
        0x0058, 0x0059, 0x005a, 0x005b, 0x005c, 0x005d, 0x005e, 0x005f, 0x0060, 0x0061, 0x0062,
        0x0063, 0x0064, 0x0065, 0x0066, 0x0067, 0x0068, 0x0069, 0x006a, 0x006b, 0x006c, 0x006d,
        0x006e, 0x006f, 0x0070, 0x0071, 0x0072, 0x0073, 0x0074, 0x0075, 0x0076, 0x0077, 0x0078,
        0x0079, 0x007a, 0x007b, 0x007c, 0x007d, 0x007e, 0x007f, 0x0080, 0x0081, 0x0082, 0x0083,
        0x0084, 0x0085, 0x0086, 0x0087, 0x0088, 0x0089, 0x008a, 0x008b, 0x008c, 0x008d, 0x008e,
        0x008f, 0x0090, 0x0091, 0x0092, 0x0093, 0x0094, 0x0095, 0x0096, 0x0097, 0x0098, 0x0099,
        0x009a, 0x009b, 0x009c, 0x009d, 0x009e, 0x009f, 0x00a0, 0x0104, 0x0112, 0x0122, 0x012a,
        0x0128, 0x0136, 0x00a7, 0x013b, 0x0110, 0x0160, 0x0166, 0x017d, 0x00ad, 0x016a, 0x014a,
        0x00b0, 0x0105, 0x0113, 0x0123, 0x012b, 0x0129, 0x0137, 0x00b7, 0x013c, 0x0111, 0x0161,
        0x0167, 0x017e, 0x2015, 0x016b, 0x014b, 0x0100, 0x00c1, 0x00c2, 0x00c3, 0x00c4, 0x00c5,
        0x00c6, 0x012e, 0x010c, 0x00c9, 0x0118, 0x00cb, 0x0116, 0x00cd, 0x00ce, 0x00cf, 0x00d0,
        0x0145, 0x014c, 0x00d3, 0x00d4, 0x00d5, 0x00d6, 0x0168, 0x00d8, 0x0172, 0x00da, 0x00db,
        0x00dc, 0x00dd, 0x00de, 0x00df, 0x0101, 0x00e1, 0x00e2, 0x00e3, 0x00e4, 0x00e5, 0x00e6,
        0x012f, 0x010d, 0x00e9, 0x0119, 0x00eb, 0x0117, 0x00ed, 0x00ee, 0x00ef, 0x00f0, 0x0146,
        0x014d, 0x00f3, 0x00f4, 0x00f5, 0x00f6, 0x0169, 0x00f8, 0x0173, 0x00fa, 0x00fb, 0x00fc,
        0x00fd, 0x00fe, 0x0138,
    ],
    [
        0x0000, 0x0001, 0x0002, 0x0003, 0x0004, 0x0005, 0x0006, 0x0007, 0x0008, 0x0009, 0x000a,
        0x000b, 0x000c, 0x000d, 0x000e, 0x000f, 0x0010, 0x0011, 0x0012, 0x0013, 0x0014, 0x0015,
        0x0016, 0x0017, 0x0018, 0x0019, 0x001a, 0x001b, 0x001c, 0x001d, 0x001e, 0x001f, 0x0020,
        0x0021, 0x0022, 0x0023, 0x0024, 0x0025, 0x0026, 0x0027, 0x0028, 0x0029, 0x002a, 0x002b,
        0x002c, 0x002d, 0x002e, 0x002f, 0x0030, 0x0031, 0x0032, 0x0033, 0x0034, 0x0035, 0x0036,
        0x0037, 0x0038, 0x0039, 0x003a, 0x003b, 0x003c, 0x003d, 0x003e, 0x003f, 0x0040, 0x0041,
        0x0042, 0x0043, 0x0044, 0x0045, 0x0046, 0x0047, 0x0048, 0x0049, 0x004a, 0x004b, 0x004c,
        0x004d, 0x004e, 0x004f, 0x0050, 0x0051, 0x0052, 0x0053, 0x0054, 0x0055, 0x0056, 0x0057,
        0x0058, 0x0059, 0x005a, 0x005b, 0x005c, 0x005d, 0x005e, 0x005f, 0x0060, 0x0061, 0x0062,
        0x0063, 0x0064, 0x0065, 0x0066, 0x0067, 0x0068, 0x0069, 0x006a, 0x006b, 0x006c, 0x006d,
        0x006e, 0x006f, 0x0070, 0x0071, 0x0072, 0x0073, 0x0074, 0x0075, 0x0076, 0x0077, 0x0078,
        0x0079, 0x007a, 0x007b, 0x007c, 0x007d, 0x007e, 0x007f, 0x0080, 0x0081, 0x0082, 0x0083,
        0x0084, 0x0085, 0x0086, 0x0087, 0x0088, 0x0089, 0x008a, 0x008b, 0x008c, 0x008d, 0x008e,
        0x008f, 0x0090, 0x0091, 0x0092, 0x0093, 0x0094, 0x0095, 0x0096, 0x0097, 0x0098, 0x0099,
        0x009a, 0x009b, 0x009c, 0x009d, 0x009e, 0x009f, 0x00a0, 0x0e01, 0x0e02, 0x0e03, 0x0e04,
        0x0e05, 0x0e06, 0x0e07, 0x0e08, 0x0e09, 0x0e0a, 0x0e0b, 0x0e0c, 0x0e0d, 0x0e0e, 0x0e0f,
        0x0e10, 0x0e11, 0x0e12, 0x0e13, 0x0e14, 0x0e15, 0x0e16, 0x0e17, 0x0e18, 0x0e19, 0x0e1a,
        0x0e1b, 0x0e1c, 0x0e1d, 0x0e1e, 0x0e1f, 0x0e20, 0x0e21, 0x0e22, 0x0e23, 0x0e24, 0x0e25,
        0x0e26, 0x0e27, 0x0e28, 0x0e29, 0x0e2a, 0x0e2b, 0x0e2c, 0x0e2d, 0x0e2e, 0x0e2f, 0x0e30,
        0x0e31, 0x0e32, 0x0e33, 0x0e34, 0x0e35, 0x0e36, 0x0e37, 0x0e38, 0x0e39, 0x0e3a, 0xfffd,
        0xfffd, 0xfffd, 0xfffd, 0x0e3f, 0x0e40, 0x0e41, 0x0e42, 0x0e43, 0x0e44, 0x0e45, 0x0e46,
        0x0e47, 0x0e48, 0x0e49, 0x0e4a, 0x0e4b, 0x0e4c, 0x0e4d, 0x0e4e, 0x0e4f, 0x0e50, 0x0e51,
        0x0e52, 0x0e53, 0x0e54, 0x0e55, 0x0e56, 0x0e57, 0x0e58, 0x0e59, 0x0e5a, 0x0e5b, 0xfffd,
        0xfffd, 0xfffd, 0xfffd,
    ],
    [
        0x0000, 0x0001, 0x0002, 0x0003, 0x0004, 0x0005, 0x0006, 0x0007, 0x0008, 0x0009, 0x000a,
        0x000b, 0x000c, 0x000d, 0x000e, 0x000f, 0x0010, 0x0011, 0x0012, 0x0013, 0x0014, 0x0015,
        0x0016, 0x0017, 0x0018, 0x0019, 0x001a, 0x001b, 0x001c, 0x001d, 0x001e, 0x001f, 0x0020,
        0x0021, 0x0022, 0x0023, 0x0024, 0x0025, 0x0026, 0x0027, 0x0028, 0x0029, 0x002a, 0x002b,
        0x002c, 0x002d, 0x002e, 0x002f, 0x0030, 0x0031, 0x0032, 0x0033, 0x0034, 0x0035, 0x0036,
        0x0037, 0x0038, 0x0039, 0x003a, 0x003b, 0x003c, 0x003d, 0x003e, 0x003f, 0x0040, 0x0041,
        0x0042, 0x0043, 0x0044, 0x0045, 0x0046, 0x0047, 0x0048, 0x0049, 0x004a, 0x004b, 0x004c,
        0x004d, 0x004e, 0x004f, 0x0050, 0x0051, 0x0052, 0x0053, 0x0054, 0x0055, 0x0056, 0x0057,
        0x0058, 0x0059, 0x005a, 0x005b, 0x005c, 0x005d, 0x005e, 0x005f, 0x0060, 0x0061, 0x0062,
        0x0063, 0x0064, 0x0065, 0x0066, 0x0067, 0x0068, 0x0069, 0x006a, 0x006b, 0x006c, 0x006d,
        0x006e, 0x006f, 0x0070, 0x0071, 0x0072, 0x0073, 0x0074, 0x0075, 0x0076, 0x0077, 0x0078,
        0x0079, 0x007a, 0x007b, 0x007c, 0x007d, 0x007e, 0x007f, 0x0080, 0x0081, 0x0082, 0x0083,
        0x0084, 0x0085, 0x0086, 0x0087, 0x0088, 0x0089, 0x008a, 0x008b, 0x008c, 0x008d, 0x008e,
        0x008f, 0x0090, 0x0091, 0x0092, 0x0093, 0x0094, 0x0095, 0x0096, 0x0097, 0x0098, 0x0099,
        0x009a, 0x009b, 0x009c, 0x009d, 0x009e, 0x009f, 0x00a0, 0x201d, 0x00a2, 0x00a3, 0x00a4,
        0x201e, 0x00a6, 0x00a7, 0x00d8, 0x00a9, 0x0156, 0x00ab, 0x00ac, 0x00ad, 0x00ae, 0x00c6,
        0x00b0, 0x00b1, 0x00b2, 0x00b3, 0x201c, 0x00b5, 0x00b6, 0x00b7, 0x00f8, 0x00b9, 0x0157,
        0x00bb, 0x00bc, 0x00bd, 0x00be, 0x00e6, 0x0104, 0x012e, 0x0100, 0x0106, 0x00c4, 0x00c5,
        0x0118, 0x0112, 0x010c, 0x00c9, 0x0179, 0x0116, 0x0122, 0x0136, 0x012a, 0x013b, 0x0160,
        0x0143, 0x0145, 0x00d3, 0x014c, 0x00d5, 0x00d6, 0x00d7, 0x0172, 0x0141, 0x015a, 0x016a,
        0x00dc, 0x017b, 0x017d, 0x00df, 0x0105, 0x012f, 0x0101, 0x0107, 0x00e4, 0x00e5, 0x0119,
        0x0113, 0x010d, 0x00e9, 0x017a, 0x0117, 0x0123, 0x0137, 0x012b, 0x013c, 0x0161, 0x0144,
        0x0146, 0x00f3, 0x014d, 0x00f5, 0x00f6, 0x00f7, 0x0173, 0x0142, 0x015b, 0x016b, 0x00fc,
        0x017c, 0x017e, 0x2019,
    ],
    [
        0x0000, 0x0001, 0x0002, 0x0003, 0x0004, 0x0005, 0x0006, 0x0007, 0x0008, 0x0009, 0x000a,
        0x000b, 0x000c, 0x000d, 0x000e, 0x000f, 0x0010, 0x0011, 0x0012, 0x0013, 0x0014, 0x0015,
        0x0016, 0x0017, 0x0018, 0x0019, 0x001a, 0x001b, 0x001c, 0x001d, 0x001e, 0x001f, 0x0020,
        0x0021, 0x0022, 0x0023, 0x0024, 0x0025, 0x0026, 0x0027, 0x0028, 0x0029, 0x002a, 0x002b,
        0x002c, 0x002d, 0x002e, 0x002f, 0x0030, 0x0031, 0x0032, 0x0033, 0x0034, 0x0035, 0x0036,
        0x0037, 0x0038, 0x0039, 0x003a, 0x003b, 0x003c, 0x003d, 0x003e, 0x003f, 0x0040, 0x0041,
        0x0042, 0x0043, 0x0044, 0x0045, 0x0046, 0x0047, 0x0048, 0x0049, 0x004a, 0x004b, 0x004c,
        0x004d, 0x004e, 0x004f, 0x0050, 0x0051, 0x0052, 0x0053, 0x0054, 0x0055, 0x0056, 0x0057,
        0x0058, 0x0059, 0x005a, 0x005b, 0x005c, 0x005d, 0x005e, 0x005f, 0x0060, 0x0061, 0x0062,
        0x0063, 0x0064, 0x0065, 0x0066, 0x0067, 0x0068, 0x0069, 0x006a, 0x006b, 0x006c, 0x006d,
        0x006e, 0x006f, 0x0070, 0x0071, 0x0072, 0x0073, 0x0074, 0x0075, 0x0076, 0x0077, 0x0078,
        0x0079, 0x007a, 0x007b, 0x007c, 0x007d, 0x007e, 0x007f, 0x0080, 0x0081, 0x0082, 0x0083,
        0x0084, 0x0085, 0x0086, 0x0087, 0x0088, 0x0089, 0x008a, 0x008b, 0x008c, 0x008d, 0x008e,
        0x008f, 0x0090, 0x0091, 0x0092, 0x0093, 0x0094, 0x0095, 0x0096, 0x0097, 0x0098, 0x0099,
        0x009a, 0x009b, 0x009c, 0x009d, 0x009e, 0x009f, 0x00a0, 0x1e02, 0x1e03, 0x00a3, 0x010a,
        0x010b, 0x1e0a, 0x00a7, 0x1e80, 0x00a9, 0x1e82, 0x1e0b, 0x1ef2, 0x00ad, 0x00ae, 0x0178,
        0x1e1e, 0x1e1f, 0x0120, 0x0121, 0x1e40, 0x1e41, 0x00b6, 0x1e56, 0x1e81, 0x1e57, 0x1e83,
        0x1e60, 0x1ef3, 0x1e84, 0x1e85, 0x1e61, 0x00c0, 0x00c1, 0x00c2, 0x00c3, 0x00c4, 0x00c5,
        0x00c6, 0x00c7, 0x00c8, 0x00c9, 0x00ca, 0x00cb, 0x00cc, 0x00cd, 0x00ce, 0x00cf, 0x0174,
        0x00d1, 0x00d2, 0x00d3, 0x00d4, 0x00d5, 0x00d6, 0x1e6a, 0x00d8, 0x00d9, 0x00da, 0x00db,
        0x00dc, 0x00dd, 0x0176, 0x00df, 0x00e0, 0x00e1, 0x00e2, 0x00e3, 0x00e4, 0x00e5, 0x00e6,
        0x00e7, 0x00e8, 0x00e9, 0x00ea, 0x00eb, 0x00ec, 0x00ed, 0x00ee, 0x00ef, 0x0175, 0x00f1,
        0x00f2, 0x00f3, 0x00f4, 0x00f5, 0x00f6, 0x1e6b, 0x00f8, 0x00f9, 0x00fa, 0x00fb, 0x00fc,
        0x00fd, 0x0177, 0x00ff,
    ],
    [
        0x0000, 0x0001, 0x0002, 0x0003, 0x0004, 0x0005, 0x0006, 0x0007, 0x0008, 0x0009, 0x000a,
        0x000b, 0x000c, 0x000d, 0x000e, 0x000f, 0x0010, 0x0011, 0x0012, 0x0013, 0x0014, 0x0015,
        0x0016, 0x0017, 0x0018, 0x0019, 0x001a, 0x001b, 0x001c, 0x001d, 0x001e, 0x001f, 0x0020,
        0x0021, 0x0022, 0x0023, 0x0024, 0x0025, 0x0026, 0x0027, 0x0028, 0x0029, 0x002a, 0x002b,
        0x002c, 0x002d, 0x002e, 0x002f, 0x0030, 0x0031, 0x0032, 0x0033, 0x0034, 0x0035, 0x0036,
        0x0037, 0x0038, 0x0039, 0x003a, 0x003b, 0x003c, 0x003d, 0x003e, 0x003f, 0x0040, 0x0041,
        0x0042, 0x0043, 0x0044, 0x0045, 0x0046, 0x0047, 0x0048, 0x0049, 0x004a, 0x004b, 0x004c,
        0x004d, 0x004e, 0x004f, 0x0050, 0x0051, 0x0052, 0x0053, 0x0054, 0x0055, 0x0056, 0x0057,
        0x0058, 0x0059, 0x005a, 0x005b, 0x005c, 0x005d, 0x005e, 0x005f, 0x0060, 0x0061, 0x0062,
        0x0063, 0x0064, 0x0065, 0x0066, 0x0067, 0x0068, 0x0069, 0x006a, 0x006b, 0x006c, 0x006d,
        0x006e, 0x006f, 0x0070, 0x0071, 0x0072, 0x0073, 0x0074, 0x0075, 0x0076, 0x0077, 0x0078,
        0x0079, 0x007a, 0x007b, 0x007c, 0x007d, 0x007e, 0x007f, 0x0080, 0x0081, 0x0082, 0x0083,
        0x0084, 0x0085, 0x0086, 0x0087, 0x0088, 0x0089, 0x008a, 0x008b, 0x008c, 0x008d, 0x008e,
        0x008f, 0x0090, 0x0091, 0x0092, 0x0093, 0x0094, 0x0095, 0x0096, 0x0097, 0x0098, 0x0099,
        0x009a, 0x009b, 0x009c, 0x009d, 0x009e, 0x009f, 0x00a0, 0x00a1, 0x00a2, 0x00a3, 0x20ac,
        0x00a5, 0x0160, 0x00a7, 0x0161, 0x00a9, 0x00aa, 0x00ab, 0x00ac, 0x00ad, 0x00ae, 0x00af,
        0x00b0, 0x00b1, 0x00b2, 0x00b3, 0x017d, 0x00b5, 0x00b6, 0x00b7, 0x017e, 0x00b9, 0x00ba,
        0x00bb, 0x0152, 0x0153, 0x0178, 0x00bf, 0x00c0, 0x00c1, 0x00c2, 0x00c3, 0x00c4, 0x00c5,
        0x00c6, 0x00c7, 0x00c8, 0x00c9, 0x00ca, 0x00cb, 0x00cc, 0x00cd, 0x00ce, 0x00cf, 0x00d0,
        0x00d1, 0x00d2, 0x00d3, 0x00d4, 0x00d5, 0x00d6, 0x00d7, 0x00d8, 0x00d9, 0x00da, 0x00db,
        0x00dc, 0x00dd, 0x00de, 0x00df, 0x00e0, 0x00e1, 0x00e2, 0x00e3, 0x00e4, 0x00e5, 0x00e6,
        0x00e7, 0x00e8, 0x00e9, 0x00ea, 0x00eb, 0x00ec, 0x00ed, 0x00ee, 0x00ef, 0x00f0, 0x00f1,
        0x00f2, 0x00f3, 0x00f4, 0x00f5, 0x00f6, 0x00f7, 0x00f8, 0x00f9, 0x00fa, 0x00fb, 0x00fc,
        0x00fd, 0x00fe, 0x00ff,
    ],
    [
        0x0000, 0x0001, 0x0002, 0x0003, 0x0004, 0x0005, 0x0006, 0x0007, 0x0008, 0x0009, 0x000a,
        0x000b, 0x000c, 0x000d, 0x000e, 0x000f, 0x0010, 0x0011, 0x0012, 0x0013, 0x0014, 0x0015,
        0x0016, 0x0017, 0x0018, 0x0019, 0x001a, 0x001b, 0x001c, 0x001d, 0x001e, 0x001f, 0x0020,
        0x0021, 0x0022, 0x0023, 0x0024, 0x0025, 0x0026, 0x0027, 0x0028, 0x0029, 0x002a, 0x002b,
        0x002c, 0x002d, 0x002e, 0x002f, 0x0030, 0x0031, 0x0032, 0x0033, 0x0034, 0x0035, 0x0036,
        0x0037, 0x0038, 0x0039, 0x003a, 0x003b, 0x003c, 0x003d, 0x003e, 0x003f, 0x0040, 0x0041,
        0x0042, 0x0043, 0x0044, 0x0045, 0x0046, 0x0047, 0x0048, 0x0049, 0x004a, 0x004b, 0x004c,
        0x004d, 0x004e, 0x004f, 0x0050, 0x0051, 0x0052, 0x0053, 0x0054, 0x0055, 0x0056, 0x0057,
        0x0058, 0x0059, 0x005a, 0x005b, 0x005c, 0x005d, 0x005e, 0x005f, 0x0060, 0x0061, 0x0062,
        0x0063, 0x0064, 0x0065, 0x0066, 0x0067, 0x0068, 0x0069, 0x006a, 0x006b, 0x006c, 0x006d,
        0x006e, 0x006f, 0x0070, 0x0071, 0x0072, 0x0073, 0x0074, 0x0075, 0x0076, 0x0077, 0x0078,
        0x0079, 0x007a, 0x007b, 0x007c, 0x007d, 0x007e, 0x007f, 0x20ac, 0x0081, 0x0082, 0x0083,
        0x0084, 0x2026, 0x0086, 0x0087, 0x0088, 0x0089, 0x008a, 0x008b, 0x008c, 0x008d, 0x008e,
        0x008f, 0x0090, 0x2018, 0x2019, 0x201c, 0x201d, 0x2022, 0x2013, 0x2014, 0x0098, 0x0099,
        0x009a, 0x009b, 0x009c, 0x009d, 0x009e, 0x009f, 0x00a0, 0x0e01, 0x0e02, 0x0e03, 0x0e04,
        0x0e05, 0x0e06, 0x0e07, 0x0e08, 0x0e09, 0x0e0a, 0x0e0b, 0x0e0c, 0x0e0d, 0x0e0e, 0x0e0f,
        0x0e10, 0x0e11, 0x0e12, 0x0e13, 0x0e14, 0x0e15, 0x0e16, 0x0e17, 0x0e18, 0x0e19, 0x0e1a,
        0x0e1b, 0x0e1c, 0x0e1d, 0x0e1e, 0x0e1f, 0x0e20, 0x0e21, 0x0e22, 0x0e23, 0x0e24, 0x0e25,
        0x0e26, 0x0e27, 0x0e28, 0x0e29, 0x0e2a, 0x0e2b, 0x0e2c, 0x0e2d, 0x0e2e, 0x0e2f, 0x0e30,
        0x0e31, 0x0e32, 0x0e33, 0x0e34, 0x0e35, 0x0e36, 0x0e37, 0x0e38, 0x0e39, 0x0e3a, 0xf8c1,
        0xf8c2, 0xf8c3, 0xf8c4, 0x0e3f, 0x0e40, 0x0e41, 0x0e42, 0x0e43, 0x0e44, 0x0e45, 0x0e46,
        0x0e47, 0x0e48, 0x0e49, 0x0e4a, 0x0e4b, 0x0e4c, 0x0e4d, 0x0e4e, 0x0e4f, 0x0e50, 0x0e51,
        0x0e52, 0x0e53, 0x0e54, 0x0e55, 0x0e56, 0x0e57, 0x0e58, 0x0e59, 0x0e5a, 0x0e5b, 0xf8c5,
        0xf8c6, 0xf8c7, 0xf8c8,
    ],
    [
        0x0000, 0x0001, 0x0002, 0x0003, 0x0004, 0x0005, 0x0006, 0x0007, 0x0008, 0x0009, 0x000a,
        0x000b, 0x000c, 0x000d, 0x000e, 0x000f, 0x0010, 0x0011, 0x0012, 0x0013, 0x0014, 0x0015,
        0x0016, 0x0017, 0x0018, 0x0019, 0x001c, 0x001b, 0x007f, 0x001d, 0x001e, 0x001f, 0x0020,
        0x0021, 0x0022, 0x0023, 0x0024, 0x0025, 0x0026, 0x0027, 0x0028, 0x0029, 0x002a, 0x002b,
        0x002c, 0x002d, 0x002e, 0x002f, 0x0030, 0x0031, 0x0032, 0x0033, 0x0034, 0x0035, 0x0036,
        0x0037, 0x0038, 0x0039, 0x003a, 0x003b, 0x003c, 0x003d, 0x003e, 0x003f, 0x0040, 0x0041,
        0x0042, 0x0043, 0x0044, 0x0045, 0x0046, 0x0047, 0x0048, 0x0049, 0x004a, 0x004b, 0x004c,
        0x004d, 0x004e, 0x004f, 0x0050, 0x0051, 0x0052, 0x0053, 0x0054, 0x0055, 0x0056, 0x0057,
        0x0058, 0x0059, 0x005a, 0x005b, 0x005c, 0x005d, 0x005e, 0x005f, 0x0060, 0x0061, 0x0062,
        0x0063, 0x0064, 0x0065, 0x0066, 0x0067, 0x0068, 0x0069, 0x006a, 0x006b, 0x006c, 0x006d,
        0x006e, 0x006f, 0x0070, 0x0071, 0x0072, 0x0073, 0x0074, 0x0075, 0x0076, 0x0077, 0x0078,
        0x0079, 0x007a, 0x007b, 0x007c, 0x007d, 0x007e, 0x001a, 0xfffd, 0xfffd, 0xfffd, 0xfffd,
        0xfffd, 0xfffd, 0xfffd, 0xfffd, 0xfffd, 0xfffd, 0xfffd, 0xfffd, 0xfffd, 0xfffd, 0xfffd,
        0xfffd, 0xfffd, 0xfffd, 0xfffd, 0xfffd, 0xfffd, 0xfffd, 0xfffd, 0xfffd, 0xfffd, 0xfffd,
        0xfffd, 0xfffd, 0xfffd, 0xfffd, 0xfffd, 0xfffd, 0x0e48, 0x0e01, 0x0e02, 0x0e03, 0x0e04,
        0x0e05, 0x0e06, 0x0e07, 0x0e08, 0x0e09, 0x0e0a, 0x0e0b, 0x0e0c, 0x0e0d, 0x0e0e, 0x0e0f,
        0x0e10, 0x0e11, 0x0e12, 0x0e13, 0x0e14, 0x0e15, 0x0e16, 0x0e17, 0x0e18, 0x0e19, 0x0e1a,
        0x0e1b, 0x0e1c, 0x0e1d, 0x0e1e, 0x0e1f, 0x0e20, 0x0e21, 0x0e22, 0x0e23, 0x0e24, 0x0e25,
        0x0e26, 0x0e27, 0x0e28, 0x0e29, 0x0e2a, 0x0e2b, 0x0e2c, 0x0e2d, 0x0e2e, 0x0e2f, 0x0e30,
        0x0e31, 0x0e32, 0x0e33, 0x0e34, 0x0e35, 0x0e36, 0x0e37, 0x0e38, 0x0e39, 0x0e3a, 0x0e49,
        0x0e4a, 0x0e4b, 0x0e4c, 0x0e3f, 0x0e40, 0x0e41, 0x0e42, 0x0e43, 0x0e44, 0x0e45, 0x0e46,
        0x0e47, 0x0e48, 0x0e49, 0x0e4a, 0x0e4b, 0x0e4c, 0x0e4d, 0x0e4e, 0x0e4f, 0x0e50, 0x0e51,
        0x0e52, 0x0e53, 0x0e54, 0x0e55, 0x0e56, 0x0e57, 0x0e58, 0x0e59, 0x0e5a, 0x0e5b, 0x00a2,
        0x00ac, 0x00a6, 0x00a0,
    ],
    [
        0x0000, 0x0001, 0x0002, 0x0003, 0x0004, 0x0005, 0x0006, 0x0007, 0x0008, 0x0009, 0x000a,
        0x000b, 0x000c, 0x000d, 0x000e, 0x000f, 0x0010, 0x0011, 0x0012, 0x0013, 0x0014, 0x0015,
        0x0016, 0x0017, 0x0018, 0x0019, 0x001a, 0x001b, 0x001c, 0x001d, 0x001e, 0x001f, 0x0020,
        0x0021, 0x0022, 0x0023, 0x0024, 0x0025, 0x0026, 0x0027, 0x0028, 0x0029, 0x002a, 0x002b,
        0x002c, 0x002d, 0x002e, 0x002f, 0x0030, 0x0031, 0x0032, 0x0033, 0x0034, 0x0035, 0x0036,
        0x0037, 0x0038, 0x0039, 0x003a, 0x003b, 0x003c, 0x003d, 0x003e, 0x003f, 0x0040, 0x0041,
        0x0042, 0x0043, 0x0044, 0x0045, 0x0046, 0x0047, 0x0048, 0x0049, 0x004a, 0x004b, 0x004c,
        0x004d, 0x004e, 0x004f, 0x0050, 0x0051, 0x0052, 0x0053, 0x0054, 0x0055, 0x0056, 0x0057,
        0x0058, 0x0059, 0x005a, 0x005b, 0x005c, 0x005d, 0x005e, 0x005f, 0x0060, 0x0061, 0x0062,
        0x0063, 0x0064, 0x0065, 0x0066, 0x0067, 0x0068, 0x0069, 0x006a, 0x006b, 0x006c, 0x006d,
        0x006e, 0x006f, 0x0070, 0x0071, 0x0072, 0x0073, 0x0074, 0x0075, 0x0076, 0x0077, 0x0078,
        0x0079, 0x007a, 0x007b, 0x007c, 0x007d, 0x007e, 0x007f, 0x20ac, 0x0081, 0x0082, 0x0083,
        0x0084, 0x2026, 0x0086, 0x0087, 0x0088, 0x0089, 0x008a, 0x008b, 0x008c, 0x008d, 0x008e,
        0x008f, 0x0090, 0x2018, 0x2019, 0x201c, 0x201d, 0x2022, 0x2013, 0x2014, 0x0098, 0x0099,
        0x009a, 0x009b, 0x009c, 0x009d, 0x009e, 0x009f, 0x00a0, 0x0e01, 0x0e02, 0x0e03, 0x0e04,
        0x0e05, 0x0e06, 0x0e07, 0x0e08, 0x0e09, 0x0e0a, 0x0e0b, 0x0e0c, 0x0e0d, 0x0e0e, 0x0e0f,
        0x0e10, 0x0e11, 0x0e12, 0x0e13, 0x0e14, 0x0e15, 0x0e16, 0x0e17, 0x0e18, 0x0e19, 0x0e1a,
        0x0e1b, 0x0e1c, 0x0e1d, 0x0e1e, 0x0e1f, 0x0e20, 0x0e21, 0x0e22, 0x0e23, 0x0e24, 0x0e25,
        0x0e26, 0x0e27, 0x0e28, 0x0e29, 0x0e2a, 0x0e2b, 0x0e2c, 0x0e2d, 0x0e2e, 0x0e2f, 0x0e30,
        0x0e31, 0x0e32, 0x0e33, 0x0e34, 0x0e35, 0x0e36, 0x0e37, 0x0e38, 0x0e39, 0x0e3a, 0xfffd,
        0xfffd, 0xfffd, 0xfffd, 0x0e3f, 0x0e40, 0x0e41, 0x0e42, 0x0e43, 0x0e44, 0x0e45, 0x0e46,
        0x0e47, 0x0e48, 0x0e49, 0x0e4a, 0x0e4b, 0x0e4c, 0x0e4d, 0x0e4e, 0x0e4f, 0x0e50, 0x0e51,
        0x0e52, 0x0e53, 0x0e54, 0x0e55, 0x0e56, 0x0e57, 0x0e58, 0x0e59, 0x0e5a, 0x0e5b, 0xfffd,
        0xfffd, 0xfffd, 0xfffd,
    ],
    [
        0x0000, 0x0001, 0x0002, 0x0003, 0x0004, 0x0005, 0x0006, 0x0007, 0x0008, 0x0009, 0x000a,
        0x000b, 0x000c, 0x000d, 0x000e, 0x000f, 0x0010, 0x0011, 0x0012, 0x0013, 0x0014, 0x0015,
        0x0016, 0x0017, 0x0018, 0x0019, 0x001c, 0x001b, 0x007f, 0x001d, 0x001e, 0x001f, 0x0020,
        0x0021, 0x0022, 0x0023, 0x0024, 0x0025, 0x0026, 0x0027, 0x0028, 0x0029, 0x002a, 0x002b,
        0x002c, 0x002d, 0x002e, 0x002f, 0x0030, 0x0031, 0x0032, 0x0033, 0x0034, 0x0035, 0x0036,
        0x0037, 0x0038, 0x0039, 0x003a, 0x003b, 0x003c, 0x003d, 0x003e, 0x003f, 0x0040, 0x0041,
        0x0042, 0x0043, 0x0044, 0x0045, 0x0046, 0x0047, 0x0048, 0x0049, 0x004a, 0x004b, 0x004c,
        0x004d, 0x004e, 0x004f, 0x0050, 0x0051, 0x0052, 0x0053, 0x0054, 0x0055, 0x0056, 0x0057,
        0x0058, 0x0059, 0x005a, 0x005b, 0x005c, 0x005d, 0x005e, 0x005f, 0x0060, 0x0061, 0x0062,
        0x0063, 0x0064, 0x0065, 0x0066, 0x0067, 0x0068, 0x0069, 0x006a, 0x006b, 0x006c, 0x006d,
        0x006e, 0x006f, 0x0070, 0x0071, 0x0072, 0x0073, 0x0074, 0x0075, 0x0076, 0x0077, 0x0078,
        0x0079, 0x007a, 0x007b, 0x007c, 0x007d, 0x007e, 0x001a, 0x00c7, 0x00fc, 0x00e9, 0x00e2,
        0x00e4, 0x00e0, 0x00e5, 0x00e7, 0x00ea, 0x00eb, 0x00e8, 0x00ef, 0x00ee, 0x00ec, 0x00c4,
        0x00c5, 0x00c9, 0x00e6, 0x00c6, 0x00f4, 0x00f6, 0x00f2, 0x00fb, 0x00f9, 0x00ff, 0x00d6,
        0x00dc, 0x00a2, 0x00a3, 0x00a5, 0x20a7, 0x0192, 0x00e1, 0x00ed, 0x00f3, 0x00fa, 0x00f1,
        0x00d1, 0x00aa, 0x00ba, 0x00bf, 0x2310, 0x00ac, 0x00bd, 0x00bc, 0x00a1, 0x00ab, 0x00bb,
        0x2591, 0x2592, 0x2593, 0x2502, 0x2524, 0x2561, 0x2562, 0x2556, 0x2555, 0x2563, 0x2551,
        0x2557, 0x255d, 0x255c, 0x255b, 0x2510, 0x2514, 0x2534, 0x252c, 0x251c, 0x2500, 0x253c,
        0x255e, 0x255f, 0x255a, 0x2554, 0x2569, 0x2566, 0x2560, 0x2550, 0x256c, 0x2567, 0x2568,
        0x2564, 0x2565, 0x2559, 0x2558, 0x2552, 0x2553, 0x256b, 0x256a, 0x2518, 0x250c, 0x2588,
        0x2584, 0x258c, 0x2590, 0x2580, 0x03b1, 0x00df, 0x0393, 0x03c0, 0x03a3, 0x03c3, 0x03bc,
        0x03c4, 0x03a6, 0x0398, 0x03a9, 0x03b4, 0x221e, 0x03c6, 0x03b5, 0x2229, 0x2261, 0x00b1,
        0x2265, 0x2264, 0x2320, 0x2321, 0x00f7, 0x2248, 0x00b0, 0x2219, 0x00b7, 0x221a, 0x207f,
        0x00b2, 0x25a0, 0x00a0,
    ],
    [
        0x0000, 0x0001, 0x0002, 0x0003, 0x0004, 0x0005, 0x0006, 0x0007, 0x0008, 0x0009, 0x000a,
        0x000b, 0x000c, 0x000d, 0x000e, 0x000f, 0x0010, 0x0011, 0x0012, 0x0013, 0x0014, 0x0015,
        0x0016, 0x0017, 0x0018, 0x0019, 0x001c, 0x001b, 0x007f, 0x001d, 0x001e, 0x001f, 0x0020,
        0x0021, 0x0022, 0x0023, 0x0024, 0x0025, 0x0026, 0x0027, 0x0028, 0x0029, 0x002a, 0x002b,
        0x002c, 0x002d, 0x002e, 0x002f, 0x0030, 0x0031, 0x0032, 0x0033, 0x0034, 0x0035, 0x0036,
        0x0037, 0x0038, 0x0039, 0x003a, 0x003b, 0x003c, 0x003d, 0x003e, 0x003f, 0x0040, 0x0041,
        0x0042, 0x0043, 0x0044, 0x0045, 0x0046, 0x0047, 0x0048, 0x0049, 0x004a, 0x004b, 0x004c,
        0x004d, 0x004e, 0x004f, 0x0050, 0x0051, 0x0052, 0x0053, 0x0054, 0x0055, 0x0056, 0x0057,
        0x0058, 0x0059, 0x005a, 0x005b, 0x005c, 0x005d, 0x005e, 0x005f, 0x0060, 0x0061, 0x0062,
        0x0063, 0x0064, 0x0065, 0x0066, 0x0067, 0x0068, 0x0069, 0x006a, 0x006b, 0x006c, 0x006d,
        0x006e, 0x006f, 0x0070, 0x0071, 0x0072, 0x0073, 0x0074, 0x0075, 0x0076, 0x0077, 0x0078,
        0x0079, 0x007a, 0x007b, 0x007c, 0x007d, 0x007e, 0x001a, 0xfffd, 0xfffd, 0x00e9, 0x00e2,
        0xfffd, 0x00e0, 0xfffd, 0x00e7, 0x00ea, 0x00eb, 0x00e8, 0x00ef, 0x00ee, 0xfffd, 0xfffd,
        0xfffd, 0xfffd, 0x0651, 0x0652, 0x00f4, 0x00a4, 0x0640, 0x00fb, 0x00f9, 0x0621, 0x0622,
        0x0623, 0x0624, 0x00a3, 0x0625, 0x0626, 0x0627, 0x0628, 0x0629, 0x062a, 0x062b, 0x062c,
        0x062d, 0x062e, 0x062f, 0x0630, 0x0631, 0x0632, 0x0633, 0x0634, 0x0635, 0x00ab, 0x00bb,
        0x2591, 0x2592, 0x2593, 0x2502, 0x2524, 0x2561, 0x2562, 0x2556, 0x2555, 0x2563, 0x2551,
        0x2557, 0x255d, 0x255c, 0x255b, 0x2510, 0x2514, 0x2534, 0x252c, 0x251c, 0x2500, 0x253c,
        0x255e, 0x255f, 0x255a, 0x2554, 0x2569, 0x2566, 0x2560, 0x2550, 0x256c, 0x2567, 0x2568,
        0x2564, 0x2565, 0x2559, 0x2558, 0x2552, 0x2553, 0x256b, 0x256a, 0x2518, 0x250c, 0x2588,
        0x2584, 0x258c, 0x2590, 0x2580, 0x0636, 0x0637, 0x0638, 0x0639, 0x063a, 0x0641, 0x00b5,
        0x0642, 0x0643, 0x0644, 0x0645, 0x0646, 0x0647, 0x0648, 0x0649, 0x064a, 0x2261, 0x064b,
        0x064c, 0x064d, 0x064e, 0x064f, 0x0650, 0x2248, 0x00b0, 0x2219, 0x00b7, 0x221a, 0x207f,
        0x00b2, 0x25a0, 0x00a0,
    ],
    [
        0x0000, 0x0001, 0x0002, 0x0003, 0x0004, 0x0005, 0x0006, 0x0007, 0x0008, 0x0009, 0x000a,
        0x000b, 0x000c, 0x000d, 0x000e, 0x000f, 0x0010, 0x0011, 0x0012, 0x0013, 0x0014, 0x0015,
        0x0016, 0x0017, 0x0018, 0x0019, 0x001c, 0x001b, 0x007f, 0x001d, 0x001e, 0x001f, 0x0020,
        0x0021, 0x0022, 0x0023, 0x0024, 0x0025, 0x0026, 0x0027, 0x0028, 0x0029, 0x002a, 0x002b,
        0x002c, 0x002d, 0x002e, 0x002f, 0x0030, 0x0031, 0x0032, 0x0033, 0x0034, 0x0035, 0x0036,
        0x0037, 0x0038, 0x0039, 0x003a, 0x003b, 0x003c, 0x003d, 0x003e, 0x003f, 0x0040, 0x0041,
        0x0042, 0x0043, 0x0044, 0x0045, 0x0046, 0x0047, 0x0048, 0x0049, 0x004a, 0x004b, 0x004c,
        0x004d, 0x004e, 0x004f, 0x0050, 0x0051, 0x0052, 0x0053, 0x0054, 0x0055, 0x0056, 0x0057,
        0x0058, 0x0059, 0x005a, 0x005b, 0x005c, 0x005d, 0x005e, 0x005f, 0x0060, 0x0061, 0x0062,
        0x0063, 0x0064, 0x0065, 0x0066, 0x0067, 0x0068, 0x0069, 0x006a, 0x006b, 0x006c, 0x006d,
        0x006e, 0x006f, 0x0070, 0x0071, 0x0072, 0x0073, 0x0074, 0x0075, 0x0076, 0x0077, 0x0078,
        0x0079, 0x007a, 0x007b, 0x007c, 0x007d, 0x007e, 0x001a, 0x0391, 0x0392, 0x0393, 0x0394,
        0x0395, 0x0396, 0x0397, 0x0398, 0x0399, 0x039a, 0x039b, 0x039c, 0x039d, 0x039e, 0x039f,
        0x03a0, 0x03a1, 0x03a3, 0x03a4, 0x03a5, 0x03a6, 0x03a7, 0x03a8, 0x03a9, 0x03b1, 0x03b2,
        0x03b3, 0x03b4, 0x03b5, 0x03b6, 0x03b7, 0x03b8, 0x03b9, 0x03ba, 0x03bb, 0x03bc, 0x03bd,
        0x03be, 0x03bf, 0x03c0, 0x03c1, 0x03c3, 0x03c2, 0x03c4, 0x03c5, 0x03c6, 0x03c7, 0x03c8,
        0x2591, 0x2592, 0x2593, 0x2502, 0x2524, 0x2561, 0x2562, 0x2556, 0x2555, 0x2563, 0x2551,
        0x2557, 0x255d, 0x255c, 0x255b, 0x2510, 0x2514, 0x2534, 0x252c, 0x251c, 0x2500, 0x253c,
        0x255e, 0x255f, 0x255a, 0x2554, 0x2569, 0x2566, 0x2560, 0x2550, 0x256c, 0x2567, 0x2568,
        0x2564, 0x2565, 0x2559, 0x2558, 0x2552, 0x2553, 0x256b, 0x256a, 0x2518, 0x250c, 0x2588,
        0x2584, 0x258c, 0x2590, 0x2580, 0x03c9, 0x03ac, 0x03ad, 0x03ae, 0x03ca, 0x03af, 0x03cc,
        0x03cd, 0x03cb, 0x03ce, 0x0386, 0x0388, 0x0389, 0x038a, 0x038c, 0x038e, 0x038f, 0x00b1,
        0x2265, 0x2264, 0x03aa, 0x03ab, 0x00f7, 0x2248, 0x00b0, 0x2219, 0x00b7, 0x221a, 0x207f,
        0x00b2, 0x25a0, 0x00a0,
    ],
    [
        0x0000, 0x0001, 0x0002, 0x0003, 0x0004, 0x0005, 0x0006, 0x0007, 0x0008, 0x0009, 0x000a,
        0x000b, 0x000c, 0x000d, 0x000e, 0x000f, 0x0010, 0x0011, 0x0012, 0x0013, 0x0014, 0x0015,
        0x0016, 0x0017, 0x0018, 0x0019, 0x001c, 0x001b, 0x007f, 0x001d, 0x001e, 0x001f, 0x0020,
        0x0021, 0x0022, 0x0023, 0x0024, 0x0025, 0x0026, 0x0027, 0x0028, 0x0029, 0x002a, 0x002b,
        0x002c, 0x002d, 0x002e, 0x002f, 0x0030, 0x0031, 0x0032, 0x0033, 0x0034, 0x0035, 0x0036,
        0x0037, 0x0038, 0x0039, 0x003a, 0x003b, 0x003c, 0x003d, 0x003e, 0x003f, 0x0040, 0x0041,
        0x0042, 0x0043, 0x0044, 0x0045, 0x0046, 0x0047, 0x0048, 0x0049, 0x004a, 0x004b, 0x004c,
        0x004d, 0x004e, 0x004f, 0x0050, 0x0051, 0x0052, 0x0053, 0x0054, 0x0055, 0x0056, 0x0057,
        0x0058, 0x0059, 0x005a, 0x005b, 0x005c, 0x005d, 0x005e, 0x005f, 0x0060, 0x0061, 0x0062,
        0x0063, 0x0064, 0x0065, 0x0066, 0x0067, 0x0068, 0x0069, 0x006a, 0x006b, 0x006c, 0x006d,
        0x006e, 0x006f, 0x0070, 0x0071, 0x0072, 0x0073, 0x0074, 0x0075, 0x0076, 0x0077, 0x0078,
        0x0079, 0x007a, 0x007b, 0x007c, 0x007d, 0x007e, 0x001a, 0x0106, 0x00fc, 0x00e9, 0x0101,
        0x00e4, 0x0123, 0x00e5, 0x0107, 0x0142, 0x0113, 0x0156, 0x0157, 0x012b, 0x0179, 0x00c4,
        0x00c5, 0x00c9, 0x00e6, 0x00c6, 0x014d, 0x00f6, 0x0122, 0x00a2, 0x015a, 0x015b, 0x00d6,
        0x00dc, 0x00f8, 0x00a3, 0x00d8, 0x00d7, 0x00a4, 0x0100, 0x012a, 0x00f3, 0x017b, 0x017c,
        0x017a, 0x201d, 0x00a6, 0x00a9, 0x00ae, 0x00ac, 0x00bd, 0x00bc, 0x0141, 0x00ab, 0x00bb,
        0x2591, 0x2592, 0x2593, 0x2502, 0x2524, 0x0104, 0x010c, 0x0118, 0x0116, 0x2563, 0x2551,
        0x2557, 0x255d, 0x012e, 0x0160, 0x2510, 0x2514, 0x2534, 0x252c, 0x251c, 0x2500, 0x253c,
        0x0172, 0x016a, 0x255a, 0x2554, 0x2569, 0x2566, 0x2560, 0x2550, 0x256c, 0x017d, 0x0105,
        0x010d, 0x0119, 0x0117, 0x012f, 0x0161, 0x0173, 0x016b, 0x017e, 0x2518, 0x250c, 0x2588,
        0x2584, 0x258c, 0x2590, 0x2580, 0x00d3, 0x00df, 0x014c, 0x0143, 0x00f5, 0x00d5, 0x00b5,
        0x0144, 0x0136, 0x0137, 0x013b, 0x013c, 0x0146, 0x0112, 0x0145, 0x2019, 0x00ad, 0x00b1,
        0x201c, 0x00be, 0x00b6, 0x00a7, 0x00f7, 0x201e, 0x00b0, 0x2219, 0x00b7, 0x00b9, 0x00b3,
        0x00b2, 0x25a0, 0x00a0,
    ],
    [
        0x0000, 0x0001, 0x0002, 0x0003, 0x0004, 0x0005, 0x0006, 0x0007, 0x0008, 0x0009, 0x000a,
        0x000b, 0x000c, 0x000d, 0x000e, 0x000f, 0x0010, 0x0011, 0x0012, 0x0013, 0x0014, 0x0015,
        0x0016, 0x0017, 0x0018, 0x0019, 0x001c, 0x001b, 0x007f, 0x001d, 0x001e, 0x001f, 0x0020,
        0x0021, 0x0022, 0x0023, 0x0024, 0x0025, 0x0026, 0x0027, 0x0028, 0x0029, 0x002a, 0x002b,
        0x002c, 0x002d, 0x002e, 0x002f, 0x0030, 0x0031, 0x0032, 0x0033, 0x0034, 0x0035, 0x0036,
        0x0037, 0x0038, 0x0039, 0x003a, 0x003b, 0x003c, 0x003d, 0x003e, 0x003f, 0x0040, 0x0041,
        0x0042, 0x0043, 0x0044, 0x0045, 0x0046, 0x0047, 0x0048, 0x0049, 0x004a, 0x004b, 0x004c,
        0x004d, 0x004e, 0x004f, 0x0050, 0x0051, 0x0052, 0x0053, 0x0054, 0x0055, 0x0056, 0x0057,
        0x0058, 0x0059, 0x005a, 0x005b, 0x005c, 0x005d, 0x005e, 0x005f, 0x0060, 0x0061, 0x0062,
        0x0063, 0x0064, 0x0065, 0x0066, 0x0067, 0x0068, 0x0069, 0x006a, 0x006b, 0x006c, 0x006d,
        0x006e, 0x006f, 0x0070, 0x0071, 0x0072, 0x0073, 0x0074, 0x0075, 0x0076, 0x0077, 0x0078,
        0x0079, 0x007a, 0x007b, 0x007c, 0x007d, 0x007e, 0x001a, 0x00c7, 0x00fc, 0x00e9, 0x00e2,
        0x00e4, 0x00e0, 0x00e5, 0x00e7, 0x00ea, 0x00eb, 0x00e8, 0x00ef, 0x00ee, 0x00ec, 0x00c4,
        0x00c5, 0x00c9, 0x00e6, 0x00c6, 0x00f4, 0x00f6, 0x00f2, 0x00fb, 0x00f9, 0x00ff, 0x00d6,
        0x00dc, 0x00f8, 0x00a3, 0x00d8, 0x00d7, 0x0192, 0x00e1, 0x00ed, 0x00f3, 0x00fa, 0x00f1,
        0x00d1, 0x00aa, 0x00ba, 0x00bf, 0x00ae, 0x00ac, 0x00bd, 0x00bc, 0x00a1, 0x00ab, 0x00bb,
        0x2591, 0x2592, 0x2593, 0x2502, 0x2524, 0x00c1, 0x00c2, 0x00c0, 0x00a9, 0x2563, 0x2551,
        0x2557, 0x255d, 0x00a2, 0x00a5, 0x2510, 0x2514, 0x2534, 0x252c, 0x251c, 0x2500, 0x253c,
        0x00e3, 0x00c3, 0x255a, 0x2554, 0x2569, 0x2566, 0x2560, 0x2550, 0x256c, 0x00a4, 0x00f0,
        0x00d0, 0x00ca, 0x00cb, 0x00c8, 0x0131, 0x00cd, 0x00ce, 0x00cf, 0x2518, 0x250c, 0x2588,
        0x2584, 0x00a6, 0x00cc, 0x2580, 0x00d3, 0x00df, 0x00d4, 0x00d2, 0x00f5, 0x00d5, 0x00b5,
        0x00fe, 0x00de, 0x00da, 0x00db, 0x00d9, 0x00fd, 0x00dd, 0x00af, 0x00b4, 0x00ad, 0x00b1,
        0x2017, 0x00be, 0x00b6, 0x00a7, 0x00f7, 0x00b8, 0x00b0, 0x00a8, 0x00b7, 0x00b9, 0x00b3,
        0x00b2, 0x25a0, 0x00a0,
    ],
    [
        0x0000, 0x0001, 0x0002, 0x0003, 0x0004, 0x0005, 0x0006, 0x0007, 0x0008, 0x0009, 0x000a,
        0x000b, 0x000c, 0x000d, 0x000e, 0x000f, 0x0010, 0x0011, 0x0012, 0x0013, 0x0014, 0x0015,
        0x0016, 0x0017, 0x0018, 0x0019, 0x001c, 0x001b, 0x007f, 0x001d, 0x001e, 0x001f, 0x0020,
        0x0021, 0x0022, 0x0023, 0x0024, 0x0025, 0x0026, 0x0027, 0x0028, 0x0029, 0x002a, 0x002b,
        0x002c, 0x002d, 0x002e, 0x002f, 0x0030, 0x0031, 0x0032, 0x0033, 0x0034, 0x0035, 0x0036,
        0x0037, 0x0038, 0x0039, 0x003a, 0x003b, 0x003c, 0x003d, 0x003e, 0x003f, 0x0040, 0x0041,
        0x0042, 0x0043, 0x0044, 0x0045, 0x0046, 0x0047, 0x0048, 0x0049, 0x004a, 0x004b, 0x004c,
        0x004d, 0x004e, 0x004f, 0x0050, 0x0051, 0x0052, 0x0053, 0x0054, 0x0055, 0x0056, 0x0057,
        0x0058, 0x0059, 0x005a, 0x005b, 0x005c, 0x005d, 0x005e, 0x005f, 0x0060, 0x0061, 0x0062,
        0x0063, 0x0064, 0x0065, 0x0066, 0x0067, 0x0068, 0x0069, 0x006a, 0x006b, 0x006c, 0x006d,
        0x006e, 0x006f, 0x0070, 0x0071, 0x0072, 0x0073, 0x0074, 0x0075, 0x0076, 0x0077, 0x0078,
        0x0079, 0x007a, 0x007b, 0x007c, 0x007d, 0x007e, 0x001a, 0x00c7, 0x00fc, 0x00e9, 0x00e2,
        0x00e4, 0x00e0, 0x0386, 0x00e7, 0x00ea, 0x00eb, 0x00e8, 0x00ef, 0x00ee, 0x0388, 0x00c4,
        0x0389, 0x038a, 0xfffd, 0x038c, 0x00f4, 0x00f6, 0x038e, 0x00fb, 0x00f9, 0x038f, 0x00d6,
        0x00dc, 0x03ac, 0x00a3, 0x03ad, 0x03ae, 0x03af, 0x03ca, 0x0390, 0x03cc, 0x03cd, 0x0391,
        0x0392, 0x0393, 0x0394, 0x0395, 0x0396, 0x0397, 0x00bd, 0x0398, 0x0399, 0x00ab, 0x00bb,
        0x2591, 0x2592, 0x2593, 0x2502, 0x2524, 0x039a, 0x039b, 0x039c, 0x039d, 0x2563, 0x2551,
        0x2557, 0x255d, 0x039e, 0x039f, 0x2510, 0x2514, 0x2534, 0x252c, 0x251c, 0x2500, 0x253c,
        0x03a0, 0x03a1, 0x255a, 0x2554, 0x2569, 0x2566, 0x2560, 0x2550, 0x256c, 0x03a3, 0x03a4,
        0x03a5, 0x03a6, 0x03a7, 0x03a8, 0x03a9, 0x03b1, 0x03b2, 0x03b3, 0x2518, 0x250c, 0x2588,
        0x2584, 0x03b4, 0x03b5, 0x2580, 0x03b6, 0x03b7, 0x03b8, 0x03b9, 0x03ba, 0x03bb, 0x03bc,
        0x03bd, 0x03be, 0x03bf, 0x03c0, 0x03c1, 0x03c3, 0x03c2, 0x03c4, 0x00b4, 0x00ad, 0x00b1,
        0x03c5, 0x03c6, 0x03c7, 0x00a7, 0x03c8, 0x00b8, 0x00b0, 0x00a8, 0x03c9, 0x03cb, 0x03b0,
        0x03ce, 0x25a0, 0x00a0,
    ],
    [
        0x0000, 0x0001, 0x0002, 0x0003, 0x0004, 0x0005, 0x0006, 0x0007, 0x0008, 0x0009, 0x000a,
        0x000b, 0x000c, 0x000d, 0x000e, 0x000f, 0x0010, 0x0011, 0x0012, 0x0013, 0x0014, 0x0015,
        0x0016, 0x0017, 0x0018, 0x0019, 0x001c, 0x001b, 0x007f, 0x001d, 0x001e, 0x001f, 0x0020,
        0x0021, 0x0022, 0x0023, 0x0024, 0x0025, 0x0026, 0x0027, 0x0028, 0x0029, 0x002a, 0x002b,
        0x002c, 0x002d, 0x002e, 0x002f, 0x0030, 0x0031, 0x0032, 0x0033, 0x0034, 0x0035, 0x0036,
        0x0037, 0x0038, 0x0039, 0x003a, 0x003b, 0x003c, 0x003d, 0x003e, 0x003f, 0x0040, 0x0041,
        0x0042, 0x0043, 0x0044, 0x0045, 0x0046, 0x0047, 0x0048, 0x0049, 0x004a, 0x004b, 0x004c,
        0x004d, 0x004e, 0x004f, 0x0050, 0x0051, 0x0052, 0x0053, 0x0054, 0x0055, 0x0056, 0x0057,
        0x0058, 0x0059, 0x005a, 0x005b, 0x005c, 0x005d, 0x005e, 0x005f, 0x0060, 0x0061, 0x0062,
        0x0063, 0x0064, 0x0065, 0x0066, 0x0067, 0x0068, 0x0069, 0x006a, 0x006b, 0x006c, 0x006d,
        0x006e, 0x006f, 0x0070, 0x0071, 0x0072, 0x0073, 0x0074, 0x0075, 0x0076, 0x0077, 0x0078,
        0x0079, 0x007a, 0x007b, 0x007c, 0x007d, 0x007e, 0x001a, 0x00c7, 0x00fc, 0x00e9, 0x00e2,
        0x00e4, 0x016f, 0x0107, 0x00e7, 0x0142, 0x00eb, 0x0150, 0x0151, 0x00ee, 0x0179, 0x00c4,
        0x0106, 0x00c9, 0x0139, 0x013a, 0x00f4, 0x00f6, 0x013d, 0x013e, 0x015a, 0x015b, 0x00d6,
        0x00dc, 0x0164, 0x0165, 0x0141, 0x00d7, 0x010d, 0x00e1, 0x00ed, 0x00f3, 0x00fa, 0x0104,
        0x0105, 0x017d, 0x017e, 0x0118, 0x0119, 0xfffd, 0x017a, 0x010c, 0x015f, 0x00ab, 0x00bb,
        0x2591, 0x2592, 0x2593, 0x2502, 0x2524, 0x00c1, 0x00c2, 0x011a, 0x015e, 0x2563, 0x2551,
        0x2557, 0x255d, 0x017b, 0x017c, 0x2510, 0x2514, 0x2534, 0x252c, 0x251c, 0x2500, 0x253c,
        0x0102, 0x0103, 0x255a, 0x2554, 0x2569, 0x2566, 0x2560, 0x2550, 0x256c, 0x00a4, 0x0111,
        0x0110, 0x010e, 0x00cb, 0x010f, 0x0147, 0x00cd, 0x00ce, 0x011b, 0x2518, 0x250c, 0x2588,
        0x2584, 0x0162, 0x016e, 0x2580, 0x00d3, 0x00df, 0x00d4, 0x0143, 0x0144, 0x0148, 0x0160,
        0x0161, 0x0154, 0x00da, 0x0155, 0x0170, 0x00fd, 0x00dd, 0x0163, 0x00b4, 0x00ad, 0x02dd,
        0x02db, 0x02c7, 0x02d8, 0x00a7, 0x00f7, 0x00b8, 0x00b0, 0x00a8, 0x02d9, 0x0171, 0x0158,
        0x0159, 0x25a0, 0x00a0,
    ],
    [
        0x0000, 0x0001, 0x0002, 0x0003, 0x0004, 0x0005, 0x0006, 0x0007, 0x0008, 0x0009, 0x000a,
        0x000b, 0x000c, 0x000d, 0x000e, 0x000f, 0x0010, 0x0011, 0x0012, 0x0013, 0x0014, 0x0015,
        0x0016, 0x0017, 0x0018, 0x0019, 0x001c, 0x001b, 0x007f, 0x001d, 0x001e, 0x001f, 0x0020,
        0x0021, 0x0022, 0x0023, 0x0024, 0x0025, 0x0026, 0x0027, 0x0028, 0x0029, 0x002a, 0x002b,
        0x002c, 0x002d, 0x002e, 0x002f, 0x0030, 0x0031, 0x0032, 0x0033, 0x0034, 0x0035, 0x0036,
        0x0037, 0x0038, 0x0039, 0x003a, 0x003b, 0x003c, 0x003d, 0x003e, 0x003f, 0x0040, 0x0041,
        0x0042, 0x0043, 0x0044, 0x0045, 0x0046, 0x0047, 0x0048, 0x0049, 0x004a, 0x004b, 0x004c,
        0x004d, 0x004e, 0x004f, 0x0050, 0x0051, 0x0052, 0x0053, 0x0054, 0x0055, 0x0056, 0x0057,
        0x0058, 0x0059, 0x005a, 0x005b, 0x005c, 0x005d, 0x005e, 0x005f, 0x0060, 0x0061, 0x0062,
        0x0063, 0x0064, 0x0065, 0x0066, 0x0067, 0x0068, 0x0069, 0x006a, 0x006b, 0x006c, 0x006d,
        0x006e, 0x006f, 0x0070, 0x0071, 0x0072, 0x0073, 0x0074, 0x0075, 0x0076, 0x0077, 0x0078,
        0x0079, 0x007a, 0x007b, 0x007c, 0x007d, 0x007e, 0x001a, 0x0452, 0x0402, 0x0453, 0x0403,
        0x0451, 0x0401, 0x0454, 0x0404, 0x0455, 0x0405, 0x0456, 0x0406, 0x0457, 0x0407, 0x0458,
        0x0408, 0x0459, 0x0409, 0x045a, 0x040a, 0x045b, 0x040b, 0x045c, 0x040c, 0x045e, 0x040e,
        0x045f, 0x040f, 0x044e, 0x042e, 0x044a, 0x042a, 0x0430, 0x0410, 0x0431, 0x0411, 0x0446,
        0x0426, 0x0434, 0x0414, 0x0435, 0x0415, 0x0444, 0x0424, 0x0433, 0x0413, 0x00ab, 0x00bb,
        0x2591, 0x2592, 0x2593, 0x2502, 0x2524, 0x0445, 0x0425, 0x0438, 0x0418, 0x2563, 0x2551,
        0x2557, 0x255d, 0x0439, 0x0419, 0x2510, 0x2514, 0x2534, 0x252c, 0x251c, 0x2500, 0x253c,
        0x043a, 0x041a, 0x255a, 0x2554, 0x2569, 0x2566, 0x2560, 0x2550, 0x256c, 0x00a4, 0x043b,
        0x041b, 0x043c, 0x041c, 0x043d, 0x041d, 0x043e, 0x041e, 0x043f, 0x2518, 0x250c, 0x2588,
        0x2584, 0x041f, 0x044f, 0x2580, 0x042f, 0x0440, 0x0420, 0x0441, 0x0421, 0x0442, 0x0422,
        0x0443, 0x0423, 0x0436, 0x0416, 0x0432, 0x0412, 0x044c, 0x042c, 0x2116, 0x00ad, 0x044b,
        0x042b, 0x0437, 0x0417, 0x0448, 0x0428, 0x044d, 0x042d, 0x0449, 0x0429, 0x0447, 0x0427,
        0x00a7, 0x25a0, 0x00a0,
    ],
    [
        0x0000, 0x0001, 0x0002, 0x0003, 0x0004, 0x0005, 0x0006, 0x0007, 0x0008, 0x0009, 0x000a,
        0x000b, 0x000c, 0x000d, 0x000e, 0x000f, 0x0010, 0x0011, 0x0012, 0x0013, 0x0014, 0x0015,
        0x0016, 0x0017, 0x0018, 0x0019, 0x001c, 0x001b, 0x007f, 0x001d, 0x001e, 0x001f, 0x0020,
        0x0021, 0x0022, 0x0023, 0x0024, 0x0025, 0x0026, 0x0027, 0x0028, 0x0029, 0x002a, 0x002b,
        0x002c, 0x002d, 0x002e, 0x002f, 0x0030, 0x0031, 0x0032, 0x0033, 0x0034, 0x0035, 0x0036,
        0x0037, 0x0038, 0x0039, 0x003a, 0x003b, 0x003c, 0x003d, 0x003e, 0x003f, 0x0040, 0x0041,
        0x0042, 0x0043, 0x0044, 0x0045, 0x0046, 0x0047, 0x0048, 0x0049, 0x004a, 0x004b, 0x004c,
        0x004d, 0x004e, 0x004f, 0x0050, 0x0051, 0x0052, 0x0053, 0x0054, 0x0055, 0x0056, 0x0057,
        0x0058, 0x0059, 0x005a, 0x005b, 0x005c, 0x005d, 0x005e, 0x005f, 0x0060, 0x0061, 0x0062,
        0x0063, 0x0064, 0x0065, 0x0066, 0x0067, 0x0068, 0x0069, 0x006a, 0x006b, 0x006c, 0x006d,
        0x006e, 0x006f, 0x0070, 0x0071, 0x0072, 0x0073, 0x0074, 0x0075, 0x0076, 0x0077, 0x0078,
        0x0079, 0x007a, 0x007b, 0x007c, 0x007d, 0x007e, 0x001a, 0x05d0, 0x05d1, 0x05d2, 0x05d3,
        0x05d4, 0x05d5, 0x05d6, 0x05d7, 0x05d8, 0x05d9, 0x05da, 0x05db, 0x05dc, 0x05dd, 0x05de,
        0x05df, 0x05e0, 0x05e1, 0x05e2, 0x05e3, 0x05e4, 0x05e5, 0x05e6, 0x05e7, 0x05e8, 0x05e9,
        0x05ea, 0xfffd, 0x00a3, 0xfffd, 0x00d7, 0xfffd, 0xfffd, 0xfffd, 0xfffd, 0xfffd, 0xfffd,
        0xfffd, 0xfffd, 0xfffd, 0xfffd, 0x00ae, 0x00ac, 0x00bd, 0x00bc, 0xfffd, 0x00ab, 0x00bb,
        0x2591, 0x2592, 0x2593, 0x2502, 0x2524, 0xfffd, 0xfffd, 0xfffd, 0x00a9, 0x2563, 0x2551,
        0x2557, 0x255d, 0x00a2, 0x00a5, 0x2510, 0x2514, 0x2534, 0x252c, 0x251c, 0x2500, 0x253c,
        0xfffd, 0xfffd, 0x255a, 0x2554, 0x2569, 0x2566, 0x2560, 0x2550, 0x256c, 0x00a4, 0xfffd,
        0xfffd, 0xfffd, 0xfffd, 0xfffd, 0xfffd, 0xfffd, 0xfffd, 0xfffd, 0x2518, 0x250c, 0x2588,
        0x2584, 0x00a6, 0xfffd, 0x2580, 0xfffd, 0xfffd, 0xfffd, 0xfffd, 0xfffd, 0xfffd, 0x00b5,
        0xfffd, 0xfffd, 0xfffd, 0xfffd, 0xfffd, 0xfffd, 0xfffd, 0x203e, 0x00b4, 0x00ad, 0x00b1,
        0x2017, 0x00be, 0x00b6, 0x00a7, 0x00f7, 0x00b8, 0x00b0, 0x00a8, 0x2022, 0x00b9, 0x00b3,
        0x00b2, 0x25a0, 0x00a0,
    ],
    [
        0x0000, 0x0001, 0x0002, 0x0003, 0x0004, 0x0005, 0x0006, 0x0007, 0x0008, 0x0009, 0x000a,
        0x000b, 0x000c, 0x000d, 0x000e, 0x000f, 0x0010, 0x0011, 0x0012, 0x0013, 0x0014, 0x0015,
        0x0016, 0x0017, 0x0018, 0x0019, 0x001c, 0x001b, 0x007f, 0x001d, 0x001e, 0x001f, 0x0020,
        0x0021, 0x0022, 0x0023, 0x0024, 0x0025, 0x0026, 0x0027, 0x0028, 0x0029, 0x002a, 0x002b,
        0x002c, 0x002d, 0x002e, 0x002f, 0x0030, 0x0031, 0x0032, 0x0033, 0x0034, 0x0035, 0x0036,
        0x0037, 0x0038, 0x0039, 0x003a, 0x003b, 0x003c, 0x003d, 0x003e, 0x003f, 0x0040, 0x0041,
        0x0042, 0x0043, 0x0044, 0x0045, 0x0046, 0x0047, 0x0048, 0x0049, 0x004a, 0x004b, 0x004c,
        0x004d, 0x004e, 0x004f, 0x0050, 0x0051, 0x0052, 0x0053, 0x0054, 0x0055, 0x0056, 0x0057,
        0x0058, 0x0059, 0x005a, 0x005b, 0x005c, 0x005d, 0x005e, 0x005f, 0x0060, 0x0061, 0x0062,
        0x0063, 0x0064, 0x0065, 0x0066, 0x0067, 0x0068, 0x0069, 0x006a, 0x006b, 0x006c, 0x006d,
        0x006e, 0x006f, 0x0070, 0x0071, 0x0072, 0x0073, 0x0074, 0x0075, 0x0076, 0x0077, 0x0078,
        0x0079, 0x007a, 0x007b, 0x007c, 0x007d, 0x007e, 0x001a, 0x00c7, 0x00fc, 0x00e9, 0x00e2,
        0x00e4, 0x00e0, 0x00e5, 0x00e7, 0x00ea, 0x00eb, 0x00e8, 0x00ef, 0x00ee, 0x0131, 0x00c4,
        0x00c5, 0x00c9, 0x00e6, 0x00c6, 0x00f4, 0x00f6, 0x00f2, 0x00fb, 0x00f9, 0x0130, 0x00d6,
        0x00dc, 0x00f8, 0x00a3, 0x00d8, 0x015e, 0x015f, 0x00e1, 0x00ed, 0x00f3, 0x00fa, 0x00f1,
        0x00d1, 0x011e, 0x011f, 0x00bf, 0x00ae, 0x00ac, 0x00bd, 0x00bc, 0x00a1, 0x00ab, 0x00bb,
        0x2591, 0x2592, 0x2593, 0x2502, 0x2524, 0x00c1, 0x00c2, 0x00c0, 0x00a9, 0x2563, 0x2551,
        0x2557, 0x255d, 0x00a2, 0x00a5, 0x2510, 0x2514, 0x2534, 0x252c, 0x251c, 0x2500, 0x253c,
        0x00e3, 0x00c3, 0x255a, 0x2554, 0x2569, 0x2566, 0x2560, 0x2550, 0x256c, 0x00a4, 0x00ba,
        0x00aa, 0x00ca, 0x00cb, 0x00c8, 0xfffd, 0x00cd, 0x00ce, 0x00cf, 0x2518, 0x250c, 0x2588,
        0x2584, 0x00a6, 0x00cc, 0x2580, 0x00d3, 0x00df, 0x00d4, 0x00d2, 0x00f5, 0x00d5, 0x00b5,
        0xfffd, 0x00d7, 0x00da, 0x00db, 0x00d9, 0x00ec, 0x00ff, 0x00af, 0x00b4, 0x00ad, 0x00b1,
        0xfffd, 0x00be, 0x00b6, 0x00a7, 0x00f7, 0x00b8, 0x00b0, 0x00a8, 0x00b7, 0x00b9, 0x00b3,
        0x00b2, 0x25a0, 0x00a0,
    ],
    [
        0x0000, 0x0001, 0x0002, 0x0003, 0x0004, 0x0005, 0x0006, 0x0007, 0x0008, 0x0009, 0x000a,
        0x000b, 0x000c, 0x000d, 0x000e, 0x000f, 0x0010, 0x0011, 0x0012, 0x0013, 0x0014, 0x0015,
        0x0016, 0x0017, 0x0018, 0x0019, 0x001c, 0x001b, 0x007f, 0x001d, 0x001e, 0x001f, 0x0020,
        0x0021, 0x0022, 0x0023, 0x0024, 0x0025, 0x0026, 0x0027, 0x0028, 0x0029, 0x002a, 0x002b,
        0x002c, 0x002d, 0x002e, 0x002f, 0x0030, 0x0031, 0x0032, 0x0033, 0x0034, 0x0035, 0x0036,
        0x0037, 0x0038, 0x0039, 0x003a, 0x003b, 0x003c, 0x003d, 0x003e, 0x003f, 0x0040, 0x0041,
        0x0042, 0x0043, 0x0044, 0x0045, 0x0046, 0x0047, 0x0048, 0x0049, 0x004a, 0x004b, 0x004c,
        0x004d, 0x004e, 0x004f, 0x0050, 0x0051, 0x0052, 0x0053, 0x0054, 0x0055, 0x0056, 0x0057,
        0x0058, 0x0059, 0x005a, 0x005b, 0x005c, 0x005d, 0x005e, 0x005f, 0x0060, 0x0061, 0x0062,
        0x0063, 0x0064, 0x0065, 0x0066, 0x0067, 0x0068, 0x0069, 0x006a, 0x006b, 0x006c, 0x006d,
        0x006e, 0x006f, 0x0070, 0x0071, 0x0072, 0x0073, 0x0074, 0x0075, 0x0076, 0x0077, 0x0078,
        0x0079, 0x007a, 0x007b, 0x007c, 0x007d, 0x007e, 0x001a, 0x00c7, 0x00fc, 0x00e9, 0x00e2,
        0x00e4, 0x00e0, 0x00e5, 0x00e7, 0x00ea, 0x00eb, 0x00e8, 0x00ef, 0x00ee, 0x00ec, 0x00c4,
        0x00c5, 0x00c9, 0x00e6, 0x00c6, 0x00f4, 0x00f6, 0x00f2, 0x00fb, 0x00f9, 0x00ff, 0x00d6,
        0x00dc, 0x00f8, 0x00a3, 0x00d8, 0x00d7, 0x0192, 0x00e1, 0x00ed, 0x00f3, 0x00fa, 0x00f1,
        0x00d1, 0x00aa, 0x00ba, 0x00bf, 0x00ae, 0x00ac, 0x00bd, 0x00bc, 0x00a1, 0x00ab, 0x00bb,
        0x2591, 0x2592, 0x2593, 0x2502, 0x2524, 0x00c1, 0x00c2, 0x00c0, 0x00a9, 0x2563, 0x2551,
        0x2557, 0x255d, 0x00a2, 0x00a5, 0x2510, 0x2514, 0x2534, 0x252c, 0x251c, 0x2500, 0x253c,
        0x00e3, 0x00c3, 0x255a, 0x2554, 0x2569, 0x2566, 0x2560, 0x2550, 0x256c, 0x00a4, 0x00f0,
        0x00d0, 0x00ca, 0x00cb, 0x00c8, 0x20ac, 0x00cd, 0x00ce, 0x00cf, 0x2518, 0x250c, 0x2588,
        0x2584, 0x00a6, 0x00cc, 0x2580, 0x00d3, 0x00df, 0x00d4, 0x00d2, 0x00f5, 0x00d5, 0x00b5,
        0x00fe, 0x00de, 0x00da, 0x00db, 0x00d9, 0x00fd, 0x00dd, 0x00af, 0x00b4, 0x00ad, 0x00b1,
        0x2017, 0x00be, 0x00b6, 0x00a7, 0x00f7, 0x00b8, 0x00b0, 0x00a8, 0x00b7, 0x00b9, 0x00b3,
        0x00b2, 0x25a0, 0x00a0,
    ],
    [
        0x0000, 0x0001, 0x0002, 0x0003, 0x0004, 0x0005, 0x0006, 0x0007, 0x0008, 0x0009, 0x000a,
        0x000b, 0x000c, 0x000d, 0x000e, 0x000f, 0x0010, 0x0011, 0x0012, 0x0013, 0x0014, 0x0015,
        0x0016, 0x0017, 0x0018, 0x0019, 0x001c, 0x001b, 0x007f, 0x001d, 0x001e, 0x001f, 0x0020,
        0x0021, 0x0022, 0x0023, 0x0024, 0x0025, 0x0026, 0x0027, 0x0028, 0x0029, 0x002a, 0x002b,
        0x002c, 0x002d, 0x002e, 0x002f, 0x0030, 0x0031, 0x0032, 0x0033, 0x0034, 0x0035, 0x0036,
        0x0037, 0x0038, 0x0039, 0x003a, 0x003b, 0x003c, 0x003d, 0x003e, 0x003f, 0x0040, 0x0041,
        0x0042, 0x0043, 0x0044, 0x0045, 0x0046, 0x0047, 0x0048, 0x0049, 0x004a, 0x004b, 0x004c,
        0x004d, 0x004e, 0x004f, 0x0050, 0x0051, 0x0052, 0x0053, 0x0054, 0x0055, 0x0056, 0x0057,
        0x0058, 0x0059, 0x005a, 0x005b, 0x005c, 0x005d, 0x005e, 0x005f, 0x0060, 0x0061, 0x0062,
        0x0063, 0x0064, 0x0065, 0x0066, 0x0067, 0x0068, 0x0069, 0x006a, 0x006b, 0x006c, 0x006d,
        0x006e, 0x006f, 0x0070, 0x0071, 0x0072, 0x0073, 0x0074, 0x0075, 0x0076, 0x0077, 0x0078,
        0x0079, 0x007a, 0x007b, 0x007c, 0x007d, 0x007e, 0x001a, 0x00c7, 0x00fc, 0x00e9, 0x00e2,
        0x00e3, 0x00e0, 0x00c1, 0x00e7, 0x00ea, 0x00ca, 0x00e8, 0x00cd, 0x00d4, 0x00ec, 0x00c3,
        0x00c2, 0x00c9, 0x00c0, 0x00c8, 0x00f4, 0x00f5, 0x00f2, 0x00da, 0x00f9, 0x00cc, 0x00d5,
        0x00dc, 0x00a2, 0x00a3, 0x00d9, 0x20a7, 0x00d3, 0x00e1, 0x00ed, 0x00f3, 0x00fa, 0x00f1,
        0x00d1, 0x00aa, 0x00ba, 0x00bf, 0x00d2, 0x00ac, 0x00bd, 0x00bc, 0x00a1, 0x00ab, 0x00bb,
        0x2591, 0x2592, 0x2593, 0x2502, 0x2524, 0x2561, 0x2562, 0x2556, 0x2555, 0x2563, 0x2551,
        0x2557, 0x255d, 0x255c, 0x255b, 0x2510, 0x2514, 0x2534, 0x252c, 0x251c, 0x2500, 0x253c,
        0x255e, 0x255f, 0x255a, 0x2554, 0x2569, 0x2566, 0x2560, 0x2550, 0x256c, 0x2567, 0x2568,
        0x2564, 0x2565, 0x2559, 0x2558, 0x2552, 0x2553, 0x256b, 0x256a, 0x2518, 0x250c, 0x2588,
        0x2584, 0x258c, 0x2590, 0x2580, 0x03b1, 0x00df, 0x0393, 0x03c0, 0x03a3, 0x03c3, 0x03bc,
        0x03c4, 0x03a6, 0x0398, 0x03a9, 0x03b4, 0x221e, 0x03c6, 0x03b5, 0x2229, 0x2261, 0x00b1,
        0x2265, 0x2264, 0x2320, 0x2321, 0x00f7, 0x2248, 0x00b0, 0x2219, 0x00b7, 0x221a, 0x207f,
        0x00b2, 0x25a0, 0x00a0,
    ],
    [
        0x0000, 0x0001, 0x0002, 0x0003, 0x0004, 0x0005, 0x0006, 0x0007, 0x0008, 0x0009, 0x000a,
        0x000b, 0x000c, 0x000d, 0x000e, 0x000f, 0x0010, 0x0011, 0x0012, 0x0013, 0x0014, 0x0015,
        0x0016, 0x0017, 0x0018, 0x0019, 0x001c, 0x001b, 0x007f, 0x001d, 0x001e, 0x001f, 0x0020,
        0x0021, 0x0022, 0x0023, 0x0024, 0x0025, 0x0026, 0x0027, 0x0028, 0x0029, 0x002a, 0x002b,
        0x002c, 0x002d, 0x002e, 0x002f, 0x0030, 0x0031, 0x0032, 0x0033, 0x0034, 0x0035, 0x0036,
        0x0037, 0x0038, 0x0039, 0x003a, 0x003b, 0x003c, 0x003d, 0x003e, 0x003f, 0x0040, 0x0041,
        0x0042, 0x0043, 0x0044, 0x0045, 0x0046, 0x0047, 0x0048, 0x0049, 0x004a, 0x004b, 0x004c,
        0x004d, 0x004e, 0x004f, 0x0050, 0x0051, 0x0052, 0x0053, 0x0054, 0x0055, 0x0056, 0x0057,
        0x0058, 0x0059, 0x005a, 0x005b, 0x005c, 0x005d, 0x005e, 0x005f, 0x0060, 0x0061, 0x0062,
        0x0063, 0x0064, 0x0065, 0x0066, 0x0067, 0x0068, 0x0069, 0x006a, 0x006b, 0x006c, 0x006d,
        0x006e, 0x006f, 0x0070, 0x0071, 0x0072, 0x0073, 0x0074, 0x0075, 0x0076, 0x0077, 0x0078,
        0x0079, 0x007a, 0x007b, 0x007c, 0x007d, 0x007e, 0x001a, 0x00c7, 0x00fc, 0x00e9, 0x00e2,
        0x00e4, 0x00e0, 0x00e5, 0x00e7, 0x00ea, 0x00eb, 0x00e8, 0x00d0, 0x00f0, 0x00de, 0x00c4,
        0x00c5, 0x00c9, 0x00e6, 0x00c6, 0x00f4, 0x00f6, 0x00fe, 0x00fb, 0x00dd, 0x00fd, 0x00d6,
        0x00dc, 0x00f8, 0x00a3, 0x00d8, 0x20a7, 0x0192, 0x00e1, 0x00ed, 0x00f3, 0x00fa, 0x00c1,
        0x00cd, 0x00d3, 0x00da, 0x00bf, 0x2310, 0x00ac, 0x00bd, 0x00bc, 0x00a1, 0x00ab, 0x00bb,
        0x2591, 0x2592, 0x2593, 0x2502, 0x2524, 0x2561, 0x2562, 0x2556, 0x2555, 0x2563, 0x2551,
        0x2557, 0x255d, 0x255c, 0x255b, 0x2510, 0x2514, 0x2534, 0x252c, 0x251c, 0x2500, 0x253c,
        0x255e, 0x255f, 0x255a, 0x2554, 0x2569, 0x2566, 0x2560, 0x2550, 0x256c, 0x2567, 0x2568,
        0x2564, 0x2565, 0x2559, 0x2558, 0x2552, 0x2553, 0x256b, 0x256a, 0x2518, 0x250c, 0x2588,
        0x2584, 0x258c, 0x2590, 0x2580, 0x03b1, 0x00df, 0x0393, 0x03c0, 0x03a3, 0x03c3, 0x03bc,
        0x03c4, 0x03a6, 0x0398, 0x03a9, 0x03b4, 0x221e, 0x03c6, 0x03b5, 0x2229, 0x2261, 0x00b1,
        0x2265, 0x2264, 0x2320, 0x2321, 0x00f7, 0x2248, 0x00b0, 0x2219, 0x00b7, 0x221a, 0x207f,
        0x00b2, 0x25a0, 0x00a0,
    ],
    [
        0x0000, 0x0001, 0x0002, 0x0003, 0x0004, 0x0005, 0x0006, 0x0007, 0x0008, 0x0009, 0x000a,
        0x000b, 0x000c, 0x000d, 0x000e, 0x000f, 0x0010, 0x0011, 0x0012, 0x0013, 0x0014, 0x0015,
        0x0016, 0x0017, 0x0018, 0x0019, 0x001c, 0x001b, 0x007f, 0x001d, 0x001e, 0x001f, 0x0020,
        0x0021, 0x0022, 0x0023, 0x0024, 0x0025, 0x0026, 0x0027, 0x0028, 0x0029, 0x002a, 0x002b,
        0x002c, 0x002d, 0x002e, 0x002f, 0x0030, 0x0031, 0x0032, 0x0033, 0x0034, 0x0035, 0x0036,
        0x0037, 0x0038, 0x0039, 0x003a, 0x003b, 0x003c, 0x003d, 0x003e, 0x003f, 0x0040, 0x0041,
        0x0042, 0x0043, 0x0044, 0x0045, 0x0046, 0x0047, 0x0048, 0x0049, 0x004a, 0x004b, 0x004c,
        0x004d, 0x004e, 0x004f, 0x0050, 0x0051, 0x0052, 0x0053, 0x0054, 0x0055, 0x0056, 0x0057,
        0x0058, 0x0059, 0x005a, 0x005b, 0x005c, 0x005d, 0x005e, 0x005f, 0x0060, 0x0061, 0x0062,
        0x0063, 0x0064, 0x0065, 0x0066, 0x0067, 0x0068, 0x0069, 0x006a, 0x006b, 0x006c, 0x006d,
        0x006e, 0x006f, 0x0070, 0x0071, 0x0072, 0x0073, 0x0074, 0x0075, 0x0076, 0x0077, 0x0078,
        0x0079, 0x007a, 0x007b, 0x007c, 0x007d, 0x007e, 0x001a, 0x05d0, 0x05d1, 0x05d2, 0x05d3,
        0x05d4, 0x05d5, 0x05d6, 0x05d7, 0x05d8, 0x05d9, 0x05da, 0x05db, 0x05dc, 0x05dd, 0x05de,
        0x05df, 0x05e0, 0x05e1, 0x05e2, 0x05e3, 0x05e4, 0x05e5, 0x05e6, 0x05e7, 0x05e8, 0x05e9,
        0x05ea, 0x00a2, 0x00a3, 0x00a5, 0x20a7, 0x0192, 0x00e1, 0x00ed, 0x00f3, 0x00fa, 0x00f1,
        0x00d1, 0x00aa, 0x00ba, 0x00bf, 0x2310, 0x00ac, 0x00bd, 0x00bc, 0x00a1, 0x00ab, 0x00bb,
        0x2591, 0x2592, 0x2593, 0x2502, 0x2524, 0x2561, 0x2562, 0x2556, 0x2555, 0x2563, 0x2551,
        0x2557, 0x255d, 0x255c, 0x255b, 0x2510, 0x2514, 0x2534, 0x252c, 0x251c, 0x2500, 0x253c,
        0x255e, 0x255f, 0x255a, 0x2554, 0x2569, 0x2566, 0x2560, 0x2550, 0x256c, 0x2567, 0x2568,
        0x2564, 0x2565, 0x2559, 0x2558, 0x2552, 0x2553, 0x256b, 0x256a, 0x2518, 0x250c, 0x2588,
        0x2584, 0x258c, 0x2590, 0x2580, 0x03b1, 0x00df, 0x0393, 0x03c0, 0x03a3, 0x03c3, 0x03bc,
        0x03c4, 0x03a6, 0x0398, 0x03a9, 0x03b4, 0x221e, 0x03c6, 0x03b5, 0x2229, 0x2261, 0x00b1,
        0x2265, 0x2264, 0x2320, 0x2321, 0x00f7, 0x2248, 0x00b0, 0x2219, 0x00b7, 0x221a, 0x207f,
        0x00b2, 0x25a0, 0x00a0,
    ],
    [
        0x0000, 0x0001, 0x0002, 0x0003, 0x0004, 0x0005, 0x0006, 0x0007, 0x0008, 0x0009, 0x000a,
        0x000b, 0x000c, 0x000d, 0x000e, 0x000f, 0x0010, 0x0011, 0x0012, 0x0013, 0x0014, 0x0015,
        0x0016, 0x0017, 0x0018, 0x0019, 0x001c, 0x001b, 0x007f, 0x001d, 0x001e, 0x001f, 0x0020,
        0x0021, 0x0022, 0x0023, 0x0024, 0x0025, 0x0026, 0x0027, 0x0028, 0x0029, 0x002a, 0x002b,
        0x002c, 0x002d, 0x002e, 0x002f, 0x0030, 0x0031, 0x0032, 0x0033, 0x0034, 0x0035, 0x0036,
        0x0037, 0x0038, 0x0039, 0x003a, 0x003b, 0x003c, 0x003d, 0x003e, 0x003f, 0x0040, 0x0041,
        0x0042, 0x0043, 0x0044, 0x0045, 0x0046, 0x0047, 0x0048, 0x0049, 0x004a, 0x004b, 0x004c,
        0x004d, 0x004e, 0x004f, 0x0050, 0x0051, 0x0052, 0x0053, 0x0054, 0x0055, 0x0056, 0x0057,
        0x0058, 0x0059, 0x005a, 0x005b, 0x005c, 0x005d, 0x005e, 0x005f, 0x0060, 0x0061, 0x0062,
        0x0063, 0x0064, 0x0065, 0x0066, 0x0067, 0x0068, 0x0069, 0x006a, 0x006b, 0x006c, 0x006d,
        0x006e, 0x006f, 0x0070, 0x0071, 0x0072, 0x0073, 0x0074, 0x0075, 0x0076, 0x0077, 0x0078,
        0x0079, 0x007a, 0x007b, 0x007c, 0x007d, 0x007e, 0x001a, 0x00c7, 0x00fc, 0x00e9, 0x00e2,
        0x00c2, 0x00e0, 0x00b6, 0x00e7, 0x00ea, 0x00eb, 0x00e8, 0x00ef, 0x00ee, 0x2017, 0x00c0,
        0x00a7, 0x00c9, 0x00c8, 0x00ca, 0x00f4, 0x00cb, 0x00cf, 0x00fb, 0x00f9, 0x00a4, 0x00d4,
        0x00dc, 0x00a2, 0x00a3, 0x00d9, 0x00db, 0x0192, 0x00a6, 0x00b4, 0x00f3, 0x00fa, 0x00a8,
        0x00b8, 0x00b3, 0x00af, 0x00ce, 0x2310, 0x00ac, 0x00bd, 0x00bc, 0x00be, 0x00ab, 0x00bb,
        0x2591, 0x2592, 0x2593, 0x2502, 0x2524, 0x2561, 0x2562, 0x2556, 0x2555, 0x2563, 0x2551,
        0x2557, 0x255d, 0x255c, 0x255b, 0x2510, 0x2514, 0x2534, 0x252c, 0x251c, 0x2500, 0x253c,
        0x255e, 0x255f, 0x255a, 0x2554, 0x2569, 0x2566, 0x2560, 0x2550, 0x256c, 0x2567, 0x2568,
        0x2564, 0x2565, 0x2559, 0x2558, 0x2552, 0x2553, 0x256b, 0x256a, 0x2518, 0x250c, 0x2588,
        0x2584, 0x258c, 0x2590, 0x2580, 0x03b1, 0x00df, 0x0393, 0x03c0, 0x03a3, 0x03c3, 0x03bc,
        0x03c4, 0x03a6, 0x0398, 0x03a9, 0x03b4, 0x221e, 0x03c6, 0x03b5, 0x2229, 0x2261, 0x00b1,
        0x2265, 0x2264, 0x2320, 0x2321, 0x00f7, 0x2248, 0x00b0, 0x2219, 0x00b7, 0x221a, 0x207f,
        0x00b2, 0x25a0, 0x00a0,
    ],
    [
        0x0000, 0x0001, 0x0002, 0x0003, 0x0004, 0x0005, 0x0006, 0x0007, 0x0008, 0x0009, 0x000a,
        0x000b, 0x000c, 0x000d, 0x000e, 0x000f, 0x0010, 0x0011, 0x0012, 0x0013, 0x0014, 0x0015,
        0x0016, 0x0017, 0x0018, 0x0019, 0x001c, 0x001b, 0x007f, 0x001d, 0x001e, 0x001f, 0x0020,
        0x0021, 0x0022, 0x0023, 0x0024, 0x0025, 0x0026, 0x0027, 0x0028, 0x0029, 0x002a, 0x002b,
        0x002c, 0x002d, 0x002e, 0x002f, 0x0030, 0x0031, 0x0032, 0x0033, 0x0034, 0x0035, 0x0036,
        0x0037, 0x0038, 0x0039, 0x003a, 0x003b, 0x003c, 0x003d, 0x003e, 0x003f, 0x0040, 0x0041,
        0x0042, 0x0043, 0x0044, 0x0045, 0x0046, 0x0047, 0x0048, 0x0049, 0x004a, 0x004b, 0x004c,
        0x004d, 0x004e, 0x004f, 0x0050, 0x0051, 0x0052, 0x0053, 0x0054, 0x0055, 0x0056, 0x0057,
        0x0058, 0x0059, 0x005a, 0x005b, 0x005c, 0x005d, 0x005e, 0x005f, 0x0060, 0x0061, 0x0062,
        0x0063, 0x0064, 0x0065, 0x0066, 0x0067, 0x0068, 0x0069, 0x006a, 0x006b, 0x006c, 0x006d,
        0x006e, 0x006f, 0x0070, 0x0071, 0x0072, 0x0073, 0x0074, 0x0075, 0x0076, 0x0077, 0x0078,
        0x0079, 0x007a, 0x007b, 0x007c, 0x007d, 0x007e, 0x001a, 0x00b0, 0x00b7, 0x2219, 0x221a,
        0x2592, 0x2500, 0x2502, 0x253c, 0x2524, 0x252c, 0x251c, 0x2534, 0x2510, 0x250c, 0x2514,
        0x2518, 0x03b2, 0x221e, 0x03c6, 0x00b1, 0x00bd, 0x00bc, 0x2248, 0x00ab, 0x00bb, 0xfef7,
        0xfef8, 0xfffd, 0xfffd, 0xfefb, 0xfefc, 0x200b, 0x00a0, 0x00ad, 0xfe82, 0x00a3, 0x00a4,
        0xfe84, 0xfffd, 0xfffd, 0xfe8e, 0xfe8f, 0xfe95, 0xfe99, 0x060c, 0xfe9d, 0xfea1, 0xfea5,
        0x0660, 0x0661, 0x0662, 0x0663, 0x0664, 0x0665, 0x0666, 0x0667, 0x0668, 0x0669, 0xfed1,
        0x061b, 0xfeb1, 0xfeb5, 0xfeb9, 0x061f, 0x00a2, 0xfe80, 0xfe81, 0xfe83, 0xfe85, 0xfeca,
        0xfe8b, 0xfe8d, 0xfe91, 0xfe93, 0xfe97, 0xfe9b, 0xfe9f, 0xfea3, 0xfea7, 0xfea9, 0xfeab,
        0xfead, 0xfeaf, 0xfeb3, 0xfeb7, 0xfebb, 0xfebf, 0xfec3, 0xfec7, 0xfecb, 0xfecf, 0x00a6,
        0x00ac, 0x00f7, 0x00d7, 0xfec9, 0x0640, 0xfed3, 0xfed7, 0xfedb, 0xfedf, 0xfee3, 0xfee7,
        0xfeeb, 0xfeed, 0xfeef, 0xfef3, 0xfebd, 0xfecc, 0xfece, 0xfecd, 0xfee1, 0xfe7d, 0xfe7c,
        0xfee5, 0xfee9, 0xfeec, 0xfef0, 0xfef2, 0xfed0, 0xfed5, 0xfef5, 0xfef6, 0xfedd, 0xfed9,
        0xfef1, 0x25a0, 0xfffd,
    ],
    [
        0x0000, 0x0001, 0x0002, 0x0003, 0x0004, 0x0005, 0x0006, 0x0007, 0x0008, 0x0009, 0x000a,
        0x000b, 0x000c, 0x000d, 0x000e, 0x000f, 0x0010, 0x0011, 0x0012, 0x0013, 0x0014, 0x0015,
        0x0016, 0x0017, 0x0018, 0x0019, 0x001c, 0x001b, 0x007f, 0x001d, 0x001e, 0x001f, 0x0020,
        0x0021, 0x0022, 0x0023, 0x0024, 0x0025, 0x0026, 0x0027, 0x0028, 0x0029, 0x002a, 0x002b,
        0x002c, 0x002d, 0x002e, 0x002f, 0x0030, 0x0031, 0x0032, 0x0033, 0x0034, 0x0035, 0x0036,
        0x0037, 0x0038, 0x0039, 0x003a, 0x003b, 0x003c, 0x003d, 0x003e, 0x003f, 0x0040, 0x0041,
        0x0042, 0x0043, 0x0044, 0x0045, 0x0046, 0x0047, 0x0048, 0x0049, 0x004a, 0x004b, 0x004c,
        0x004d, 0x004e, 0x004f, 0x0050, 0x0051, 0x0052, 0x0053, 0x0054, 0x0055, 0x0056, 0x0057,
        0x0058, 0x0059, 0x005a, 0x005b, 0x005c, 0x005d, 0x005e, 0x005f, 0x0060, 0x0061, 0x0062,
        0x0063, 0x0064, 0x0065, 0x0066, 0x0067, 0x0068, 0x0069, 0x006a, 0x006b, 0x006c, 0x006d,
        0x006e, 0x006f, 0x0070, 0x0071, 0x0072, 0x0073, 0x0074, 0x0075, 0x0076, 0x0077, 0x0078,
        0x0079, 0x007a, 0x007b, 0x007c, 0x007d, 0x007e, 0x001a, 0x00c7, 0x00fc, 0x00e9, 0x00e2,
        0x00e4, 0x00e0, 0x00e5, 0x00e7, 0x00ea, 0x00eb, 0x00e8, 0x00ef, 0x00ee, 0x00ec, 0x00c4,
        0x00c5, 0x00c9, 0x00e6, 0x00c6, 0x00f4, 0x00f6, 0x00f2, 0x00fb, 0x00f9, 0x00ff, 0x00d6,
        0x00dc, 0x00f8, 0x00a3, 0x00d8, 0x20a7, 0x0192, 0x00e1, 0x00ed, 0x00f3, 0x00fa, 0x00f1,
        0x00d1, 0x00aa, 0x00ba, 0x00bf, 0x2310, 0x00ac, 0x00bd, 0x00bc, 0x00a1, 0x00ab, 0x00a4,
        0x2591, 0x2592, 0x2593, 0x2502, 0x2524, 0x2561, 0x2562, 0x2556, 0x2555, 0x2563, 0x2551,
        0x2557, 0x255d, 0x255c, 0x255b, 0x2510, 0x2514, 0x2534, 0x252c, 0x251c, 0x2500, 0x253c,
        0x255e, 0x255f, 0x255a, 0x2554, 0x2569, 0x2566, 0x2560, 0x2550, 0x256c, 0x2567, 0x2568,
        0x2564, 0x2565, 0x2559, 0x2558, 0x2552, 0x2553, 0x256b, 0x256a, 0x2518, 0x250c, 0x2588,
        0x2584, 0x258c, 0x2590, 0x2580, 0x03b1, 0x00df, 0x0393, 0x03c0, 0x03a3, 0x03c3, 0x03bc,
        0x03c4, 0x03a6, 0x0398, 0x03a9, 0x03b4, 0x221e, 0x03c6, 0x03b5, 0x2229, 0x2261, 0x00b1,
        0x2265, 0x2264, 0x2320, 0x2321, 0x00f7, 0x2248, 0x00b0, 0x2219, 0x00b7, 0x221a, 0x207f,
        0x00b2, 0x25a0, 0x00a0,
    ],
    [
        0x0000, 0x0001, 0x0002, 0x0003, 0x0004, 0x0005, 0x0006, 0x0007, 0x0008, 0x0009, 0x000a,
        0x000b, 0x000c, 0x000d, 0x000e, 0x000f, 0x0010, 0x0011, 0x0012, 0x0013, 0x0014, 0x0015,
        0x0016, 0x0017, 0x0018, 0x0019, 0x001c, 0x001b, 0x007f, 0x001d, 0x001e, 0x001f, 0x0020,
        0x0021, 0x0022, 0x0023, 0x0024, 0x0025, 0x0026, 0x0027, 0x0028, 0x0029, 0x002a, 0x002b,
        0x002c, 0x002d, 0x002e, 0x002f, 0x0030, 0x0031, 0x0032, 0x0033, 0x0034, 0x0035, 0x0036,
        0x0037, 0x0038, 0x0039, 0x003a, 0x003b, 0x003c, 0x003d, 0x003e, 0x003f, 0x0040, 0x0041,
        0x0042, 0x0043, 0x0044, 0x0045, 0x0046, 0x0047, 0x0048, 0x0049, 0x004a, 0x004b, 0x004c,
        0x004d, 0x004e, 0x004f, 0x0050, 0x0051, 0x0052, 0x0053, 0x0054, 0x0055, 0x0056, 0x0057,
        0x0058, 0x0059, 0x005a, 0x005b, 0x005c, 0x005d, 0x005e, 0x005f, 0x0060, 0x0061, 0x0062,
        0x0063, 0x0064, 0x0065, 0x0066, 0x0067, 0x0068, 0x0069, 0x006a, 0x006b, 0x006c, 0x006d,
        0x006e, 0x006f, 0x0070, 0x0071, 0x0072, 0x0073, 0x0074, 0x0075, 0x0076, 0x0077, 0x0078,
        0x0079, 0x007a, 0x007b, 0x007c, 0x007d, 0x007e, 0x001a, 0x0410, 0x0411, 0x0412, 0x0413,
        0x0414, 0x0415, 0x0416, 0x0417, 0x0418, 0x0419, 0x041a, 0x041b, 0x041c, 0x041d, 0x041e,
        0x041f, 0x0420, 0x0421, 0x0422, 0x0423, 0x0424, 0x0425, 0x0426, 0x0427, 0x0428, 0x0429,
        0x042a, 0x042b, 0x042c, 0x042d, 0x042e, 0x042f, 0x0430, 0x0431, 0x0432, 0x0433, 0x0434,
        0x0435, 0x0436, 0x0437, 0x0438, 0x0439, 0x043a, 0x043b, 0x043c, 0x043d, 0x043e, 0x043f,
        0x2591, 0x2592, 0x2593, 0x2502, 0x2524, 0x2561, 0x2562, 0x2556, 0x2555, 0x2563, 0x2551,
        0x2557, 0x255d, 0x255c, 0x255b, 0x2510, 0x2514, 0x2534, 0x252c, 0x251c, 0x2500, 0x253c,
        0x255e, 0x255f, 0x255a, 0x2554, 0x2569, 0x2566, 0x2560, 0x2550, 0x256c, 0x2567, 0x2568,
        0x2564, 0x2565, 0x2559, 0x2558, 0x2552, 0x2553, 0x256b, 0x256a, 0x2518, 0x250c, 0x2588,
        0x2584, 0x258c, 0x2590, 0x2580, 0x0440, 0x0441, 0x0442, 0x0443, 0x0444, 0x0445, 0x0446,
        0x0447, 0x0448, 0x0449, 0x044a, 0x044b, 0x044c, 0x044d, 0x044e, 0x044f, 0x0401, 0x0451,
        0x0404, 0x0454, 0x0407, 0x0457, 0x040e, 0x045e, 0x00b0, 0x2219, 0x00b7, 0x221a, 0x2116,
        0x00a4, 0x25a0, 0x00a0,
    ],
    [
        0x0000, 0x0001, 0x0002, 0x0003, 0x0004, 0x0005, 0x0006, 0x0007, 0x0008, 0x0009, 0x000a,
        0x000b, 0x000c, 0x000d, 0x000e, 0x000f, 0x0010, 0x0011, 0x0012, 0x0013, 0x0014, 0x0015,
        0x0016, 0x0017, 0x0018, 0x0019, 0x001c, 0x001b, 0x007f, 0x001d, 0x001e, 0x001f, 0x0020,
        0x0021, 0x0022, 0x0023, 0x0024, 0x0025, 0x0026, 0x0027, 0x0028, 0x0029, 0x002a, 0x002b,
        0x002c, 0x002d, 0x002e, 0x002f, 0x0030, 0x0031, 0x0032, 0x0033, 0x0034, 0x0035, 0x0036,
        0x0037, 0x0038, 0x0039, 0x003a, 0x003b, 0x003c, 0x003d, 0x003e, 0x003f, 0x0040, 0x0041,
        0x0042, 0x0043, 0x0044, 0x0045, 0x0046, 0x0047, 0x0048, 0x0049, 0x004a, 0x004b, 0x004c,
        0x004d, 0x004e, 0x004f, 0x0050, 0x0051, 0x0052, 0x0053, 0x0054, 0x0055, 0x0056, 0x0057,
        0x0058, 0x0059, 0x005a, 0x005b, 0x005c, 0x005d, 0x005e, 0x005f, 0x0060, 0x0061, 0x0062,
        0x0063, 0x0064, 0x0065, 0x0066, 0x0067, 0x0068, 0x0069, 0x006a, 0x006b, 0x006c, 0x006d,
        0x006e, 0x006f, 0x0070, 0x0071, 0x0072, 0x0073, 0x0074, 0x0075, 0x0076, 0x0077, 0x0078,
        0x0079, 0x007a, 0x007b, 0x007c, 0x007d, 0x007e, 0x001a, 0x05d0, 0x05d1, 0x05d2, 0x05d3,
        0x05d4, 0x05d5, 0x05d6, 0x05d7, 0x05d8, 0x05d9, 0x05da, 0x05db, 0x05dc, 0x05dd, 0x05de,
        0x05df, 0x05e0, 0x05e1, 0x05e2, 0x05e3, 0x05e4, 0x05e5, 0x05e6, 0x05e7, 0x05e8, 0x05e9,
        0x05ea, 0x00a2, 0x00a3, 0x00a5, 0xfffd, 0x20aa, 0x200e, 0x200f, 0x202a, 0x202b, 0x202d,
        0x202e, 0x202c, 0xfffd, 0xfffd, 0x2310, 0x00ac, 0x00bd, 0x00bc, 0x20ac, 0x00ab, 0x00bb,
        0x2591, 0x2592, 0x2593, 0x2502, 0x2524, 0x2561, 0x2562, 0x2556, 0x2555, 0x2563, 0x2551,
        0x2557, 0x255d, 0x255c, 0x255b, 0x2510, 0x2514, 0x2534, 0x252c, 0x251c, 0x2500, 0x253c,
        0x255e, 0x255f, 0x255a, 0x2554, 0x2569, 0x2566, 0x2560, 0x2550, 0x256c, 0x2567, 0x2568,
        0x2564, 0x2565, 0x2559, 0x2558, 0x2552, 0x2553, 0x256b, 0x256a, 0x2518, 0x250c, 0x2588,
        0x2584, 0x258c, 0x2590, 0x2580, 0x03b1, 0x00df, 0x0393, 0x03c0, 0x03a3, 0x03c3, 0x03bc,
        0x03c4, 0x03a6, 0x0398, 0x03a9, 0x03b4, 0x221e, 0x03c6, 0x03b5, 0x2229, 0x2261, 0x00b1,
        0x2265, 0x2264, 0x2320, 0x2321, 0x00f7, 0x2248, 0x00b0, 0x2219, 0x00b7, 0x221a, 0x207f,
        0x00b2, 0x25a0, 0x00a0,
    ],
    [
        0x0000, 0x0001, 0x0002, 0x0003, 0x0004, 0x0005, 0x0006, 0x0007, 0x0008, 0x0009, 0x000a,
        0x000b, 0x000c, 0x000d, 0x000e, 0x000f, 0x0010, 0x0011, 0x0012, 0x0013, 0x0014, 0x0015,
        0x0016, 0x0017, 0x0018, 0x0019, 0x001c, 0x001b, 0x007f, 0x001d, 0x001e, 0x001f, 0x0020,
        0x0021, 0x0022, 0x0023, 0x0024, 0x0025, 0x0026, 0x0027, 0x0028, 0x0029, 0x002a, 0x002b,
        0x002c, 0x002d, 0x002e, 0x002f, 0x0030, 0x0031, 0x0032, 0x0033, 0x0034, 0x0035, 0x0036,
        0x0037, 0x0038, 0x0039, 0x003a, 0x003b, 0x003c, 0x003d, 0x003e, 0x003f, 0x0040, 0x0041,
        0x0042, 0x0043, 0x0044, 0x0045, 0x0046, 0x0047, 0x0048, 0x0049, 0x004a, 0x004b, 0x004c,
        0x004d, 0x004e, 0x004f, 0x0050, 0x0051, 0x0052, 0x0053, 0x0054, 0x0055, 0x0056, 0x0057,
        0x0058, 0x0059, 0x005a, 0x005b, 0x005c, 0x005d, 0x005e, 0x005f, 0x0060, 0x0061, 0x0062,
        0x0063, 0x0064, 0x0065, 0x0066, 0x0067, 0x0068, 0x0069, 0x006a, 0x006b, 0x006c, 0x006d,
        0x006e, 0x006f, 0x0070, 0x0071, 0x0072, 0x0073, 0x0074, 0x0075, 0x0076, 0x0077, 0x0078,
        0x0079, 0x007a, 0x007b, 0x007c, 0x007d, 0x007e, 0x001a, 0x06f0, 0x06f1, 0x06f2, 0x06f3,
        0x06f4, 0x06f5, 0x06f6, 0x06f7, 0x06f8, 0x06f9, 0x060c, 0x061b, 0x061f, 0xfe81, 0xfe8d,
        0xfe8e, 0xf8fb, 0xfe8f, 0xfe91, 0xfb56, 0xfb58, 0xfe93, 0xfe95, 0xfe97, 0xfb66, 0xfb68,
        0xfe99, 0xfe9b, 0xfe9d, 0xfe9f, 0xfb7a, 0xfb7c, 0xfea1, 0xfea3, 0xfea5, 0xfea7, 0xfea9,
        0xfb88, 0xfeab, 0xfead, 0xfb8c, 0xfeaf, 0xfb8a, 0xfeb1, 0xfeb3, 0xfeb5, 0x00ab, 0x00bb,
        0x2591, 0x2592, 0x2593, 0x2502, 0x2524, 0xfeb7, 0xfeb9, 0xfebb, 0xfebd, 0x2563, 0x2551,
        0x2557, 0x255d, 0xfebf, 0xfec3, 0x2510, 0x2514, 0x2534, 0x252c, 0x251c, 0x2500, 0x253c,
        0xfec7, 0xfec9, 0x255a, 0x2554, 0x2569, 0x2566, 0x2560, 0x2550, 0x256c, 0xfeca, 0xfecb,
        0xfecc, 0xfecd, 0xfece, 0xfecf, 0xfed0, 0xfed1, 0xfed3, 0xfed5, 0x2518, 0x250c, 0x2588,
        0x2584, 0xfed7, 0xfb8e, 0x2580, 0xfedb, 0xfb92, 0xfb94, 0xfedd, 0xfedf, 0xfee0, 0xfee1,
        0xfee3, 0xfb9e, 0xfee5, 0xfee7, 0xfe85, 0xfeed, 0xfba6, 0xfba8, 0xfba9, 0x00ad, 0xfbaa,
        0xfe80, 0xfe89, 0xfe8a, 0xfe8b, 0xfbfc, 0xfbfd, 0xfbfe, 0xfbb0, 0xfbae, 0xfe7c, 0xfe7d,
        0xfffd, 0x25a0, 0x00a0,
    ],
    [
        0x0000, 0x0001, 0x0002, 0x0003, 0x0004, 0x0005, 0x0006, 0x0007, 0x0008, 0x0009, 0x000a,
        0x000b, 0x000c, 0x000d, 0x000e, 0x000f, 0x0010, 0x0011, 0x0012, 0x0013, 0x0014, 0x0015,
        0x0016, 0x0017, 0x0018, 0x0019, 0x001c, 0x001b, 0x007f, 0x001d, 0x001e, 0x001f, 0x0020,
        0x0021, 0x0022, 0x0023, 0x0024, 0x0025, 0x0026, 0x0027, 0x0028, 0x0029, 0x002a, 0x002b,
        0x002c, 0x002d, 0x002e, 0x002f, 0x0030, 0x0031, 0x0032, 0x0033, 0x0034, 0x0035, 0x0036,
        0x0037, 0x0038, 0x0039, 0x003a, 0x003b, 0x003c, 0x003d, 0x003e, 0x003f, 0x0040, 0x0041,
        0x0042, 0x0043, 0x0044, 0x0045, 0x0046, 0x0047, 0x0048, 0x0049, 0x004a, 0x004b, 0x004c,
        0x004d, 0x004e, 0x004f, 0x0050, 0x0051, 0x0052, 0x0053, 0x0054, 0x0055, 0x0056, 0x0057,
        0x0058, 0x0059, 0x005a, 0x005b, 0x005c, 0x005d, 0x005e, 0x005f, 0x0060, 0x0061, 0x0062,
        0x0063, 0x0064, 0x0065, 0x0066, 0x0067, 0x0068, 0x0069, 0x006a, 0x006b, 0x006c, 0x006d,
        0x006e, 0x006f, 0x0070, 0x0071, 0x0072, 0x0073, 0x0074, 0x0075, 0x0076, 0x0077, 0x0078,
        0x0079, 0x007a, 0x007b, 0x007c, 0x007d, 0x007e, 0x001a, 0xfffd, 0xfffd, 0xfffd, 0xfffd,
        0xfffd, 0xfffd, 0x0386, 0xfffd, 0x0387, 0x00ac, 0x00a6, 0x2018, 0x2019, 0x0388, 0x2015,
        0x0389, 0x038a, 0x03aa, 0x038c, 0xfffd, 0xfffd, 0x038e, 0x03ab, 0x00a9, 0x038f, 0x00b2,
        0x00b3, 0x03ac, 0x00a3, 0x03ad, 0x03ae, 0x03af, 0x03ca, 0x0390, 0x03cc, 0x03cd, 0x0391,
        0x0392, 0x0393, 0x0394, 0x0395, 0x0396, 0x0397, 0x00bd, 0x0398, 0x0399, 0x00ab, 0x00bb,
        0x2591, 0x2592, 0x2593, 0x2502, 0x2524, 0x039a, 0x039b, 0x039c, 0x039d, 0x2563, 0x2551,
        0x2557, 0x255d, 0x039e, 0x039f, 0x2510, 0x2514, 0x2534, 0x252c, 0x251c, 0x2500, 0x253c,
        0x03a0, 0x03a1, 0x255a, 0x2554, 0x2569, 0x2566, 0x2560, 0x2550, 0x256c, 0x03a3, 0x03a4,
        0x03a5, 0x03a6, 0x03a7, 0x03a8, 0x03a9, 0x03b1, 0x03b2, 0x03b3, 0x2518, 0x250c, 0x2588,
        0x2584, 0x03b4, 0x03b5, 0x2580, 0x03b6, 0x03b7, 0x03b8, 0x03b9, 0x03ba, 0x03bb, 0x03bc,
        0x03bd, 0x03be, 0x03bf, 0x03c0, 0x03c1, 0x03c3, 0x03c2, 0x03c4, 0x00b4, 0x00ad, 0x00b1,
        0x03c5, 0x03c6, 0x03c7, 0x00a7, 0x03c8, 0x0385, 0x00b0, 0x00a8, 0x03c9, 0x03cb, 0x03b0,
        0x03ce, 0x25a0, 0x00a0,
    ],
    [
        0x0000, 0x0001, 0x0002, 0x0003, 0x0004, 0x0005, 0x0006, 0x0007, 0x0008, 0x0009, 0x000a,
        0x000b, 0x000c, 0x000d, 0x000e, 0x000f, 0x0010, 0x0011, 0x0012, 0x0013, 0x0014, 0x0015,
        0x0016, 0x0017, 0x0018, 0x0019, 0x001a, 0x001b, 0x001c, 0x001d, 0x001e, 0x001f, 0x0020,
        0x0021, 0x0022, 0x0023, 0x0024, 0x0025, 0x0026, 0x0027, 0x0028, 0x0029, 0x002a, 0x002b,
        0x002c, 0x002d, 0x002e, 0x002f, 0x0030, 0x0031, 0x0032, 0x0033, 0x0034, 0x0035, 0x0036,
        0x0037, 0x0038, 0x0039, 0x003a, 0x003b, 0x003c, 0x003d, 0x003e, 0x003f, 0x0040, 0x0041,
        0x0042, 0x0043, 0x0044, 0x0045, 0x0046, 0x0047, 0x0048, 0x0049, 0x004a, 0x004b, 0x004c,
        0x004d, 0x004e, 0x004f, 0x0050, 0x0051, 0x0052, 0x0053, 0x0054, 0x0055, 0x0056, 0x0057,
        0x0058, 0x0059, 0x005a, 0x005b, 0x005c, 0x005d, 0x005e, 0x005f, 0x0060, 0x0061, 0x0062,
        0x0063, 0x0064, 0x0065, 0x0066, 0x0067, 0x0068, 0x0069, 0x006a, 0x006b, 0x006c, 0x006d,
        0x006e, 0x006f, 0x0070, 0x0071, 0x0072, 0x0073, 0x0074, 0x0075, 0x0076, 0x0077, 0x0078,
        0x0079, 0x007a, 0x007b, 0x007c, 0x007d, 0x007e, 0x007f, 0x2500, 0x2502, 0x250c, 0x2510,
        0x2514, 0x2518, 0x251c, 0x2524, 0x252c, 0x2534, 0x253c, 0x2580, 0x2584, 0x2588, 0x258c,
        0x2590, 0x2591, 0x2592, 0x2593, 0x2320, 0x25a0, 0x2219, 0x221a, 0x2248, 0x2264, 0x2265,
        0x00a0, 0x2321, 0x00b0, 0x00b2, 0x00b7, 0x00f7, 0x2550, 0x2551, 0x2552, 0x0451, 0x2553,
        0x2554, 0x2555, 0x2556, 0x2557, 0x2558, 0x2559, 0x255a, 0x255b, 0x255c, 0x255d, 0x255e,
        0x255f, 0x2560, 0x2561, 0x0401, 0x2562, 0x2563, 0x2564, 0x2565, 0x2566, 0x2567, 0x2568,
        0x2569, 0x256a, 0x256b, 0x256c, 0x00a9, 0x044e, 0x0430, 0x0431, 0x0446, 0x0434, 0x0435,
        0x0444, 0x0433, 0x0445, 0x0438, 0x0439, 0x043a, 0x043b, 0x043c, 0x043d, 0x043e, 0x043f,
        0x044f, 0x0440, 0x0441, 0x0442, 0x0443, 0x0436, 0x0432, 0x044c, 0x044b, 0x0437, 0x0448,
        0x044d, 0x0449, 0x0447, 0x044a, 0x042e, 0x0410, 0x0411, 0x0426, 0x0414, 0x0415, 0x0424,
        0x0413, 0x0425, 0x0418, 0x0419, 0x041a, 0x041b, 0x041c, 0x041d, 0x041e, 0x041f, 0x042f,
        0x0420, 0x0421, 0x0422, 0x0423, 0x0416, 0x0412, 0x042c, 0x042b, 0x0417, 0x0428, 0x042d,
        0x0429, 0x0427, 0x042a,
    ],
    [
        0x0000, 0x0001, 0x0002, 0x0003, 0x0004, 0x0005, 0x0006, 0x0007, 0x0008, 0x0009, 0x000a,
        0x000b, 0x000c, 0x000d, 0x000e, 0x000f, 0x0010, 0x0011, 0x0012, 0x0013, 0x0014, 0x0015,
        0x0016, 0x0017, 0x0018, 0x0019, 0x001a, 0x001b, 0x001c, 0x001d, 0x001e, 0x001f, 0x0020,
        0x0021, 0x0022, 0x0023, 0x0024, 0x0025, 0x0026, 0x0027, 0x0028, 0x0029, 0x002a, 0x002b,
        0x002c, 0x002d, 0x002e, 0x002f, 0x0030, 0x0031, 0x0032, 0x0033, 0x0034, 0x0035, 0x0036,
        0x0037, 0x0038, 0x0039, 0x003a, 0x003b, 0x003c, 0x003d, 0x003e, 0x003f, 0x0040, 0x0041,
        0x0042, 0x0043, 0x0044, 0x0045, 0x0046, 0x0047, 0x0048, 0x0049, 0x004a, 0x004b, 0x004c,
        0x004d, 0x004e, 0x004f, 0x0050, 0x0051, 0x0052, 0x0053, 0x0054, 0x0055, 0x0056, 0x0057,
        0x0058, 0x0059, 0x005a, 0x005b, 0x005c, 0x005d, 0x005e, 0x005f, 0x0060, 0x0061, 0x0062,
        0x0063, 0x0064, 0x0065, 0x0066, 0x0067, 0x0068, 0x0069, 0x006a, 0x006b, 0x006c, 0x006d,
        0x006e, 0x006f, 0x0070, 0x0071, 0x0072, 0x0073, 0x0074, 0x0075, 0x0076, 0x0077, 0x0078,
        0x0079, 0x007a, 0x007b, 0x007c, 0x007d, 0x007e, 0x007f, 0x0080, 0x0081, 0x0082, 0x0083,
        0x0084, 0x0085, 0x0086, 0x0087, 0x0088, 0x0089, 0x008a, 0x008b, 0x008c, 0x008d, 0x008e,
        0x008f, 0x0090, 0x0091, 0x0092, 0x0093, 0x0094, 0x0095, 0x0096, 0x0097, 0x0098, 0x0099,
        0x009a, 0x009b, 0x009c, 0x009d, 0x009e, 0x009f, 0x00a0, 0x201d, 0x00a2, 0x00a3, 0x20ac,
        0x201e, 0x00a6, 0x00a7, 0x00d8, 0x00a9, 0x0156, 0x00ab, 0x00ac, 0x00ad, 0x00ae, 0x00c6,
        0x00b0, 0x00b1, 0x00b2, 0x00b3, 0x201c, 0x00b5, 0x00b6, 0x00b7, 0x00f8, 0x00b9, 0x0157,
        0x00bb, 0x00bc, 0x00bd, 0x00be, 0x00e6, 0x0104, 0x012e, 0x0100, 0x0106, 0x00c4, 0x00c5,
        0x0118, 0x0112, 0x010c, 0x00c9, 0x0179, 0x0116, 0x0122, 0x0136, 0x012a, 0x013b, 0x0160,
        0x0143, 0x0145, 0x00d3, 0x014c, 0x00d5, 0x00d6, 0x00d7, 0x0172, 0x0141, 0x015a, 0x016a,
        0x00dc, 0x017b, 0x017d, 0x00df, 0x0105, 0x012f, 0x0101, 0x0107, 0x00e4, 0x00e5, 0x0119,
        0x0113, 0x010d, 0x00e9, 0x017a, 0x0117, 0x0123, 0x0137, 0x012b, 0x013c, 0x0161, 0x0144,
        0x0146, 0x00f3, 0x014d, 0x00f5, 0x00f6, 0x00f7, 0x0173, 0x0142, 0x015b, 0x016b, 0x00fc,
        0x017c, 0x017e, 0x2019,
    ],
    [
        0x0000, 0x0001, 0x0002, 0x0003, 0x0004, 0x0005, 0x0006, 0x0007, 0x0008, 0x0009, 0x000a,
        0x000b, 0x000c, 0x000d, 0x000e, 0x000f, 0x0010, 0x0011, 0x0012, 0x0013, 0x0014, 0x0015,
        0x0016, 0x0017, 0x0018, 0x0019, 0x001a, 0x001b, 0x001c, 0x001d, 0x001e, 0x001f, 0x0020,
        0x0021, 0x0022, 0x0023, 0x0024, 0x0025, 0x0026, 0x0027, 0x0028, 0x0029, 0x002a, 0x002b,
        0x002c, 0x002d, 0x002e, 0x002f, 0x0030, 0x0031, 0x0032, 0x0033, 0x0034, 0x0035, 0x0036,
        0x0037, 0x0038, 0x0039, 0x003a, 0x003b, 0x003c, 0x003d, 0x003e, 0x003f, 0x0040, 0x0041,
        0x0042, 0x0043, 0x0044, 0x0045, 0x0046, 0x0047, 0x0048, 0x0049, 0x004a, 0x004b, 0x004c,
        0x004d, 0x004e, 0x004f, 0x0050, 0x0051, 0x0052, 0x0053, 0x0054, 0x0055, 0x0056, 0x0057,
        0x0058, 0x0059, 0x005a, 0x005b, 0x005c, 0x005d, 0x005e, 0x005f, 0x0060, 0x0061, 0x0062,
        0x0063, 0x0064, 0x0065, 0x0066, 0x0067, 0x0068, 0x0069, 0x006a, 0x006b, 0x006c, 0x006d,
        0x006e, 0x006f, 0x0070, 0x0071, 0x0072, 0x0073, 0x0074, 0x0075, 0x0076, 0x0077, 0x0078,
        0x0079, 0x007a, 0x007b, 0x007c, 0x007d, 0x007e, 0x007f, 0x0080, 0x0081, 0x0082, 0x0083,
        0x0084, 0x0085, 0x0086, 0x0087, 0x0088, 0x0089, 0x008a, 0x008b, 0x008c, 0x008d, 0x008e,
        0x008f, 0x0090, 0x0091, 0x0092, 0x0093, 0x0094, 0x0095, 0x0096, 0x0097, 0x0098, 0x0099,
        0x009a, 0x009b, 0x009c, 0x009d, 0x009e, 0x009f, 0x00a0, 0x00a1, 0x00a2, 0x00a3, 0x20ac,
        0x00a5, 0x00a6, 0x00a7, 0x00a8, 0x00a9, 0x00aa, 0x00ab, 0x00ac, 0x00ad, 0x00ae, 0x00af,
        0x00b0, 0x00b1, 0x00b2, 0x00b3, 0x00b4, 0x00b5, 0x00b6, 0x00b7, 0x00b8, 0x00b9, 0x00ba,
        0x00bb, 0x00bc, 0x00bd, 0x00be, 0x00bf, 0x00c0, 0x00c1, 0x00c2, 0x00c3, 0x00c4, 0x00c5,
        0x00c6, 0x00c7, 0x00c8, 0x00c9, 0x00ca, 0x00cb, 0x00cc, 0x00cd, 0x00ce, 0x00cf, 0x0160,
        0x00d1, 0x00d2, 0x00d3, 0x00d4, 0x00d5, 0x00d6, 0x00d7, 0x00d8, 0x00d9, 0x00da, 0x00db,
        0x00dc, 0x00dd, 0x017d, 0x00df, 0x00e0, 0x00e1, 0x00e2, 0x00e3, 0x00e4, 0x00e5, 0x00e6,
        0x00e7, 0x00e8, 0x00e9, 0x00ea, 0x00eb, 0x00ec, 0x00ed, 0x00ee, 0x00ef, 0x0161, 0x00f1,
        0x00f2, 0x00f3, 0x00f4, 0x00f5, 0x00f6, 0x00f7, 0x00f8, 0x00f9, 0x00fa, 0x00fb, 0x00fc,
        0x00fd, 0x017e, 0x00ff,
    ],
    [
        0x0000, 0x0001, 0x0002, 0x0003, 0x0004, 0x0005, 0x0006, 0x0007, 0x0008, 0x0009, 0x000a,
        0x000b, 0x000c, 0x000d, 0x000e, 0x000f, 0x0010, 0x0011, 0x0012, 0x0013, 0x0014, 0x0015,
        0x0016, 0x0017, 0x0018, 0x0019, 0x001a, 0x001b, 0x001c, 0x001d, 0x001e, 0x001f, 0x0020,
        0x0021, 0x0022, 0x0023, 0x0024, 0x0025, 0x0026, 0x0027, 0x0028, 0x0029, 0x002a, 0x002b,
        0x002c, 0x002d, 0x002e, 0x002f, 0x0030, 0x0031, 0x0032, 0x0033, 0x0034, 0x0035, 0x0036,
        0x0037, 0x0038, 0x0039, 0x003a, 0x003b, 0x003c, 0x003d, 0x003e, 0x003f, 0x0040, 0x0041,
        0x0042, 0x0043, 0x0044, 0x0045, 0x0046, 0x0047, 0x0048, 0x0049, 0x004a, 0x004b, 0x004c,
        0x004d, 0x004e, 0x004f, 0x0050, 0x0051, 0x0052, 0x0053, 0x0054, 0x0055, 0x0056, 0x0057,
        0x0058, 0x0059, 0x005a, 0x005b, 0x005c, 0x005d, 0x005e, 0x005f, 0x0060, 0x0061, 0x0062,
        0x0063, 0x0064, 0x0065, 0x0066, 0x0067, 0x0068, 0x0069, 0x006a, 0x006b, 0x006c, 0x006d,
        0x006e, 0x006f, 0x0070, 0x0071, 0x0072, 0x0073, 0x0074, 0x0075, 0x0076, 0x0077, 0x0078,
        0x0079, 0x007a, 0x007b, 0x007c, 0x007d, 0x007e, 0x007f, 0x0080, 0x0081, 0x0082, 0x0083,
        0x0084, 0x0085, 0x0086, 0x0087, 0x0088, 0x0089, 0x008a, 0x008b, 0x008c, 0x008d, 0x008e,
        0x008f, 0x0090, 0x0091, 0x0092, 0x0093, 0x0094, 0x0095, 0x0096, 0x0097, 0x0098, 0x0099,
        0x009a, 0x009b, 0x009c, 0x009d, 0x009e, 0x009f, 0x00a0, 0x00a1, 0x00a2, 0x00a3, 0x00a4,
        0x00a5, 0x00a6, 0x00a7, 0x00a8, 0x00a9, 0x00aa, 0x00ab, 0x00ac, 0x00ad, 0x00ae, 0x00af,
        0x00b0, 0x00b1, 0x00b2, 0x00b3, 0x00b4, 0x00b5, 0x00b6, 0x00b7, 0x00b8, 0x00b9, 0x00ba,
        0x00bb, 0x00bc, 0x00bd, 0x00be, 0x00bf, 0x00c0, 0x00c1, 0x00c2, 0x00c3, 0x00c4, 0x00c5,
        0x00c6, 0x00c7, 0x00c8, 0x00c9, 0x00ca, 0x00cb, 0x00cc, 0x00cd, 0x00ce, 0x00cf, 0x0160,
        0x00d1, 0x00d2, 0x00d3, 0x00d4, 0x00d5, 0x00d6, 0x00d7, 0x00d8, 0x00d9, 0x00da, 0x00db,
        0x00dc, 0x00dd, 0x017d, 0x00df, 0x00e0, 0x00e1, 0x00e2, 0x00e3, 0x00e4, 0x00e5, 0x00e6,
        0x00e7, 0x00e8, 0x00e9, 0x00ea, 0x00eb, 0x00ec, 0x00ed, 0x00ee, 0x00ef, 0x0161, 0x00f1,
        0x00f2, 0x00f3, 0x00f4, 0x00f5, 0x00f6, 0x00f7, 0x00f8, 0x00f9, 0x00fa, 0x00fb, 0x00fc,
        0x00fd, 0x017e, 0x00ff,
    ],
    [
        0x0000, 0x0001, 0x0002, 0x0003, 0x0004, 0x0005, 0x0006, 0x0007, 0x0008, 0x0009, 0x000a,
        0x000b, 0x000c, 0x000d, 0x000e, 0x000f, 0x0010, 0x0011, 0x0012, 0x0013, 0x0014, 0x0015,
        0x0016, 0x0017, 0x0018, 0x0019, 0x001a, 0x001b, 0x001c, 0x001d, 0x001e, 0x001f, 0x0020,
        0x0021, 0x0022, 0x0023, 0x0024, 0x0025, 0x0026, 0x0027, 0x0028, 0x0029, 0x002a, 0x002b,
        0x002c, 0x002d, 0x002e, 0x002f, 0x0030, 0x0031, 0x0032, 0x0033, 0x0034, 0x0035, 0x0036,
        0x0037, 0x0038, 0x0039, 0x003a, 0x003b, 0x003c, 0x003d, 0x003e, 0x003f, 0x0040, 0x0041,
        0x0042, 0x0043, 0x0044, 0x0045, 0x0046, 0x0047, 0x0048, 0x0049, 0x004a, 0x004b, 0x004c,
        0x004d, 0x004e, 0x004f, 0x0050, 0x0051, 0x0052, 0x0053, 0x0054, 0x0055, 0x0056, 0x0057,
        0x0058, 0x0059, 0x005a, 0x005b, 0x005c, 0x005d, 0x005e, 0x005f, 0x0060, 0x0061, 0x0062,
        0x0063, 0x0064, 0x0065, 0x0066, 0x0067, 0x0068, 0x0069, 0x006a, 0x006b, 0x006c, 0x006d,
        0x006e, 0x006f, 0x0070, 0x0071, 0x0072, 0x0073, 0x0074, 0x0075, 0x0076, 0x0077, 0x0078,
        0x0079, 0x007a, 0x007b, 0x007c, 0x007d, 0x007e, 0x007f, 0x2500, 0x2502, 0x250c, 0x2510,
        0x2514, 0x2518, 0x251c, 0x2524, 0x252c, 0x2534, 0x253c, 0x2580, 0x2584, 0x2588, 0x258c,
        0x2590, 0x2591, 0x2592, 0x2593, 0x2320, 0x25a0, 0x2219, 0x221a, 0x2248, 0x2264, 0x2265,
        0x00a0, 0x2321, 0x00b0, 0x00b2, 0x00b7, 0x00f7, 0x2550, 0x2551, 0x2552, 0x0451, 0x0454,
        0x2554, 0x0456, 0x0457, 0x2557, 0x2558, 0x2559, 0x255a, 0x255b, 0x0491, 0x255d, 0x255e,
        0x255f, 0x2560, 0x2561, 0x0401, 0x0404, 0x2563, 0x0406, 0x0407, 0x2566, 0x2567, 0x2568,
        0x2569, 0x256a, 0x0490, 0x256c, 0x00a9, 0x044e, 0x0430, 0x0431, 0x0446, 0x0434, 0x0435,
        0x0444, 0x0433, 0x0445, 0x0438, 0x0439, 0x043a, 0x043b, 0x043c, 0x043d, 0x043e, 0x043f,
        0x044f, 0x0440, 0x0441, 0x0442, 0x0443, 0x0436, 0x0432, 0x044c, 0x044b, 0x0437, 0x0448,
        0x044d, 0x0449, 0x0447, 0x044a, 0x042e, 0x0410, 0x0411, 0x0426, 0x0414, 0x0415, 0x0424,
        0x0413, 0x0425, 0x0418, 0x0419, 0x041a, 0x041b, 0x041c, 0x041d, 0x041e, 0x041f, 0x042f,
        0x0420, 0x0421, 0x0422, 0x0423, 0x0416, 0x0412, 0x042c, 0x042b, 0x0417, 0x0428, 0x042d,
        0x0429, 0x0427, 0x042a,
    ],
    [
        0x0000, 0x0001, 0x0002, 0x0003, 0x0004, 0x0005, 0x0006, 0x0007, 0x0008, 0x0009, 0x000a,
        0x000b, 0x000c, 0x000d, 0x000e, 0x000f, 0x0010, 0x0011, 0x0012, 0x0013, 0x0014, 0x0015,
        0x0016, 0x0017, 0x0018, 0x0019, 0x001a, 0x001b, 0x001c, 0x001d, 0x001e, 0x001f, 0x0020,
        0x0021, 0x0022, 0x0023, 0x0024, 0x0025, 0x0026, 0x0027, 0x0028, 0x0029, 0x002a, 0x002b,
        0x002c, 0x002d, 0x002e, 0x002f, 0x0030, 0x0031, 0x0032, 0x0033, 0x0034, 0x0035, 0x0036,
        0x0037, 0x0038, 0x0039, 0x003a, 0x003b, 0x003c, 0x003d, 0x003e, 0x003f, 0x0040, 0x0041,
        0x0042, 0x0043, 0x0044, 0x0045, 0x0046, 0x0047, 0x0048, 0x0049, 0x004a, 0x004b, 0x004c,
        0x004d, 0x004e, 0x004f, 0x0050, 0x0051, 0x0052, 0x0053, 0x0054, 0x0055, 0x0056, 0x0057,
        0x0058, 0x0059, 0x005a, 0x005b, 0x005c, 0x005d, 0x005e, 0x005f, 0x0060, 0x0061, 0x0062,
        0x0063, 0x0064, 0x0065, 0x0066, 0x0067, 0x0068, 0x0069, 0x006a, 0x006b, 0x006c, 0x006d,
        0x006e, 0x006f, 0x0070, 0x0071, 0x0072, 0x0073, 0x0074, 0x0075, 0x0076, 0x0077, 0x0078,
        0x0079, 0x007a, 0x007b, 0x007c, 0x007d, 0x007e, 0x007f, 0x0080, 0x0081, 0x0082, 0x0083,
        0x0084, 0x0085, 0x0086, 0x0087, 0x0088, 0x0089, 0x008a, 0x008b, 0x008c, 0x008d, 0x008e,
        0x008f, 0x0090, 0x0091, 0x0092, 0x0093, 0x0094, 0x0095, 0x0096, 0x0097, 0x0098, 0x0099,
        0x009a, 0x009b, 0x009c, 0x009d, 0x009e, 0x009f, 0x00a0, 0x2018, 0x2019, 0x00a3, 0x20ac,
        0xfffd, 0x00a6, 0x00a7, 0x00a8, 0x00a9, 0xfffd, 0x00ab, 0x00ac, 0x00ad, 0xfffd, 0x2015,
        0x00b0, 0x00b1, 0x00b2, 0x00b3, 0x00b4, 0x0385, 0x0386, 0x0387, 0x0388, 0x0389, 0x038a,
        0x00bb, 0x038c, 0x00bd, 0x038e, 0x038f, 0x0390, 0x0391, 0x0392, 0x0393, 0x0394, 0x0395,
        0x0396, 0x0397, 0x0398, 0x0399, 0x039a, 0x039b, 0x039c, 0x039d, 0x039e, 0x039f, 0x03a0,
        0x03a1, 0xfffd, 0x03a3, 0x03a4, 0x03a5, 0x03a6, 0x03a7, 0x03a8, 0x03a9, 0x03aa, 0x03ab,
        0x03ac, 0x03ad, 0x03ae, 0x03af, 0x03b0, 0x03b1, 0x03b2, 0x03b3, 0x03b4, 0x03b5, 0x03b6,
        0x03b7, 0x03b8, 0x03b9, 0x03ba, 0x03bb, 0x03bc, 0x03bd, 0x03be, 0x03bf, 0x03c0, 0x03c1,
        0x03c2, 0x03c3, 0x03c4, 0x03c5, 0x03c6, 0x03c7, 0x03c8, 0x03c9, 0x03ca, 0x03cb, 0x03cc,
        0x03cd, 0x03ce, 0xfffd,
    ],
    [
        0x0000, 0x0001, 0x0002, 0x0003, 0x0004, 0x0005, 0x0006, 0x0007, 0x0008, 0x0009, 0x000a,
        0x000b, 0x000c, 0x000d, 0x000e, 0x000f, 0x0010, 0x0011, 0x0012, 0x0013, 0x0014, 0x0015,
        0x0016, 0x0017, 0x0018, 0x0019, 0x001a, 0x001b, 0x001c, 0x001d, 0x001e, 0x001f, 0x0020,
        0x0021, 0x0022, 0x0023, 0x0024, 0x0025, 0x0026, 0x0027, 0x0028, 0x0029, 0x002a, 0x002b,
        0x002c, 0x002d, 0x002e, 0x002f, 0x0030, 0x0031, 0x0032, 0x0033, 0x0034, 0x0035, 0x0036,
        0x0037, 0x0038, 0x0039, 0x003a, 0x003b, 0x003c, 0x003d, 0x003e, 0x003f, 0x0040, 0x0041,
        0x0042, 0x0043, 0x0044, 0x0045, 0x0046, 0x0047, 0x0048, 0x0049, 0x004a, 0x004b, 0x004c,
        0x004d, 0x004e, 0x004f, 0x0050, 0x0051, 0x0052, 0x0053, 0x0054, 0x0055, 0x0056, 0x0057,
        0x0058, 0x0059, 0x005a, 0x005b, 0x005c, 0x005d, 0x005e, 0x005f, 0x0060, 0x0061, 0x0062,
        0x0063, 0x0064, 0x0065, 0x0066, 0x0067, 0x0068, 0x0069, 0x006a, 0x006b, 0x006c, 0x006d,
        0x006e, 0x006f, 0x0070, 0x0071, 0x0072, 0x0073, 0x0074, 0x0075, 0x0076, 0x0077, 0x0078,
        0x0079, 0x007a, 0x007b, 0x007c, 0x007d, 0x007e, 0x007f, 0x20ac, 0x0081, 0x201a, 0x0083,
        0x201e, 0x2026, 0x2020, 0x2021, 0x0088, 0x2030, 0x0160, 0x2039, 0x015a, 0x0164, 0x017d,
        0x0179, 0x0090, 0x2018, 0x2019, 0x201c, 0x201d, 0x2022, 0x2013, 0x2014, 0x0098, 0x2122,
        0x0161, 0x203a, 0x015b, 0x0165, 0x017e, 0x017a, 0x00a0, 0x02c7, 0x02d8, 0x0141, 0x00a4,
        0x0104, 0x00a6, 0x00a7, 0x00a8, 0x00a9, 0x015e, 0x00ab, 0x00ac, 0x00ad, 0x00ae, 0x017b,
        0x00b0, 0x00b1, 0x02db, 0x0142, 0x00b4, 0x00b5, 0x00b6, 0x00b7, 0x00b8, 0x0105, 0x015f,
        0x00bb, 0x013d, 0x02dd, 0x013e, 0x017c, 0x0154, 0x00c1, 0x00c2, 0x0102, 0x00c4, 0x0139,
        0x0106, 0x00c7, 0x010c, 0x00c9, 0x0118, 0x00cb, 0x011a, 0x00cd, 0x00ce, 0x010e, 0x0110,
        0x0143, 0x0147, 0x00d3, 0x00d4, 0x0150, 0x00d6, 0x00d7, 0x0158, 0x016e, 0x00da, 0x0170,
        0x00dc, 0x00dd, 0x0162, 0x00df, 0x0155, 0x00e1, 0x00e2, 0x0103, 0x00e4, 0x013a, 0x0107,
        0x00e7, 0x010d, 0x00e9, 0x0119, 0x00eb, 0x011b, 0x00ed, 0x00ee, 0x010f, 0x0111, 0x0144,
        0x0148, 0x00f3, 0x00f4, 0x0151, 0x00f6, 0x00f7, 0x0159, 0x016f, 0x00fa, 0x0171, 0x00fc,
        0x00fd, 0x0163, 0x02d9,
    ],
    [
        0x0000, 0x0001, 0x0002, 0x0003, 0x0004, 0x0005, 0x0006, 0x0007, 0x0008, 0x0009, 0x000a,
        0x000b, 0x000c, 0x000d, 0x000e, 0x000f, 0x0010, 0x0011, 0x0012, 0x0013, 0x0014, 0x0015,
        0x0016, 0x0017, 0x0018, 0x0019, 0x001a, 0x001b, 0x001c, 0x001d, 0x001e, 0x001f, 0x0020,
        0x0021, 0x0022, 0x0023, 0x0024, 0x0025, 0x0026, 0x0027, 0x0028, 0x0029, 0x002a, 0x002b,
        0x002c, 0x002d, 0x002e, 0x002f, 0x0030, 0x0031, 0x0032, 0x0033, 0x0034, 0x0035, 0x0036,
        0x0037, 0x0038, 0x0039, 0x003a, 0x003b, 0x003c, 0x003d, 0x003e, 0x003f, 0x0040, 0x0041,
        0x0042, 0x0043, 0x0044, 0x0045, 0x0046, 0x0047, 0x0048, 0x0049, 0x004a, 0x004b, 0x004c,
        0x004d, 0x004e, 0x004f, 0x0050, 0x0051, 0x0052, 0x0053, 0x0054, 0x0055, 0x0056, 0x0057,
        0x0058, 0x0059, 0x005a, 0x005b, 0x005c, 0x005d, 0x005e, 0x005f, 0x0060, 0x0061, 0x0062,
        0x0063, 0x0064, 0x0065, 0x0066, 0x0067, 0x0068, 0x0069, 0x006a, 0x006b, 0x006c, 0x006d,
        0x006e, 0x006f, 0x0070, 0x0071, 0x0072, 0x0073, 0x0074, 0x0075, 0x0076, 0x0077, 0x0078,
        0x0079, 0x007a, 0x007b, 0x007c, 0x007d, 0x007e, 0x007f, 0x0402, 0x0403, 0x201a, 0x0453,
        0x201e, 0x2026, 0x2020, 0x2021, 0x20ac, 0x2030, 0x0409, 0x2039, 0x040a, 0x040c, 0x040b,
        0x040f, 0x0452, 0x2018, 0x2019, 0x201c, 0x201d, 0x2022, 0x2013, 0x2014, 0x0098, 0x2122,
        0x0459, 0x203a, 0x045a, 0x045c, 0x045b, 0x045f, 0x00a0, 0x040e, 0x045e, 0x0408, 0x00a4,
        0x0490, 0x00a6, 0x00a7, 0x0401, 0x00a9, 0x0404, 0x00ab, 0x00ac, 0x00ad, 0x00ae, 0x0407,
        0x00b0, 0x00b1, 0x0406, 0x0456, 0x0491, 0x00b5, 0x00b6, 0x00b7, 0x0451, 0x2116, 0x0454,
        0x00bb, 0x0458, 0x0405, 0x0455, 0x0457, 0x0410, 0x0411, 0x0412, 0x0413, 0x0414, 0x0415,
        0x0416, 0x0417, 0x0418, 0x0419, 0x041a, 0x041b, 0x041c, 0x041d, 0x041e, 0x041f, 0x0420,
        0x0421, 0x0422, 0x0423, 0x0424, 0x0425, 0x0426, 0x0427, 0x0428, 0x0429, 0x042a, 0x042b,
        0x042c, 0x042d, 0x042e, 0x042f, 0x0430, 0x0431, 0x0432, 0x0433, 0x0434, 0x0435, 0x0436,
        0x0437, 0x0438, 0x0439, 0x043a, 0x043b, 0x043c, 0x043d, 0x043e, 0x043f, 0x0440, 0x0441,
        0x0442, 0x0443, 0x0444, 0x0445, 0x0446, 0x0447, 0x0448, 0x0449, 0x044a, 0x044b, 0x044c,
        0x044d, 0x044e, 0x044f,
    ],
    [
        0x0000, 0x0001, 0x0002, 0x0003, 0x0004, 0x0005, 0x0006, 0x0007, 0x0008, 0x0009, 0x000a,
        0x000b, 0x000c, 0x000d, 0x000e, 0x000f, 0x0010, 0x0011, 0x0012, 0x0013, 0x0014, 0x0015,
        0x0016, 0x0017, 0x0018, 0x0019, 0x001a, 0x001b, 0x001c, 0x001d, 0x001e, 0x001f, 0x0020,
        0x0021, 0x0022, 0x0023, 0x0024, 0x0025, 0x0026, 0x0027, 0x0028, 0x0029, 0x002a, 0x002b,
        0x002c, 0x002d, 0x002e, 0x002f, 0x0030, 0x0031, 0x0032, 0x0033, 0x0034, 0x0035, 0x0036,
        0x0037, 0x0038, 0x0039, 0x003a, 0x003b, 0x003c, 0x003d, 0x003e, 0x003f, 0x0040, 0x0041,
        0x0042, 0x0043, 0x0044, 0x0045, 0x0046, 0x0047, 0x0048, 0x0049, 0x004a, 0x004b, 0x004c,
        0x004d, 0x004e, 0x004f, 0x0050, 0x0051, 0x0052, 0x0053, 0x0054, 0x0055, 0x0056, 0x0057,
        0x0058, 0x0059, 0x005a, 0x005b, 0x005c, 0x005d, 0x005e, 0x005f, 0x0060, 0x0061, 0x0062,
        0x0063, 0x0064, 0x0065, 0x0066, 0x0067, 0x0068, 0x0069, 0x006a, 0x006b, 0x006c, 0x006d,
        0x006e, 0x006f, 0x0070, 0x0071, 0x0072, 0x0073, 0x0074, 0x0075, 0x0076, 0x0077, 0x0078,
        0x0079, 0x007a, 0x007b, 0x007c, 0x007d, 0x007e, 0x007f, 0x20ac, 0x0081, 0x201a, 0x0192,
        0x201e, 0x2026, 0x2020, 0x2021, 0x02c6, 0x2030, 0x0160, 0x2039, 0x0152, 0x008d, 0x017d,
        0x008f, 0x0090, 0x2018, 0x2019, 0x201c, 0x201d, 0x2022, 0x2013, 0x2014, 0x02dc, 0x2122,
        0x0161, 0x203a, 0x0153, 0x009d, 0x017e, 0x0178, 0x00a0, 0x00a1, 0x00a2, 0x00a3, 0x00a4,
        0x00a5, 0x00a6, 0x00a7, 0x00a8, 0x00a9, 0x00aa, 0x00ab, 0x00ac, 0x00ad, 0x00ae, 0x00af,
        0x00b0, 0x00b1, 0x00b2, 0x00b3, 0x00b4, 0x00b5, 0x00b6, 0x00b7, 0x00b8, 0x00b9, 0x00ba,
        0x00bb, 0x00bc, 0x00bd, 0x00be, 0x00bf, 0x00c0, 0x00c1, 0x00c2, 0x00c3, 0x00c4, 0x00c5,
        0x00c6, 0x00c7, 0x00c8, 0x00c9, 0x00ca, 0x00cb, 0x00cc, 0x00cd, 0x00ce, 0x00cf, 0x00d0,
        0x00d1, 0x00d2, 0x00d3, 0x00d4, 0x00d5, 0x00d6, 0x00d7, 0x00d8, 0x00d9, 0x00da, 0x00db,
        0x00dc, 0x00dd, 0x00de, 0x00df, 0x00e0, 0x00e1, 0x00e2, 0x00e3, 0x00e4, 0x00e5, 0x00e6,
        0x00e7, 0x00e8, 0x00e9, 0x00ea, 0x00eb, 0x00ec, 0x00ed, 0x00ee, 0x00ef, 0x00f0, 0x00f1,
        0x00f2, 0x00f3, 0x00f4, 0x00f5, 0x00f6, 0x00f7, 0x00f8, 0x00f9, 0x00fa, 0x00fb, 0x00fc,
        0x00fd, 0x00fe, 0x00ff,
    ],
    [
        0x0000, 0x0001, 0x0002, 0x0003, 0x0004, 0x0005, 0x0006, 0x0007, 0x0008, 0x0009, 0x000a,
        0x000b, 0x000c, 0x000d, 0x000e, 0x000f, 0x0010, 0x0011, 0x0012, 0x0013, 0x0014, 0x0015,
        0x0016, 0x0017, 0x0018, 0x0019, 0x001a, 0x001b, 0x001c, 0x001d, 0x001e, 0x001f, 0x0020,
        0x0021, 0x0022, 0x0023, 0x0024, 0x0025, 0x0026, 0x0027, 0x0028, 0x0029, 0x002a, 0x002b,
        0x002c, 0x002d, 0x002e, 0x002f, 0x0030, 0x0031, 0x0032, 0x0033, 0x0034, 0x0035, 0x0036,
        0x0037, 0x0038, 0x0039, 0x003a, 0x003b, 0x003c, 0x003d, 0x003e, 0x003f, 0x0040, 0x0041,
        0x0042, 0x0043, 0x0044, 0x0045, 0x0046, 0x0047, 0x0048, 0x0049, 0x004a, 0x004b, 0x004c,
        0x004d, 0x004e, 0x004f, 0x0050, 0x0051, 0x0052, 0x0053, 0x0054, 0x0055, 0x0056, 0x0057,
        0x0058, 0x0059, 0x005a, 0x005b, 0x005c, 0x005d, 0x005e, 0x005f, 0x0060, 0x0061, 0x0062,
        0x0063, 0x0064, 0x0065, 0x0066, 0x0067, 0x0068, 0x0069, 0x006a, 0x006b, 0x006c, 0x006d,
        0x006e, 0x006f, 0x0070, 0x0071, 0x0072, 0x0073, 0x0074, 0x0075, 0x0076, 0x0077, 0x0078,
        0x0079, 0x007a, 0x007b, 0x007c, 0x007d, 0x007e, 0x007f, 0x20ac, 0x0081, 0x201a, 0x0192,
        0x201e, 0x2026, 0x2020, 0x2021, 0x0088, 0x2030, 0x008a, 0x2039, 0x008c, 0x008d, 0x008e,
        0x008f, 0x0090, 0x2018, 0x2019, 0x201c, 0x201d, 0x2022, 0x2013, 0x2014, 0x0098, 0x2122,
        0x009a, 0x203a, 0x009c, 0x009d, 0x009e, 0x009f, 0x00a0, 0x0385, 0x0386, 0x00a3, 0x00a4,
        0x00a5, 0x00a6, 0x00a7, 0x00a8, 0x00a9, 0x00aa, 0x00ab, 0x00ac, 0x00ad, 0x00ae, 0x2015,
        0x00b0, 0x00b1, 0x00b2, 0x00b3, 0x0384, 0x00b5, 0x00b6, 0x00b7, 0x0388, 0x0389, 0x038a,
        0x00bb, 0x038c, 0x00bd, 0x038e, 0x038f, 0x0390, 0x0391, 0x0392, 0x0393, 0x0394, 0x0395,
        0x0396, 0x0397, 0x0398, 0x0399, 0x039a, 0x039b, 0x039c, 0x039d, 0x039e, 0x039f, 0x03a0,
        0x03a1, 0xfffd, 0x03a3, 0x03a4, 0x03a5, 0x03a6, 0x03a7, 0x03a8, 0x03a9, 0x03aa, 0x03ab,
        0x03ac, 0x03ad, 0x03ae, 0x03af, 0x03b0, 0x03b1, 0x03b2, 0x03b3, 0x03b4, 0x03b5, 0x03b6,
        0x03b7, 0x03b8, 0x03b9, 0x03ba, 0x03bb, 0x03bc, 0x03bd, 0x03be, 0x03bf, 0x03c0, 0x03c1,
        0x03c2, 0x03c3, 0x03c4, 0x03c5, 0x03c6, 0x03c7, 0x03c8, 0x03c9, 0x03ca, 0x03cb, 0x03cc,
        0x03cd, 0x03ce, 0xfffd,
    ],
    [
        0x0000, 0x0001, 0x0002, 0x0003, 0x0004, 0x0005, 0x0006, 0x0007, 0x0008, 0x0009, 0x000a,
        0x000b, 0x000c, 0x000d, 0x000e, 0x000f, 0x0010, 0x0011, 0x0012, 0x0013, 0x0014, 0x0015,
        0x0016, 0x0017, 0x0018, 0x0019, 0x001a, 0x001b, 0x001c, 0x001d, 0x001e, 0x001f, 0x0020,
        0x0021, 0x0022, 0x0023, 0x0024, 0x0025, 0x0026, 0x0027, 0x0028, 0x0029, 0x002a, 0x002b,
        0x002c, 0x002d, 0x002e, 0x002f, 0x0030, 0x0031, 0x0032, 0x0033, 0x0034, 0x0035, 0x0036,
        0x0037, 0x0038, 0x0039, 0x003a, 0x003b, 0x003c, 0x003d, 0x003e, 0x003f, 0x0040, 0x0041,
        0x0042, 0x0043, 0x0044, 0x0045, 0x0046, 0x0047, 0x0048, 0x0049, 0x004a, 0x004b, 0x004c,
        0x004d, 0x004e, 0x004f, 0x0050, 0x0051, 0x0052, 0x0053, 0x0054, 0x0055, 0x0056, 0x0057,
        0x0058, 0x0059, 0x005a, 0x005b, 0x005c, 0x005d, 0x005e, 0x005f, 0x0060, 0x0061, 0x0062,
        0x0063, 0x0064, 0x0065, 0x0066, 0x0067, 0x0068, 0x0069, 0x006a, 0x006b, 0x006c, 0x006d,
        0x006e, 0x006f, 0x0070, 0x0071, 0x0072, 0x0073, 0x0074, 0x0075, 0x0076, 0x0077, 0x0078,
        0x0079, 0x007a, 0x007b, 0x007c, 0x007d, 0x007e, 0x007f, 0x20ac, 0x0081, 0x201a, 0x0192,
        0x201e, 0x2026, 0x2020, 0x2021, 0x02c6, 0x2030, 0x0160, 0x2039, 0x0152, 0x008d, 0x008e,
        0x008f, 0x0090, 0x2018, 0x2019, 0x201c, 0x201d, 0x2022, 0x2013, 0x2014, 0x02dc, 0x2122,
        0x0161, 0x203a, 0x0153, 0x009d, 0x009e, 0x0178, 0x00a0, 0x00a1, 0x00a2, 0x00a3, 0x00a4,
        0x00a5, 0x00a6, 0x00a7, 0x00a8, 0x00a9, 0x00aa, 0x00ab, 0x00ac, 0x00ad, 0x00ae, 0x00af,
        0x00b0, 0x00b1, 0x00b2, 0x00b3, 0x00b4, 0x00b5, 0x00b6, 0x00b7, 0x00b8, 0x00b9, 0x00ba,
        0x00bb, 0x00bc, 0x00bd, 0x00be, 0x00bf, 0x00c0, 0x00c1, 0x00c2, 0x00c3, 0x00c4, 0x00c5,
        0x00c6, 0x00c7, 0x00c8, 0x00c9, 0x00ca, 0x00cb, 0x00cc, 0x00cd, 0x00ce, 0x00cf, 0x011e,
        0x00d1, 0x00d2, 0x00d3, 0x00d4, 0x00d5, 0x00d6, 0x00d7, 0x00d8, 0x00d9, 0x00da, 0x00db,
        0x00dc, 0x0130, 0x015e, 0x00df, 0x00e0, 0x00e1, 0x00e2, 0x00e3, 0x00e4, 0x00e5, 0x00e6,
        0x00e7, 0x00e8, 0x00e9, 0x00ea, 0x00eb, 0x00ec, 0x00ed, 0x00ee, 0x00ef, 0x011f, 0x00f1,
        0x00f2, 0x00f3, 0x00f4, 0x00f5, 0x00f6, 0x00f7, 0x00f8, 0x00f9, 0x00fa, 0x00fb, 0x00fc,
        0x0131, 0x015f, 0x00ff,
    ],
    [
        0x0000, 0x0001, 0x0002, 0x0003, 0x0004, 0x0005, 0x0006, 0x0007, 0x0008, 0x0009, 0x000a,
        0x000b, 0x000c, 0x000d, 0x000e, 0x000f, 0x0010, 0x0011, 0x0012, 0x0013, 0x0014, 0x0015,
        0x0016, 0x0017, 0x0018, 0x0019, 0x001a, 0x001b, 0x001c, 0x001d, 0x001e, 0x001f, 0x0020,
        0x0021, 0x0022, 0x0023, 0x0024, 0x0025, 0x0026, 0x0027, 0x0028, 0x0029, 0x002a, 0x002b,
        0x002c, 0x002d, 0x002e, 0x002f, 0x0030, 0x0031, 0x0032, 0x0033, 0x0034, 0x0035, 0x0036,
        0x0037, 0x0038, 0x0039, 0x003a, 0x003b, 0x003c, 0x003d, 0x003e, 0x003f, 0x0040, 0x0041,
        0x0042, 0x0043, 0x0044, 0x0045, 0x0046, 0x0047, 0x0048, 0x0049, 0x004a, 0x004b, 0x004c,
        0x004d, 0x004e, 0x004f, 0x0050, 0x0051, 0x0052, 0x0053, 0x0054, 0x0055, 0x0056, 0x0057,
        0x0058, 0x0059, 0x005a, 0x005b, 0x005c, 0x005d, 0x005e, 0x005f, 0x0060, 0x0061, 0x0062,
        0x0063, 0x0064, 0x0065, 0x0066, 0x0067, 0x0068, 0x0069, 0x006a, 0x006b, 0x006c, 0x006d,
        0x006e, 0x006f, 0x0070, 0x0071, 0x0072, 0x0073, 0x0074, 0x0075, 0x0076, 0x0077, 0x0078,
        0x0079, 0x007a, 0x007b, 0x007c, 0x007d, 0x007e, 0x007f, 0x20ac, 0x0081, 0x201a, 0x0192,
        0x201e, 0x2026, 0x2020, 0x2021, 0x02c6, 0x2030, 0x008a, 0x2039, 0x008c, 0x008d, 0x008e,
        0x008f, 0x0090, 0x2018, 0x2019, 0x201c, 0x201d, 0x2022, 0x2013, 0x2014, 0x02dc, 0x2122,
        0x009a, 0x203a, 0x009c, 0x009d, 0x009e, 0x009f, 0x00a0, 0x00a1, 0x00a2, 0x00a3, 0x20aa,
        0x00a5, 0x00a6, 0x00a7, 0x00a8, 0x00a9, 0x00d7, 0x00ab, 0x00ac, 0x00ad, 0x00ae, 0x00af,
        0x00b0, 0x00b1, 0x00b2, 0x00b3, 0x00b4, 0x00b5, 0x00b6, 0x00b7, 0x00b8, 0x00b9, 0x00f7,
        0x00bb, 0x00bc, 0x00bd, 0x00be, 0x00bf, 0x05b0, 0x05b1, 0x05b2, 0x05b3, 0x05b4, 0x05b5,
        0x05b6, 0x05b7, 0x05b8, 0x05b9, 0xfffd, 0x05bb, 0x05bc, 0x05bd, 0x05be, 0x05bf, 0x05c0,
        0x05c1, 0x05c2, 0x05c3, 0x05f0, 0x05f1, 0x05f2, 0x05f3, 0x05f4, 0xfffd, 0xfffd, 0xfffd,
        0xfffd, 0xfffd, 0xfffd, 0xfffd, 0x05d0, 0x05d1, 0x05d2, 0x05d3, 0x05d4, 0x05d5, 0x05d6,
        0x05d7, 0x05d8, 0x05d9, 0x05da, 0x05db, 0x05dc, 0x05dd, 0x05de, 0x05df, 0x05e0, 0x05e1,
        0x05e2, 0x05e3, 0x05e4, 0x05e5, 0x05e6, 0x05e7, 0x05e8, 0x05e9, 0x05ea, 0xfffd, 0xfffd,
        0x200e, 0x200f, 0xfffd,
    ],
    [
        0x0000, 0x0001, 0x0002, 0x0003, 0x0004, 0x0005, 0x0006, 0x0007, 0x0008, 0x0009, 0x000a,
        0x000b, 0x000c, 0x000d, 0x000e, 0x000f, 0x0010, 0x0011, 0x0012, 0x0013, 0x0014, 0x0015,
        0x0016, 0x0017, 0x0018, 0x0019, 0x001a, 0x001b, 0x001c, 0x001d, 0x001e, 0x001f, 0x0020,
        0x0021, 0x0022, 0x0023, 0x0024, 0x0025, 0x0026, 0x0027, 0x0028, 0x0029, 0x002a, 0x002b,
        0x002c, 0x002d, 0x002e, 0x002f, 0x0030, 0x0031, 0x0032, 0x0033, 0x0034, 0x0035, 0x0036,
        0x0037, 0x0038, 0x0039, 0x003a, 0x003b, 0x003c, 0x003d, 0x003e, 0x003f, 0x0040, 0x0041,
        0x0042, 0x0043, 0x0044, 0x0045, 0x0046, 0x0047, 0x0048, 0x0049, 0x004a, 0x004b, 0x004c,
        0x004d, 0x004e, 0x004f, 0x0050, 0x0051, 0x0052, 0x0053, 0x0054, 0x0055, 0x0056, 0x0057,
        0x0058, 0x0059, 0x005a, 0x005b, 0x005c, 0x005d, 0x005e, 0x005f, 0x0060, 0x0061, 0x0062,
        0x0063, 0x0064, 0x0065, 0x0066, 0x0067, 0x0068, 0x0069, 0x006a, 0x006b, 0x006c, 0x006d,
        0x006e, 0x006f, 0x0070, 0x0071, 0x0072, 0x0073, 0x0074, 0x0075, 0x0076, 0x0077, 0x0078,
        0x0079, 0x007a, 0x007b, 0x007c, 0x007d, 0x007e, 0x007f, 0x20ac, 0x067e, 0x201a, 0x0192,
        0x201e, 0x2026, 0x2020, 0x2021, 0x02c6, 0x2030, 0x0679, 0x2039, 0x0152, 0x0686, 0x0698,
        0x0688, 0x06af, 0x2018, 0x2019, 0x201c, 0x201d, 0x2022, 0x2013, 0x2014, 0x06a9, 0x2122,
        0x0691, 0x203a, 0x0153, 0x200c, 0x200d, 0x06ba, 0x00a0, 0x060c, 0x00a2, 0x00a3, 0x00a4,
        0x00a5, 0x00a6, 0x00a7, 0x00a8, 0x00a9, 0x06be, 0x00ab, 0x00ac, 0x00ad, 0x00ae, 0x00af,
        0x00b0, 0x00b1, 0x00b2, 0x00b3, 0x00b4, 0x00b5, 0x00b6, 0x00b7, 0x00b8, 0x00b9, 0x061b,
        0x00bb, 0x00bc, 0x00bd, 0x00be, 0x061f, 0x06c1, 0x0621, 0x0622, 0x0623, 0x0624, 0x0625,
        0x0626, 0x0627, 0x0628, 0x0629, 0x062a, 0x062b, 0x062c, 0x062d, 0x062e, 0x062f, 0x0630,
        0x0631, 0x0632, 0x0633, 0x0634, 0x0635, 0x0636, 0x00d7, 0x0637, 0x0638, 0x0639, 0x063a,
        0x0640, 0x0641, 0x0642, 0x0643, 0x00e0, 0x0644, 0x00e2, 0x0645, 0x0646, 0x0647, 0x0648,
        0x00e7, 0x00e8, 0x00e9, 0x00ea, 0x00eb, 0x0649, 0x064a, 0x00ee, 0x00ef, 0x064b, 0x064c,
        0x064d, 0x064e, 0x00f4, 0x064f, 0x0650, 0x00f7, 0x0651, 0x00f9, 0x0652, 0x00fb, 0x00fc,
        0x200e, 0x200f, 0x06d2,
    ],
    [
        0x0000, 0x0001, 0x0002, 0x0003, 0x0004, 0x0005, 0x0006, 0x0007, 0x0008, 0x0009, 0x000a,
        0x000b, 0x000c, 0x000d, 0x000e, 0x000f, 0x0010, 0x0011, 0x0012, 0x0013, 0x0014, 0x0015,
        0x0016, 0x0017, 0x0018, 0x0019, 0x001a, 0x001b, 0x001c, 0x001d, 0x001e, 0x001f, 0x0020,
        0x0021, 0x0022, 0x0023, 0x0024, 0x0025, 0x0026, 0x0027, 0x0028, 0x0029, 0x002a, 0x002b,
        0x002c, 0x002d, 0x002e, 0x002f, 0x0030, 0x0031, 0x0032, 0x0033, 0x0034, 0x0035, 0x0036,
        0x0037, 0x0038, 0x0039, 0x003a, 0x003b, 0x003c, 0x003d, 0x003e, 0x003f, 0x0040, 0x0041,
        0x0042, 0x0043, 0x0044, 0x0045, 0x0046, 0x0047, 0x0048, 0x0049, 0x004a, 0x004b, 0x004c,
        0x004d, 0x004e, 0x004f, 0x0050, 0x0051, 0x0052, 0x0053, 0x0054, 0x0055, 0x0056, 0x0057,
        0x0058, 0x0059, 0x005a, 0x005b, 0x005c, 0x005d, 0x005e, 0x005f, 0x0060, 0x0061, 0x0062,
        0x0063, 0x0064, 0x0065, 0x0066, 0x0067, 0x0068, 0x0069, 0x006a, 0x006b, 0x006c, 0x006d,
        0x006e, 0x006f, 0x0070, 0x0071, 0x0072, 0x0073, 0x0074, 0x0075, 0x0076, 0x0077, 0x0078,
        0x0079, 0x007a, 0x007b, 0x007c, 0x007d, 0x007e, 0x007f, 0x20ac, 0x0081, 0x201a, 0x0083,
        0x201e, 0x2026, 0x2020, 0x2021, 0x0088, 0x2030, 0x008a, 0x2039, 0x008c, 0x00a8, 0x02c7,
        0x00b8, 0x0090, 0x2018, 0x2019, 0x201c, 0x201d, 0x2022, 0x2013, 0x2014, 0x0098, 0x2122,
        0x009a, 0x203a, 0x009c, 0x00af, 0x02db, 0x009f, 0x00a0, 0xfffd, 0x00a2, 0x00a3, 0x00a4,
        0xfffd, 0x00a6, 0x00a7, 0x00d8, 0x00a9, 0x0156, 0x00ab, 0x00ac, 0x00ad, 0x00ae, 0x00c6,
        0x00b0, 0x00b1, 0x00b2, 0x00b3, 0x00b4, 0x00b5, 0x00b6, 0x00b7, 0x00f8, 0x00b9, 0x0157,
        0x00bb, 0x00bc, 0x00bd, 0x00be, 0x00e6, 0x0104, 0x012e, 0x0100, 0x0106, 0x00c4, 0x00c5,
        0x0118, 0x0112, 0x010c, 0x00c9, 0x0179, 0x0116, 0x0122, 0x0136, 0x012a, 0x013b, 0x0160,
        0x0143, 0x0145, 0x00d3, 0x014c, 0x00d5, 0x00d6, 0x00d7, 0x0172, 0x0141, 0x015a, 0x016a,
        0x00dc, 0x017b, 0x017d, 0x00df, 0x0105, 0x012f, 0x0101, 0x0107, 0x00e4, 0x00e5, 0x0119,
        0x0113, 0x010d, 0x00e9, 0x017a, 0x0117, 0x0123, 0x0137, 0x012b, 0x013c, 0x0161, 0x0144,
        0x0146, 0x00f3, 0x014d, 0x00f5, 0x00f6, 0x00f7, 0x0173, 0x0142, 0x015b, 0x016b, 0x00fc,
        0x017c, 0x017e, 0x02d9,
    ],
    [
        0x0000, 0x0001, 0x0002, 0x0003, 0x0004, 0x0005, 0x0006, 0x0007, 0x0008, 0x0009, 0x000a,
        0x000b, 0x000c, 0x000d, 0x000e, 0x000f, 0x0010, 0x0011, 0x0012, 0x0013, 0x0014, 0x0015,
        0x0016, 0x0017, 0x0018, 0x0019, 0x001a, 0x001b, 0x001c, 0x001d, 0x001e, 0x001f, 0x0020,
        0x0021, 0x0022, 0x0023, 0x0024, 0x0025, 0x0026, 0x0027, 0x0028, 0x0029, 0x002a, 0x002b,
        0x002c, 0x002d, 0x002e, 0x002f, 0x0030, 0x0031, 0x0032, 0x0033, 0x0034, 0x0035, 0x0036,
        0x0037, 0x0038, 0x0039, 0x003a, 0x003b, 0x003c, 0x003d, 0x003e, 0x003f, 0x0040, 0x0041,
        0x0042, 0x0043, 0x0044, 0x0045, 0x0046, 0x0047, 0x0048, 0x0049, 0x004a, 0x004b, 0x004c,
        0x004d, 0x004e, 0x004f, 0x0050, 0x0051, 0x0052, 0x0053, 0x0054, 0x0055, 0x0056, 0x0057,
        0x0058, 0x0059, 0x005a, 0x005b, 0x005c, 0x005d, 0x005e, 0x005f, 0x0060, 0x0061, 0x0062,
        0x0063, 0x0064, 0x0065, 0x0066, 0x0067, 0x0068, 0x0069, 0x006a, 0x006b, 0x006c, 0x006d,
        0x006e, 0x006f, 0x0070, 0x0071, 0x0072, 0x0073, 0x0074, 0x0075, 0x0076, 0x0077, 0x0078,
        0x0079, 0x007a, 0x007b, 0x007c, 0x007d, 0x007e, 0x007f, 0x20ac, 0x0081, 0x201a, 0x0192,
        0x201e, 0x2026, 0x2020, 0x2021, 0x02c6, 0x2030, 0x008a, 0x2039, 0x0152, 0x008d, 0x008e,
        0x008f, 0x0090, 0x2018, 0x2019, 0x201c, 0x201d, 0x2022, 0x2013, 0x2014, 0x02dc, 0x2122,
        0x009a, 0x203a, 0x0153, 0x009d, 0x009e, 0x0178, 0x00a0, 0x00a1, 0x00a2, 0x00a3, 0x00a4,
        0x00a5, 0x00a6, 0x00a7, 0x00a8, 0x00a9, 0x00aa, 0x00ab, 0x00ac, 0x00ad, 0x00ae, 0x00af,
        0x00b0, 0x00b1, 0x00b2, 0x00b3, 0x00b4, 0x00b5, 0x00b6, 0x00b7, 0x00b8, 0x00b9, 0x00ba,
        0x00bb, 0x00bc, 0x00bd, 0x00be, 0x00bf, 0x00c0, 0x00c1, 0x00c2, 0x0102, 0x00c4, 0x00c5,
        0x00c6, 0x00c7, 0x00c8, 0x00c9, 0x00ca, 0x00cb, 0x0300, 0x00cd, 0x00ce, 0x00cf, 0x0110,
        0x00d1, 0x0309, 0x00d3, 0x00d4, 0x01a0, 0x00d6, 0x00d7, 0x00d8, 0x00d9, 0x00da, 0x00db,
        0x00dc, 0x01af, 0x0303, 0x00df, 0x00e0, 0x00e1, 0x00e2, 0x0103, 0x00e4, 0x00e5, 0x00e6,
        0x00e7, 0x00e8, 0x00e9, 0x00ea, 0x00eb, 0x0301, 0x00ed, 0x00ee, 0x00ef, 0x0111, 0x00f1,
        0x0323, 0x00f3, 0x00f4, 0x01a1, 0x00f6, 0x00f7, 0x00f8, 0x00f9, 0x00fa, 0x00fb, 0x00fc,
        0x01b0, 0x20ab, 0x00ff,
    ],
    [
        0x0000, 0x0001, 0x0002, 0x0003, 0x0004, 0x0005, 0x0006, 0x0007, 0x0008, 0x0009, 0x000a,
        0x000b, 0x000c, 0x000d, 0x000e, 0x000f, 0x0010, 0x0011, 0x0012, 0x0013, 0x0014, 0x0015,
        0x0016, 0x0017, 0x0018, 0x0019, 0x001a, 0x001b, 0x001c, 0x001d, 0x001e, 0x001f, 0x0020,
        0x0021, 0x0022, 0x0023, 0x0024, 0x0025, 0x0026, 0x0027, 0x0028, 0x0029, 0x002a, 0x002b,
        0x002c, 0x002d, 0x002e, 0x002f, 0x0030, 0x0031, 0x0032, 0x0033, 0x0034, 0x0035, 0x0036,
        0x0037, 0x0038, 0x0039, 0x003a, 0x003b, 0x003c, 0x003d, 0x003e, 0x003f, 0x0040, 0x0041,
        0x0042, 0x0043, 0x0044, 0x0045, 0x0046, 0x0047, 0x0048, 0x0049, 0x004a, 0x004b, 0x004c,
        0x004d, 0x004e, 0x004f, 0x0050, 0x0051, 0x0052, 0x0053, 0x0054, 0x0055, 0x0056, 0x0057,
        0x0058, 0x0059, 0x005a, 0x005b, 0x005c, 0x005d, 0x005e, 0x005f, 0x0060, 0x0061, 0x0062,
        0x0063, 0x0064, 0x0065, 0x0066, 0x0067, 0x0068, 0x0069, 0x006a, 0x006b, 0x006c, 0x006d,
        0x006e, 0x006f, 0x0070, 0x0071, 0x0072, 0x0073, 0x0074, 0x0075, 0x0076, 0x0077, 0x0078,
        0x0079, 0x007a, 0x007b, 0x007c, 0x007d, 0x007e, 0x007f, 0x0080, 0x0081, 0x201a, 0x0083,
        0x201e, 0x2026, 0x2020, 0x2021, 0x0088, 0x2030, 0x0160, 0x2039, 0x015a, 0x0164, 0x017d,
        0x0179, 0x0090, 0x2018, 0x2019, 0x201c, 0x201d, 0x2022, 0x2013, 0x2014, 0x0098, 0x2122,
        0x0161, 0x203a, 0x015b, 0x0165, 0x017e, 0x017a, 0x00a0, 0x02c7, 0x02d8, 0x0141, 0x00a4,
        0x0104, 0x00a6, 0x00a7, 0x00a8, 0x00a9, 0x015e, 0x00ab, 0x00ac, 0x00ad, 0x00ae, 0x017b,
        0x00b0, 0x00b1, 0x02db, 0x0142, 0x00b4, 0x00b5, 0x00b6, 0x00b7, 0x00b8, 0x0105, 0x015f,
        0x00bb, 0x013d, 0x02dd, 0x013e, 0x017c, 0x0154, 0x00c1, 0x00c2, 0x0102, 0x00c4, 0x0139,
        0x0106, 0x00c7, 0x010c, 0x00c9, 0x0118, 0x00cb, 0x011a, 0x00cd, 0x00ce, 0x010e, 0x0110,
        0x0143, 0x0147, 0x00d3, 0x00d4, 0x0150, 0x00d6, 0x00d7, 0x0158, 0x016e, 0x00da, 0x0170,
        0x00dc, 0x00dd, 0x0162, 0x00df, 0x0155, 0x00e1, 0x00e2, 0x0103, 0x00e4, 0x013a, 0x0107,
        0x00e7, 0x010d, 0x00e9, 0x0119, 0x00eb, 0x011b, 0x00ed, 0x00ee, 0x010f, 0x0111, 0x0144,
        0x0148, 0x00f3, 0x00f4, 0x0151, 0x00f6, 0x00f7, 0x0159, 0x016f, 0x00fa, 0x0171, 0x00fc,
        0x00fd, 0x0163, 0x02d9,
    ],
    [
        0x0000, 0x0001, 0x0002, 0x0003, 0x0004, 0x0005, 0x0006, 0x0007, 0x0008, 0x0009, 0x000a,
        0x000b, 0x000c, 0x000d, 0x000e, 0x000f, 0x0010, 0x0011, 0x0012, 0x0013, 0x0014, 0x0015,
        0x0016, 0x0017, 0x0018, 0x0019, 0x001a, 0x001b, 0x001c, 0x001d, 0x001e, 0x001f, 0x0020,
        0x0021, 0x0022, 0x0023, 0x0024, 0x0025, 0x0026, 0x0027, 0x0028, 0x0029, 0x002a, 0x002b,
        0x002c, 0x002d, 0x002e, 0x002f, 0x0030, 0x0031, 0x0032, 0x0033, 0x0034, 0x0035, 0x0036,
        0x0037, 0x0038, 0x0039, 0x003a, 0x003b, 0x003c, 0x003d, 0x003e, 0x003f, 0x0040, 0x0041,
        0x0042, 0x0043, 0x0044, 0x0045, 0x0046, 0x0047, 0x0048, 0x0049, 0x004a, 0x004b, 0x004c,
        0x004d, 0x004e, 0x004f, 0x0050, 0x0051, 0x0052, 0x0053, 0x0054, 0x0055, 0x0056, 0x0057,
        0x0058, 0x0059, 0x005a, 0x005b, 0x005c, 0x005d, 0x005e, 0x005f, 0x0060, 0x0061, 0x0062,
        0x0063, 0x0064, 0x0065, 0x0066, 0x0067, 0x0068, 0x0069, 0x006a, 0x006b, 0x006c, 0x006d,
        0x006e, 0x006f, 0x0070, 0x0071, 0x0072, 0x0073, 0x0074, 0x0075, 0x0076, 0x0077, 0x0078,
        0x0079, 0x007a, 0x007b, 0x007c, 0x007d, 0x007e, 0x007f, 0x0402, 0x0403, 0x201a, 0x0453,
        0x201e, 0x2026, 0x2020, 0x2021, 0x0088, 0x2030, 0x0409, 0x2039, 0x040a, 0x040c, 0x040b,
        0x040f, 0x0452, 0x2018, 0x2019, 0x201c, 0x201d, 0x2022, 0x2013, 0x2014, 0x0098, 0x2122,
        0x0459, 0x203a, 0x045a, 0x045c, 0x045b, 0x045f, 0x00a0, 0x040e, 0x045e, 0x0408, 0x00a4,
        0x0490, 0x00a6, 0x00a7, 0x0401, 0x00a9, 0x0404, 0x00ab, 0x00ac, 0x00ad, 0x00ae, 0x0407,
        0x00b0, 0x00b1, 0x0406, 0x0456, 0x0491, 0x00b5, 0x00b6, 0x00b7, 0x0451, 0x2116, 0x0454,
        0x00bb, 0x0458, 0x0405, 0x0455, 0x0457, 0x0410, 0x0411, 0x0412, 0x0413, 0x0414, 0x0415,
        0x0416, 0x0417, 0x0418, 0x0419, 0x041a, 0x041b, 0x041c, 0x041d, 0x041e, 0x041f, 0x0420,
        0x0421, 0x0422, 0x0423, 0x0424, 0x0425, 0x0426, 0x0427, 0x0428, 0x0429, 0x042a, 0x042b,
        0x042c, 0x042d, 0x042e, 0x042f, 0x0430, 0x0431, 0x0432, 0x0433, 0x0434, 0x0435, 0x0436,
        0x0437, 0x0438, 0x0439, 0x043a, 0x043b, 0x043c, 0x043d, 0x043e, 0x043f, 0x0440, 0x0441,
        0x0442, 0x0443, 0x0444, 0x0445, 0x0446, 0x0447, 0x0448, 0x0449, 0x044a, 0x044b, 0x044c,
        0x044d, 0x044e, 0x044f,
    ],
    [
        0x0000, 0x0001, 0x0002, 0x0003, 0x0004, 0x0005, 0x0006, 0x0007, 0x0008, 0x0009, 0x000a,
        0x000b, 0x000c, 0x000d, 0x000e, 0x000f, 0x0010, 0x0011, 0x0012, 0x0013, 0x0014, 0x0015,
        0x0016, 0x0017, 0x0018, 0x0019, 0x001a, 0x001b, 0x001c, 0x001d, 0x001e, 0x001f, 0x0020,
        0x0021, 0x0022, 0x0023, 0x0024, 0x0025, 0x0026, 0x0027, 0x0028, 0x0029, 0x002a, 0x002b,
        0x002c, 0x002d, 0x002e, 0x002f, 0x0030, 0x0031, 0x0032, 0x0033, 0x0034, 0x0035, 0x0036,
        0x0037, 0x0038, 0x0039, 0x003a, 0x003b, 0x003c, 0x003d, 0x003e, 0x003f, 0x0040, 0x0041,
        0x0042, 0x0043, 0x0044, 0x0045, 0x0046, 0x0047, 0x0048, 0x0049, 0x004a, 0x004b, 0x004c,
        0x004d, 0x004e, 0x004f, 0x0050, 0x0051, 0x0052, 0x0053, 0x0054, 0x0055, 0x0056, 0x0057,
        0x0058, 0x0059, 0x005a, 0x005b, 0x005c, 0x005d, 0x005e, 0x005f, 0x0060, 0x0061, 0x0062,
        0x0063, 0x0064, 0x0065, 0x0066, 0x0067, 0x0068, 0x0069, 0x006a, 0x006b, 0x006c, 0x006d,
        0x006e, 0x006f, 0x0070, 0x0071, 0x0072, 0x0073, 0x0074, 0x0075, 0x0076, 0x0077, 0x0078,
        0x0079, 0x007a, 0x007b, 0x007c, 0x007d, 0x007e, 0x007f, 0x0080, 0x0081, 0x201a, 0x0192,
        0x201e, 0x2026, 0x2020, 0x2021, 0x02c6, 0x2030, 0x0160, 0x2039, 0x0152, 0x008d, 0x008e,
        0x008f, 0x0090, 0x2018, 0x2019, 0x201c, 0x201d, 0x2022, 0x2013, 0x2014, 0x02dc, 0x2122,
        0x0161, 0x203a, 0x0153, 0x009d, 0x009e, 0x0178, 0x00a0, 0x00a1, 0x00a2, 0x00a3, 0x00a4,
        0x00a5, 0x00a6, 0x00a7, 0x00a8, 0x00a9, 0x00aa, 0x00ab, 0x00ac, 0x00ad, 0x00ae, 0x00af,
        0x00b0, 0x00b1, 0x00b2, 0x00b3, 0x00b4, 0x00b5, 0x00b6, 0x00b7, 0x00b8, 0x00b9, 0x00ba,
        0x00bb, 0x00bc, 0x00bd, 0x00be, 0x00bf, 0x00c0, 0x00c1, 0x00c2, 0x00c3, 0x00c4, 0x00c5,
        0x00c6, 0x00c7, 0x00c8, 0x00c9, 0x00ca, 0x00cb, 0x00cc, 0x00cd, 0x00ce, 0x00cf, 0x00d0,
        0x00d1, 0x00d2, 0x00d3, 0x00d4, 0x00d5, 0x00d6, 0x00d7, 0x00d8, 0x00d9, 0x00da, 0x00db,
        0x00dc, 0x00dd, 0x00de, 0x00df, 0x00e0, 0x00e1, 0x00e2, 0x00e3, 0x00e4, 0x00e5, 0x00e6,
        0x00e7, 0x00e8, 0x00e9, 0x00ea, 0x00eb, 0x00ec, 0x00ed, 0x00ee, 0x00ef, 0x00f0, 0x00f1,
        0x00f2, 0x00f3, 0x00f4, 0x00f5, 0x00f6, 0x00f7, 0x00f8, 0x00f9, 0x00fa, 0x00fb, 0x00fc,
        0x00fd, 0x00fe, 0x00ff,
    ],
    [
        0x0000, 0x0001, 0x0002, 0x0003, 0x0004, 0x0005, 0x0006, 0x0007, 0x0008, 0x0009, 0x000a,
        0x000b, 0x000c, 0x000d, 0x000e, 0x000f, 0x0010, 0x0011, 0x0012, 0x0013, 0x0014, 0x0015,
        0x0016, 0x0017, 0x0018, 0x0019, 0x001a, 0x001b, 0x001c, 0x001d, 0x001e, 0x001f, 0x0020,
        0x0021, 0x0022, 0x0023, 0x0024, 0x0025, 0x0026, 0x0027, 0x0028, 0x0029, 0x002a, 0x002b,
        0x002c, 0x002d, 0x002e, 0x002f, 0x0030, 0x0031, 0x0032, 0x0033, 0x0034, 0x0035, 0x0036,
        0x0037, 0x0038, 0x0039, 0x003a, 0x003b, 0x003c, 0x003d, 0x003e, 0x003f, 0x0040, 0x0041,
        0x0042, 0x0043, 0x0044, 0x0045, 0x0046, 0x0047, 0x0048, 0x0049, 0x004a, 0x004b, 0x004c,
        0x004d, 0x004e, 0x004f, 0x0050, 0x0051, 0x0052, 0x0053, 0x0054, 0x0055, 0x0056, 0x0057,
        0x0058, 0x0059, 0x005a, 0x005b, 0x005c, 0x005d, 0x005e, 0x005f, 0x0060, 0x0061, 0x0062,
        0x0063, 0x0064, 0x0065, 0x0066, 0x0067, 0x0068, 0x0069, 0x006a, 0x006b, 0x006c, 0x006d,
        0x006e, 0x006f, 0x0070, 0x0071, 0x0072, 0x0073, 0x0074, 0x0075, 0x0076, 0x0077, 0x0078,
        0x0079, 0x007a, 0x007b, 0x007c, 0x007d, 0x007e, 0x007f, 0x0080, 0x0081, 0x201a, 0x0192,
        0x201e, 0x2026, 0x2020, 0x2021, 0x0088, 0x2030, 0x008a, 0x2039, 0x008c, 0x008d, 0x008e,
        0x008f, 0x0090, 0x2018, 0x2019, 0x201c, 0x201d, 0x2022, 0x2013, 0x2014, 0x0098, 0x2122,
        0x009a, 0x203a, 0x009c, 0x009d, 0x009e, 0x009f, 0x00a0, 0x0385, 0x0386, 0x00a3, 0x00a4,
        0x00a5, 0x00a6, 0x00a7, 0x00a8, 0x00a9, 0x00aa, 0x00ab, 0x00ac, 0x00ad, 0x00ae, 0x2015,
        0x00b0, 0x00b1, 0x00b2, 0x00b3, 0x0384, 0x00b5, 0x00b6, 0x00b7, 0x0388, 0x0389, 0x038a,
        0x00bb, 0x038c, 0x00bd, 0x038e, 0x038f, 0x0390, 0x0391, 0x0392, 0x0393, 0x0394, 0x0395,
        0x0396, 0x0397, 0x0398, 0x0399, 0x039a, 0x039b, 0x039c, 0x039d, 0x039e, 0x039f, 0x03a0,
        0x03a1, 0xfffd, 0x03a3, 0x03a4, 0x03a5, 0x03a6, 0x03a7, 0x03a8, 0x03a9, 0x03aa, 0x03ab,
        0x03ac, 0x03ad, 0x03ae, 0x03af, 0x03b0, 0x03b1, 0x03b2, 0x03b3, 0x03b4, 0x03b5, 0x03b6,
        0x03b7, 0x03b8, 0x03b9, 0x03ba, 0x03bb, 0x03bc, 0x03bd, 0x03be, 0x03bf, 0x03c0, 0x03c1,
        0x03c2, 0x03c3, 0x03c4, 0x03c5, 0x03c6, 0x03c7, 0x03c8, 0x03c9, 0x03ca, 0x03cb, 0x03cc,
        0x03cd, 0x03ce, 0xfffd,
    ],
    [
        0x0000, 0x0001, 0x0002, 0x0003, 0x0004, 0x0005, 0x0006, 0x0007, 0x0008, 0x0009, 0x000a,
        0x000b, 0x000c, 0x000d, 0x000e, 0x000f, 0x0010, 0x0011, 0x0012, 0x0013, 0x0014, 0x0015,
        0x0016, 0x0017, 0x0018, 0x0019, 0x001a, 0x001b, 0x001c, 0x001d, 0x001e, 0x001f, 0x0020,
        0x0021, 0x0022, 0x0023, 0x0024, 0x0025, 0x0026, 0x0027, 0x0028, 0x0029, 0x002a, 0x002b,
        0x002c, 0x002d, 0x002e, 0x002f, 0x0030, 0x0031, 0x0032, 0x0033, 0x0034, 0x0035, 0x0036,
        0x0037, 0x0038, 0x0039, 0x003a, 0x003b, 0x003c, 0x003d, 0x003e, 0x003f, 0x0040, 0x0041,
        0x0042, 0x0043, 0x0044, 0x0045, 0x0046, 0x0047, 0x0048, 0x0049, 0x004a, 0x004b, 0x004c,
        0x004d, 0x004e, 0x004f, 0x0050, 0x0051, 0x0052, 0x0053, 0x0054, 0x0055, 0x0056, 0x0057,
        0x0058, 0x0059, 0x005a, 0x005b, 0x005c, 0x005d, 0x005e, 0x005f, 0x0060, 0x0061, 0x0062,
        0x0063, 0x0064, 0x0065, 0x0066, 0x0067, 0x0068, 0x0069, 0x006a, 0x006b, 0x006c, 0x006d,
        0x006e, 0x006f, 0x0070, 0x0071, 0x0072, 0x0073, 0x0074, 0x0075, 0x0076, 0x0077, 0x0078,
        0x0079, 0x007a, 0x007b, 0x007c, 0x007d, 0x007e, 0x007f, 0x0080, 0x0081, 0x201a, 0x0192,
        0x201e, 0x2026, 0x2020, 0x2021, 0x02c6, 0x2030, 0x0160, 0x2039, 0x0152, 0x008d, 0x008e,
        0x008f, 0x0090, 0x2018, 0x2019, 0x201c, 0x201d, 0x2022, 0x2013, 0x2014, 0x02dc, 0x2122,
        0x0161, 0x203a, 0x0153, 0x009d, 0x009e, 0x0178, 0x00a0, 0x00a1, 0x00a2, 0x00a3, 0x00a4,
        0x00a5, 0x00a6, 0x00a7, 0x00a8, 0x00a9, 0x00aa, 0x00ab, 0x00ac, 0x00ad, 0x00ae, 0x00af,
        0x00b0, 0x00b1, 0x00b2, 0x00b3, 0x00b4, 0x00b5, 0x00b6, 0x00b7, 0x00b8, 0x00b9, 0x00ba,
        0x00bb, 0x00bc, 0x00bd, 0x00be, 0x00bf, 0x00c0, 0x00c1, 0x00c2, 0x00c3, 0x00c4, 0x00c5,
        0x00c6, 0x00c7, 0x00c8, 0x00c9, 0x00ca, 0x00cb, 0x00cc, 0x00cd, 0x00ce, 0x00cf, 0x011e,
        0x00d1, 0x00d2, 0x00d3, 0x00d4, 0x00d5, 0x00d6, 0x00d7, 0x00d8, 0x00d9, 0x00da, 0x00db,
        0x00dc, 0x0130, 0x015e, 0x00df, 0x00e0, 0x00e1, 0x00e2, 0x00e3, 0x00e4, 0x00e5, 0x00e6,
        0x00e7, 0x00e8, 0x00e9, 0x00ea, 0x00eb, 0x00ec, 0x00ed, 0x00ee, 0x00ef, 0x011f, 0x00f1,
        0x00f2, 0x00f3, 0x00f4, 0x00f5, 0x00f6, 0x00f7, 0x00f8, 0x00f9, 0x00fa, 0x00fb, 0x00fc,
        0x0131, 0x015f, 0x00ff,
    ],
    [
        0x0000, 0x0001, 0x0002, 0x0003, 0x0004, 0x0005, 0x0006, 0x0007, 0x0008, 0x0009, 0x000a,
        0x000b, 0x000c, 0x000d, 0x000e, 0x000f, 0x0010, 0x0011, 0x0012, 0x0013, 0x0014, 0x0015,
        0x0016, 0x0017, 0x0018, 0x0019, 0x001a, 0x001b, 0x001c, 0x001d, 0x001e, 0x001f, 0x0020,
        0x0021, 0x0022, 0x0023, 0x0024, 0x0025, 0x0026, 0x0027, 0x0028, 0x0029, 0x002a, 0x002b,
        0x002c, 0x002d, 0x002e, 0x002f, 0x0030, 0x0031, 0x0032, 0x0033, 0x0034, 0x0035, 0x0036,
        0x0037, 0x0038, 0x0039, 0x003a, 0x003b, 0x003c, 0x003d, 0x003e, 0x003f, 0x0040, 0x0041,
        0x0042, 0x0043, 0x0044, 0x0045, 0x0046, 0x0047, 0x0048, 0x0049, 0x004a, 0x004b, 0x004c,
        0x004d, 0x004e, 0x004f, 0x0050, 0x0051, 0x0052, 0x0053, 0x0054, 0x0055, 0x0056, 0x0057,
        0x0058, 0x0059, 0x005a, 0x005b, 0x005c, 0x005d, 0x005e, 0x005f, 0x0060, 0x0061, 0x0062,
        0x0063, 0x0064, 0x0065, 0x0066, 0x0067, 0x0068, 0x0069, 0x006a, 0x006b, 0x006c, 0x006d,
        0x006e, 0x006f, 0x0070, 0x0071, 0x0072, 0x0073, 0x0074, 0x0075, 0x0076, 0x0077, 0x0078,
        0x0079, 0x007a, 0x007b, 0x007c, 0x007d, 0x007e, 0x007f, 0x0080, 0x0081, 0x201a, 0x0192,
        0x201e, 0x2026, 0x2020, 0x2021, 0x02c6, 0x2030, 0x008a, 0x2039, 0x008c, 0x008d, 0x008e,
        0x008f, 0x0090, 0x2018, 0x2019, 0x201c, 0x201d, 0x2022, 0x2013, 0x2014, 0x02dc, 0x2122,
        0x009a, 0x203a, 0x009c, 0x009d, 0x009e, 0x009f, 0x00a0, 0xfffd, 0x00a2, 0x00a3, 0x20aa,
        0x00a5, 0x00a6, 0x00a7, 0x00a8, 0x00a9, 0xfffd, 0x00ab, 0x00ac, 0x00ad, 0x00ae, 0x00af,
        0x00b0, 0x00b1, 0x00b2, 0x00b3, 0x00b4, 0x00b5, 0x00b6, 0x00b7, 0xfffd, 0x00b9, 0xfffd,
        0x00bb, 0x00bc, 0x00bd, 0x00be, 0xfffd, 0x05b0, 0x05b1, 0x05b2, 0x05b3, 0x05b4, 0x05b5,
        0x05b6, 0x05b7, 0x05b8, 0x05b9, 0xfffd, 0x05bb, 0x05bc, 0x05bd, 0x05be, 0x05bf, 0x05c0,
        0x05c1, 0x05c2, 0x05c3, 0x05f0, 0x05f1, 0x05f2, 0xfffd, 0xfffd, 0xfffd, 0xfffd, 0xfffd,
        0xfffd, 0xfffd, 0xfffd, 0xfffd, 0x05d0, 0x05d1, 0x05d2, 0x05d3, 0x05d4, 0x05d5, 0x05d6,
        0x05d7, 0x05d8, 0x05d9, 0x05da, 0x05db, 0x05dc, 0x05dd, 0x05de, 0x05df, 0x05e0, 0x05e1,
        0x05e2, 0x05e3, 0x05e4, 0x05e5, 0x05e6, 0x05e7, 0x05e8, 0x05e9, 0x05ea, 0xfffd, 0xfffd,
        0x200e, 0x200f, 0xfffd,
    ],
    [
        0x0000, 0x0001, 0x0002, 0x0003, 0x0004, 0x0005, 0x0006, 0x0007, 0x0008, 0x0009, 0x000a,
        0x000b, 0x000c, 0x000d, 0x000e, 0x000f, 0x0010, 0x0011, 0x0012, 0x0013, 0x0014, 0x0015,
        0x0016, 0x0017, 0x0018, 0x0019, 0x001a, 0x001b, 0x001c, 0x001d, 0x001e, 0x001f, 0x0020,
        0x0021, 0x0022, 0x0023, 0x0024, 0x0025, 0x0026, 0x0027, 0x0028, 0x0029, 0x002a, 0x002b,
        0x002c, 0x002d, 0x002e, 0x002f, 0x0030, 0x0031, 0x0032, 0x0033, 0x0034, 0x0035, 0x0036,
        0x0037, 0x0038, 0x0039, 0x003a, 0x003b, 0x003c, 0x003d, 0x003e, 0x003f, 0x0040, 0x0041,
        0x0042, 0x0043, 0x0044, 0x0045, 0x0046, 0x0047, 0x0048, 0x0049, 0x004a, 0x004b, 0x004c,
        0x004d, 0x004e, 0x004f, 0x0050, 0x0051, 0x0052, 0x0053, 0x0054, 0x0055, 0x0056, 0x0057,
        0x0058, 0x0059, 0x005a, 0x005b, 0x005c, 0x005d, 0x005e, 0x005f, 0x0060, 0x0061, 0x0062,
        0x0063, 0x0064, 0x0065, 0x0066, 0x0067, 0x0068, 0x0069, 0x006a, 0x006b, 0x006c, 0x006d,
        0x006e, 0x006f, 0x0070, 0x0071, 0x0072, 0x0073, 0x0074, 0x0075, 0x0076, 0x0077, 0x0078,
        0x0079, 0x007a, 0x007b, 0x007c, 0x007d, 0x007e, 0x007f, 0x20ac, 0x0081, 0x201a, 0x0192,
        0x201e, 0x2026, 0x2020, 0x2021, 0x02c6, 0x2030, 0x008a, 0x2039, 0x008c, 0x008d, 0x008e,
        0x008f, 0x0090, 0x2018, 0x2019, 0x201c, 0x201d, 0x2022, 0x2013, 0x2014, 0x02dc, 0x2122,
        0x009a, 0x203a, 0x009c, 0x009d, 0x009e, 0x009f, 0x00a0, 0xfffd, 0x00a2, 0x00a3, 0x20aa,
        0x00a5, 0x00a6, 0x00a7, 0x00a8, 0x00a9, 0xfffd, 0x00ab, 0x00ac, 0x00ad, 0x00ae, 0x00af,
        0x00b0, 0x00b1, 0x00b2, 0x00b3, 0x00b4, 0x00b5, 0x00b6, 0x00b7, 0xfffd, 0x00b9, 0xfffd,
        0x00bb, 0x00bc, 0x00bd, 0x00be, 0xfffd, 0x05b0, 0x05b1, 0x05b2, 0x05b3, 0x05b4, 0x05b5,
        0x05b6, 0x05b7, 0x05b8, 0x05b9, 0xfffd, 0x05bb, 0x05bc, 0x05bd, 0x05be, 0x05bf, 0x05c0,
        0x05c1, 0x05c2, 0x05c3, 0x05f0, 0x05f1, 0x05f2, 0xfffd, 0xfffd, 0xfffd, 0xfffd, 0xfffd,
        0xfffd, 0xfffd, 0xfffd, 0xfffd, 0x05d0, 0x05d1, 0x05d2, 0x05d3, 0x05d4, 0x05d5, 0x05d6,
        0x05d7, 0x05d8, 0x05d9, 0x05da, 0x05db, 0x05dc, 0x05dd, 0x05de, 0x05df, 0x05e0, 0x05e1,
        0x05e2, 0x05e3, 0x05e4, 0x05e5, 0x05e6, 0x05e7, 0x05e8, 0x05e9, 0x05ea, 0xfffd, 0xfffd,
        0x200e, 0x200f, 0xfffd,
    ],
    [
        0x0000, 0x0001, 0x0002, 0x0003, 0x0004, 0x0005, 0x0006, 0x0007, 0x0008, 0x0009, 0x000a,
        0x000b, 0x000c, 0x000d, 0x000e, 0x000f, 0x0010, 0x0011, 0x0012, 0x0013, 0x0014, 0x0015,
        0x0016, 0x0017, 0x0018, 0x0019, 0x001a, 0x001b, 0x001c, 0x001d, 0x001e, 0x001f, 0x0020,
        0x0021, 0x0022, 0x0023, 0x0024, 0x0025, 0x0026, 0x0027, 0x0028, 0x0029, 0x002a, 0x002b,
        0x002c, 0x002d, 0x002e, 0x002f, 0x0030, 0x0031, 0x0032, 0x0033, 0x0034, 0x0035, 0x0036,
        0x0037, 0x0038, 0x0039, 0x003a, 0x003b, 0x003c, 0x003d, 0x003e, 0x003f, 0x0040, 0x0041,
        0x0042, 0x0043, 0x0044, 0x0045, 0x0046, 0x0047, 0x0048, 0x0049, 0x004a, 0x004b, 0x004c,
        0x004d, 0x004e, 0x004f, 0x0050, 0x0051, 0x0052, 0x0053, 0x0054, 0x0055, 0x0056, 0x0057,
        0x0058, 0x0059, 0x005a, 0x005b, 0x005c, 0x005d, 0x005e, 0x005f, 0x0060, 0x0061, 0x0062,
        0x0063, 0x0064, 0x0065, 0x0066, 0x0067, 0x0068, 0x0069, 0x006a, 0x006b, 0x006c, 0x006d,
        0x006e, 0x006f, 0x0070, 0x0071, 0x0072, 0x0073, 0x0074, 0x0075, 0x0076, 0x0077, 0x0078,
        0x0079, 0x007a, 0x007b, 0x007c, 0x007d, 0x007e, 0x007f, 0x0080, 0x067e, 0x201a, 0x0192,
        0x201e, 0x2026, 0x2020, 0x2021, 0x02c6, 0x2030, 0x008a, 0x2039, 0x0152, 0x0686, 0x0698,
        0x008f, 0x06af, 0x2018, 0x2019, 0x201c, 0x201d, 0x2022, 0x2013, 0x2014, 0x0098, 0x2122,
        0x009a, 0x203a, 0x0153, 0x200c, 0x200d, 0x009f, 0x00a0, 0x060c, 0x00a2, 0x00a3, 0x00a4,
        0x00a5, 0x00a6, 0x00a7, 0x00a8, 0x00a9, 0xfffd, 0x00ab, 0x00ac, 0x00ad, 0x00ae, 0x00af,
        0x00b0, 0x00b1, 0x00b2, 0x00b3, 0x00b4, 0x00b5, 0x00b6, 0x00b7, 0x00b8, 0x00b9, 0x061b,
        0x00bb, 0x00bc, 0x00bd, 0x00be, 0x061f, 0xfffd, 0x0621, 0x0622, 0x0623, 0x0624, 0x0625,
        0x0626, 0x0627, 0x0628, 0x0629, 0x062a, 0x062b, 0x062c, 0x062d, 0x062e, 0x062f, 0x0630,
        0x0631, 0x0632, 0x0633, 0x0634, 0x0635, 0x0636, 0x00d7, 0x0637, 0x0638, 0x0639, 0x063a,
        0x0640, 0x0641, 0x0642, 0x0643, 0x00e0, 0x0644, 0x00e2, 0x0645, 0x0646, 0x0647, 0x0648,
        0x00e7, 0x00e8, 0x00e9, 0x00ea, 0x00eb, 0x0649, 0x064a, 0x00ee, 0x00ef, 0x064b, 0x064c,
        0x064d, 0x064e, 0x00f4, 0x064f, 0x0650, 0x00f7, 0x0651, 0x00f9, 0x0652, 0x00fb, 0x00fc,
        0x200e, 0x200f, 0xfffd,
    ],
    [
        0x0000, 0x0001, 0x0002, 0x0003, 0x0004, 0x0005, 0x0006, 0x0007, 0x0008, 0x0009, 0x000a,
        0x000b, 0x000c, 0x000d, 0x000e, 0x000f, 0x0010, 0x0011, 0x0012, 0x0013, 0x0014, 0x0015,
        0x0016, 0x0017, 0x0018, 0x0019, 0x001a, 0x001b, 0x001c, 0x001d, 0x001e, 0x001f, 0x0020,
        0x0021, 0x0022, 0x0023, 0x0024, 0x0025, 0x0026, 0x0027, 0x0028, 0x0029, 0x002a, 0x002b,
        0x002c, 0x002d, 0x002e, 0x002f, 0x0030, 0x0031, 0x0032, 0x0033, 0x0034, 0x0035, 0x0036,
        0x0037, 0x0038, 0x0039, 0x003a, 0x003b, 0x003c, 0x003d, 0x003e, 0x003f, 0x0040, 0x0041,
        0x0042, 0x0043, 0x0044, 0x0045, 0x0046, 0x0047, 0x0048, 0x0049, 0x004a, 0x004b, 0x004c,
        0x004d, 0x004e, 0x004f, 0x0050, 0x0051, 0x0052, 0x0053, 0x0054, 0x0055, 0x0056, 0x0057,
        0x0058, 0x0059, 0x005a, 0x005b, 0x005c, 0x005d, 0x005e, 0x005f, 0x0060, 0x0061, 0x0062,
        0x0063, 0x0064, 0x0065, 0x0066, 0x0067, 0x0068, 0x0069, 0x006a, 0x006b, 0x006c, 0x006d,
        0x006e, 0x006f, 0x0070, 0x0071, 0x0072, 0x0073, 0x0074, 0x0075, 0x0076, 0x0077, 0x0078,
        0x0079, 0x007a, 0x007b, 0x007c, 0x007d, 0x007e, 0x007f, 0x20ac, 0x067e, 0x201a, 0x0192,
        0x201e, 0x2026, 0x2020, 0x2021, 0x02c6, 0x2030, 0x008a, 0x2039, 0x0152, 0x0686, 0x0698,
        0x008f, 0x06af, 0x2018, 0x2019, 0x201c, 0x201d, 0x2022, 0x2013, 0x2014, 0x0098, 0x2122,
        0x009a, 0x203a, 0x0153, 0x200c, 0x200d, 0x009f, 0x00a0, 0x060c, 0x00a2, 0x00a3, 0x00a4,
        0x00a5, 0x00a6, 0x00a7, 0x00a8, 0x00a9, 0xfffd, 0x00ab, 0x00ac, 0x00ad, 0x00ae, 0x00af,
        0x00b0, 0x00b1, 0x00b2, 0x00b3, 0x00b4, 0x00b5, 0x00b6, 0x00b7, 0x00b8, 0x00b9, 0x061b,
        0x00bb, 0x00bc, 0x00bd, 0x00be, 0x061f, 0xfffd, 0x0621, 0x0622, 0x0623, 0x0624, 0x0625,
        0x0626, 0x0627, 0x0628, 0x0629, 0x062a, 0x062b, 0x062c, 0x062d, 0x062e, 0x062f, 0x0630,
        0x0631, 0x0632, 0x0633, 0x0634, 0x0635, 0x0636, 0x00d7, 0x0637, 0x0638, 0x0639, 0x063a,
        0x0640, 0x0641, 0x0642, 0x0643, 0x00e0, 0x0644, 0x00e2, 0x0645, 0x0646, 0x0647, 0x0648,
        0x00e7, 0x00e8, 0x00e9, 0x00ea, 0x00eb, 0x0649, 0x064a, 0x00ee, 0x00ef, 0x064b, 0x064c,
        0x064d, 0x064e, 0x00f4, 0x064f, 0x0650, 0x00f7, 0x0651, 0x00f9, 0x0652, 0x00fb, 0x00fc,
        0x200e, 0x200f, 0xfffd,
    ],
    [
        0x0000, 0x0001, 0x0002, 0x0003, 0x0004, 0x0005, 0x0006, 0x0007, 0x0008, 0x0009, 0x000a,
        0x000b, 0x000c, 0x000d, 0x000e, 0x000f, 0x0010, 0x0011, 0x0012, 0x0013, 0x0014, 0x0015,
        0x0016, 0x0017, 0x0018, 0x0019, 0x001a, 0x001b, 0x001c, 0x001d, 0x001e, 0x001f, 0x0020,
        0x0021, 0x0022, 0x0023, 0x0024, 0x0025, 0x0026, 0x0027, 0x0028, 0x0029, 0x002a, 0x002b,
        0x002c, 0x002d, 0x002e, 0x002f, 0x0030, 0x0031, 0x0032, 0x0033, 0x0034, 0x0035, 0x0036,
        0x0037, 0x0038, 0x0039, 0x003a, 0x003b, 0x003c, 0x003d, 0x003e, 0x003f, 0x0040, 0x0041,
        0x0042, 0x0043, 0x0044, 0x0045, 0x0046, 0x0047, 0x0048, 0x0049, 0x004a, 0x004b, 0x004c,
        0x004d, 0x004e, 0x004f, 0x0050, 0x0051, 0x0052, 0x0053, 0x0054, 0x0055, 0x0056, 0x0057,
        0x0058, 0x0059, 0x005a, 0x005b, 0x005c, 0x005d, 0x005e, 0x005f, 0x0060, 0x0061, 0x0062,
        0x0063, 0x0064, 0x0065, 0x0066, 0x0067, 0x0068, 0x0069, 0x006a, 0x006b, 0x006c, 0x006d,
        0x006e, 0x006f, 0x0070, 0x0071, 0x0072, 0x0073, 0x0074, 0x0075, 0x0076, 0x0077, 0x0078,
        0x0079, 0x007a, 0x007b, 0x007c, 0x007d, 0x007e, 0x007f, 0x0080, 0x0081, 0x201a, 0x0083,
        0x201e, 0x2026, 0x2020, 0x2021, 0x0088, 0x2030, 0x008a, 0x2039, 0x008c, 0x008d, 0x008e,
        0x008f, 0x0090, 0x2018, 0x2019, 0x201c, 0x201d, 0x2022, 0x2013, 0x2014, 0x0098, 0x2122,
        0x009a, 0x203a, 0x009c, 0x009d, 0x009e, 0x009f, 0x00a0, 0xfffd, 0x00a2, 0x00a3, 0x00a4,
        0xfffd, 0x00a6, 0x00a7, 0x00d8, 0x00a9, 0x0156, 0x00ab, 0x00ac, 0x00ad, 0x00ae, 0x00c6,
        0x00b0, 0x00b1, 0x00b2, 0x00b3, 0xfffd, 0x00b5, 0x00b6, 0x00b7, 0x00f8, 0x00b9, 0x0157,
        0x00bb, 0x00bc, 0x00bd, 0x00be, 0x00e6, 0x0104, 0x012e, 0x0100, 0x0106, 0x00c4, 0x00c5,
        0x0118, 0x0112, 0x010c, 0x00c9, 0x0179, 0x0116, 0x0122, 0x0136, 0x012a, 0x013b, 0x0160,
        0x0143, 0x0145, 0x00d3, 0x014c, 0x00d5, 0x00d6, 0x00d7, 0x0172, 0x0141, 0x015a, 0x016a,
        0x00dc, 0x017b, 0x017d, 0x00df, 0x0105, 0x012f, 0x0101, 0x0107, 0x00e4, 0x00e5, 0x0119,
        0x0113, 0x010d, 0x00e9, 0x017a, 0x0117, 0x0123, 0x0137, 0x012b, 0x013c, 0x0161, 0x0144,
        0x0146, 0x00f3, 0x014d, 0x00f5, 0x00f6, 0x00f7, 0x0173, 0x0142, 0x015b, 0x016b, 0x00fc,
        0x017c, 0x017e, 0xfffd,
    ],
    [
        0x0000, 0x0001, 0x0002, 0x0003, 0x0004, 0x0005, 0x0006, 0x0007, 0x0008, 0x0009, 0x000a,
        0x000b, 0x000c, 0x000d, 0x000e, 0x000f, 0x0010, 0x0011, 0x0012, 0x0013, 0x0014, 0x0015,
        0x0016, 0x0017, 0x0018, 0x0019, 0x001a, 0x001b, 0x001c, 0x001d, 0x001e, 0x001f, 0x0020,
        0x0021, 0x0022, 0x0023, 0x0024, 0x0025, 0x0026, 0x0027, 0x0028, 0x0029, 0x002a, 0x002b,
        0x002c, 0x002d, 0x002e, 0x002f, 0x0030, 0x0031, 0x0032, 0x0033, 0x0034, 0x0035, 0x0036,
        0x0037, 0x0038, 0x0039, 0x003a, 0x003b, 0x003c, 0x003d, 0x003e, 0x003f, 0x0040, 0x0041,
        0x0042, 0x0043, 0x0044, 0x0045, 0x0046, 0x0047, 0x0048, 0x0049, 0x004a, 0x004b, 0x004c,
        0x004d, 0x004e, 0x004f, 0x0050, 0x0051, 0x0052, 0x0053, 0x0054, 0x0055, 0x0056, 0x0057,
        0x0058, 0x0059, 0x005a, 0x005b, 0x005c, 0x005d, 0x005e, 0x005f, 0x0060, 0x0061, 0x0062,
        0x0063, 0x0064, 0x0065, 0x0066, 0x0067, 0x0068, 0x0069, 0x006a, 0x006b, 0x006c, 0x006d,
        0x006e, 0x006f, 0x0070, 0x0071, 0x0072, 0x0073, 0x0074, 0x0075, 0x0076, 0x0077, 0x0078,
        0x0079, 0x007a, 0x007b, 0x007c, 0x007d, 0x007e, 0x007f, 0x20ac, 0x0081, 0x201a, 0x0083,
        0x201e, 0x2026, 0x2020, 0x2021, 0x0088, 0x2030, 0x008a, 0x2039, 0x008c, 0x008d, 0x008e,
        0x008f, 0x0090, 0x2018, 0x2019, 0x201c, 0x201d, 0x2022, 0x2013, 0x2014, 0x0098, 0x2122,
        0x009a, 0x203a, 0x009c, 0x009d, 0x009e, 0x009f, 0x00a0, 0xfffd, 0x00a2, 0x00a3, 0x00a4,
        0xfffd, 0x00a6, 0x00a7, 0x00d8, 0x00a9, 0x0156, 0x00ab, 0x00ac, 0x00ad, 0x00ae, 0x00c6,
        0x00b0, 0x00b1, 0x00b2, 0x00b3, 0xfffd, 0x00b5, 0x00b6, 0x00b7, 0x00f8, 0x00b9, 0x0157,
        0x00bb, 0x00bc, 0x00bd, 0x00be, 0x00e6, 0x0104, 0x012e, 0x0100, 0x0106, 0x00c4, 0x00c5,
        0x0118, 0x0112, 0x010c, 0x00c9, 0x0179, 0x0116, 0x0122, 0x0136, 0x012a, 0x013b, 0x0160,
        0x0143, 0x0145, 0x00d3, 0x014c, 0x00d5, 0x00d6, 0x00d7, 0x0172, 0x0141, 0x015a, 0x016a,
        0x00dc, 0x017b, 0x017d, 0x00df, 0x0105, 0x012f, 0x0101, 0x0107, 0x00e4, 0x00e5, 0x0119,
        0x0113, 0x010d, 0x00e9, 0x017a, 0x0117, 0x0123, 0x0137, 0x012b, 0x013c, 0x0161, 0x0144,
        0x0146, 0x00f3, 0x014d, 0x00f5, 0x00f6, 0x00f7, 0x0173, 0x0142, 0x015b, 0x016b, 0x00fc,
        0x017c, 0x017e, 0xfffd,
    ],
    [
        0x0000, 0x0001, 0x0002, 0x0003, 0x0004, 0x0005, 0x0006, 0x0007, 0x0008, 0x0009, 0x000a,
        0x000b, 0x000c, 0x000d, 0x000e, 0x000f, 0x0010, 0x0011, 0x0012, 0x0013, 0x0014, 0x0015,
        0x0016, 0x0017, 0x0018, 0x0019, 0x001a, 0x001b, 0x001c, 0x001d, 0x001e, 0x001f, 0x0020,
        0x0021, 0x0022, 0x0023, 0x0024, 0x0025, 0x0026, 0x0027, 0x0028, 0x0029, 0x002a, 0x002b,
        0x002c, 0x002d, 0x002e, 0x002f, 0x0030, 0x0031, 0x0032, 0x0033, 0x0034, 0x0035, 0x0036,
        0x0037, 0x0038, 0x0039, 0x003a, 0x003b, 0x003c, 0x003d, 0x003e, 0x003f, 0x0040, 0x0041,
        0x0042, 0x0043, 0x0044, 0x0045, 0x0046, 0x0047, 0x0048, 0x0049, 0x004a, 0x004b, 0x004c,
        0x004d, 0x004e, 0x004f, 0x0050, 0x0051, 0x0052, 0x0053, 0x0054, 0x0055, 0x0056, 0x0057,
        0x0058, 0x0059, 0x005a, 0x005b, 0x005c, 0x005d, 0x005e, 0x005f, 0x0060, 0x0061, 0x0062,
        0x0063, 0x0064, 0x0065, 0x0066, 0x0067, 0x0068, 0x0069, 0x006a, 0x006b, 0x006c, 0x006d,
        0x006e, 0x006f, 0x0070, 0x0071, 0x0072, 0x0073, 0x0074, 0x0075, 0x0076, 0x0077, 0x0078,
        0x0079, 0x007a, 0x007b, 0x007c, 0x007d, 0x007e, 0x007f, 0x0080, 0x0081, 0x201a, 0x0192,
        0x201e, 0x2026, 0x2020, 0x2021, 0x02c6, 0x2030, 0x008a, 0x2039, 0x0152, 0x008d, 0x008e,
        0x008f, 0x0090, 0x2018, 0x2019, 0x201c, 0x201d, 0x2022, 0x2013, 0x2014, 0x02dc, 0x2122,
        0x009a, 0x203a, 0x0153, 0x009d, 0x009e, 0x0178, 0x00a0, 0x00a1, 0x00a2, 0x00a3, 0x00a4,
        0x00a5, 0x00a6, 0x00a7, 0x00a8, 0x00a9, 0x00aa, 0x00ab, 0x00ac, 0x00ad, 0x00ae, 0x00af,
        0x00b0, 0x00b1, 0x00b2, 0x00b3, 0x00b4, 0x00b5, 0x00b6, 0x00b7, 0x00b8, 0x00b9, 0x00ba,
        0x00bb, 0x00bc, 0x00bd, 0x00be, 0x00bf, 0x00c0, 0x00c1, 0x00c2, 0x0102, 0x00c4, 0x00c5,
        0x00c6, 0x00c7, 0x00c8, 0x00c9, 0x00ca, 0x00cb, 0x0300, 0x00cd, 0x00ce, 0x00cf, 0x0110,
        0x00d1, 0x0309, 0x00d3, 0x00d4, 0x01a0, 0x00d6, 0x00d7, 0x00d8, 0x00d9, 0x00da, 0x00db,
        0x00dc, 0x01af, 0x0303, 0x00df, 0x00e0, 0x00e1, 0x00e2, 0x0103, 0x00e4, 0x00e5, 0x00e6,
        0x00e7, 0x00e8, 0x00e9, 0x00ea, 0x00eb, 0x0301, 0x00ed, 0x00ee, 0x00ef, 0x0111, 0x00f1,
        0x0323, 0x00f3, 0x00f4, 0x01a1, 0x00f6, 0x00f7, 0x00f8, 0x00f9, 0x00fa, 0x00fb, 0x00fc,
        0x01b0, 0x20ab, 0x00ff,
    ],
    [
        0x0000, 0x0001, 0x0002, 0x0003, 0x0004, 0x0005, 0x0006, 0x0007, 0x0008, 0x0009, 0x000a,
        0x000b, 0x000c, 0x000d, 0x000e, 0x000f, 0x0010, 0x0011, 0x0012, 0x0013, 0x0014, 0x0015,
        0x0016, 0x0017, 0x0018, 0x0019, 0x001a, 0x001b, 0x001c, 0x001d, 0x001e, 0x001f, 0x0020,
        0x0021, 0x0022, 0x0023, 0x0024, 0x0025, 0x0026, 0x0027, 0x0028, 0x0029, 0x002a, 0x002b,
        0x002c, 0x002d, 0x002e, 0x002f, 0x0030, 0x0031, 0x0032, 0x0033, 0x0034, 0x0035, 0x0036,
        0x0037, 0x0038, 0x0039, 0x003a, 0x003b, 0x003c, 0x003d, 0x003e, 0x003f, 0x0040, 0x0041,
        0x0042, 0x0043, 0x0044, 0x0045, 0x0046, 0x0047, 0x0048, 0x0049, 0x004a, 0x004b, 0x004c,
        0x004d, 0x004e, 0x004f, 0x0050, 0x0051, 0x0052, 0x0053, 0x0054, 0x0055, 0x0056, 0x0057,
        0x0058, 0x0059, 0x005a, 0x005b, 0x005c, 0x005d, 0x005e, 0x005f, 0x0060, 0x0061, 0x0062,
        0x0063, 0x0064, 0x0065, 0x0066, 0x0067, 0x0068, 0x0069, 0x006a, 0x006b, 0x006c, 0x006d,
        0x006e, 0x006f, 0x0070, 0x0071, 0x0072, 0x0073, 0x0074, 0x0075, 0x0076, 0x0077, 0x0078,
        0x0079, 0x007a, 0x007b, 0x007c, 0x007d, 0x007e, 0x007f, 0x00c4, 0x00c5, 0x00c7, 0x00c9,
        0x00d1, 0x00d6, 0x00dc, 0x00e1, 0x00e0, 0x00e2, 0x00e4, 0x00e3, 0x00e5, 0x00e7, 0x00e9,
        0x00e8, 0x00ea, 0x00eb, 0x00ed, 0x00ec, 0x00ee, 0x00ef, 0x00f1, 0x00f3, 0x00f2, 0x00f4,
        0x00f6, 0x00f5, 0x00fa, 0x00f9, 0x00fb, 0x00fc, 0x2020, 0x00b0, 0x00a2, 0x00a3, 0x00a7,
        0x2022, 0x00b6, 0x00df, 0x00ae, 0x00a9, 0x2122, 0x00b4, 0x00a8, 0x2260, 0x00c6, 0x00d8,
        0x221e, 0x00b1, 0x2264, 0x2265, 0x00a5, 0x00b5, 0x2202, 0x2211, 0x220f, 0x03c0, 0x222b,
        0x00aa, 0x00ba, 0x03a9, 0x00e6, 0x00f8, 0x00bf, 0x00a1, 0x00ac, 0x221a, 0x0192, 0x2248,
        0x2206, 0x00ab, 0x00bb, 0x2026, 0x00a0, 0x00c0, 0x00c3, 0x00d5, 0x0152, 0x0153, 0x2013,
        0x2014, 0x201c, 0x201d, 0x2018, 0x2019, 0x00f7, 0x25ca, 0x00ff, 0x0178, 0x2044, 0x20ac,
        0x2039, 0x203a, 0xfb01, 0xfb02, 0x2021, 0x00b7, 0x201a, 0x201e, 0x2030, 0x00c2, 0x00ca,
        0x00c1, 0x00cb, 0x00c8, 0x00cd, 0x00ce, 0x00cf, 0x00cc, 0x00d3, 0x00d4, 0xf8ff, 0x00d2,
        0x00da, 0x00db, 0x00d9, 0x0131, 0x02c6, 0x02dc, 0x00af, 0x02d8, 0x02d9, 0x02da, 0x00b8,
        0x02dd, 0x02db, 0x02c7,
    ],
    [
        0x0000, 0x0001, 0x0002, 0x0003, 0x0004, 0x0005, 0x0006, 0x0007, 0x0008, 0x0009, 0x000a,
        0x000b, 0x000c, 0x000d, 0x000e, 0x000f, 0x0010, 0x0011, 0x0012, 0x0013, 0x0014, 0x0015,
        0x0016, 0x0017, 0x0018, 0x0019, 0x001a, 0x001b, 0x001c, 0x001d, 0x001e, 0x001f, 0x0020,
        0x0021, 0x0022, 0x0023, 0x0024, 0x0025, 0x0026, 0x0027, 0x0028, 0x0029, 0x002a, 0x002b,
        0x002c, 0x002d, 0x002e, 0x002f, 0x0030, 0x0031, 0x0032, 0x0033, 0x0034, 0x0035, 0x0036,
        0x0037, 0x0038, 0x0039, 0x003a, 0x003b, 0x003c, 0x003d, 0x003e, 0x003f, 0x0040, 0x0041,
        0x0042, 0x0043, 0x0044, 0x0045, 0x0046, 0x0047, 0x0048, 0x0049, 0x004a, 0x004b, 0x004c,
        0x004d, 0x004e, 0x004f, 0x0050, 0x0051, 0x0052, 0x0053, 0x0054, 0x0055, 0x0056, 0x0057,
        0x0058, 0x0059, 0x005a, 0x005b, 0x005c, 0x005d, 0x005e, 0x005f, 0x0060, 0x0061, 0x0062,
        0x0063, 0x0064, 0x0065, 0x0066, 0x0067, 0x0068, 0x0069, 0x006a, 0x006b, 0x006c, 0x006d,
        0x006e, 0x006f, 0x0070, 0x0071, 0x0072, 0x0073, 0x0074, 0x0075, 0x0076, 0x0077, 0x0078,
        0x0079, 0x007a, 0x007b, 0x007c, 0x007d, 0x007e, 0x007f, 0x00c4, 0x00b9, 0x00b2, 0x00c9,
        0x00b3, 0x00d6, 0x00dc, 0x0385, 0x00e0, 0x00e2, 0x00e4, 0x0384, 0x00a8, 0x00e7, 0x00e9,
        0x00e8, 0x00ea, 0x00eb, 0x00a3, 0x2122, 0x00ee, 0x00ef, 0x2022, 0x00bd, 0x2030, 0x00f4,
        0x00f6, 0x00a6, 0x20ac, 0x00f9, 0x00fb, 0x00fc, 0x2020, 0x0393, 0x0394, 0x0398, 0x039b,
        0x039e, 0x03a0, 0x00df, 0x00ae, 0x00a9, 0x03a3, 0x03aa, 0x00a7, 0x2260, 0x00b0, 0x00b7,
        0x0391, 0x00b1, 0x2264, 0x2265, 0x00a5, 0x0392, 0x0395, 0x0396, 0x0397, 0x0399, 0x039a,
        0x039c, 0x03a6, 0x03ab, 0x03a8, 0x03a9, 0x03ac, 0x039d, 0x00ac, 0x039f, 0x03a1, 0x2248,
        0x03a4, 0x00ab, 0x00bb, 0x2026, 0x00a0, 0x03a5, 0x03a7, 0x0386, 0x0388, 0x0153, 0x2013,
        0x2015, 0x201c, 0x201d, 0x2018, 0x2019, 0x00f7, 0x0389, 0x038a, 0x038c, 0x038e, 0x03ad,
        0x03ae, 0x03af, 0x03cc, 0x038f, 0x03cd, 0x03b1, 0x03b2, 0x03c8, 0x03b4, 0x03b5, 0x03c6,
        0x03b3, 0x03b7, 0x03b9, 0x03be, 0x03ba, 0x03bb, 0x03bc, 0x03bd, 0x03bf, 0x03c0, 0x03ce,
        0x03c1, 0x03c3, 0x03c4, 0x03b8, 0x03c9, 0x03c2, 0x03c7, 0x03c5, 0x03b6, 0x03ca, 0x03cb,
        0x0390, 0x03b0, 0x00ad,
    ],
    [
        0x0000, 0x0001, 0x0002, 0x0003, 0x0004, 0x0005, 0x0006, 0x0007, 0x0008, 0x0009, 0x000a,
        0x000b, 0x000c, 0x000d, 0x000e, 0x000f, 0x0010, 0x0011, 0x0012, 0x0013, 0x0014, 0x0015,
        0x0016, 0x0017, 0x0018, 0x0019, 0x001a, 0x001b, 0x001c, 0x001d, 0x001e, 0x001f, 0x0020,
        0x0021, 0x0022, 0x0023, 0x0024, 0x0025, 0x0026, 0x0027, 0x0028, 0x0029, 0x002a, 0x002b,
        0x002c, 0x002d, 0x002e, 0x002f, 0x0030, 0x0031, 0x0032, 0x0033, 0x0034, 0x0035, 0x0036,
        0x0037, 0x0038, 0x0039, 0x003a, 0x003b, 0x003c, 0x003d, 0x003e, 0x003f, 0x0040, 0x0041,
        0x0042, 0x0043, 0x0044, 0x0045, 0x0046, 0x0047, 0x0048, 0x0049, 0x004a, 0x004b, 0x004c,
        0x004d, 0x004e, 0x004f, 0x0050, 0x0051, 0x0052, 0x0053, 0x0054, 0x0055, 0x0056, 0x0057,
        0x0058, 0x0059, 0x005a, 0x005b, 0x005c, 0x005d, 0x005e, 0x005f, 0x0060, 0x0061, 0x0062,
        0x0063, 0x0064, 0x0065, 0x0066, 0x0067, 0x0068, 0x0069, 0x006a, 0x006b, 0x006c, 0x006d,
        0x006e, 0x006f, 0x0070, 0x0071, 0x0072, 0x0073, 0x0074, 0x0075, 0x0076, 0x0077, 0x0078,
        0x0079, 0x007a, 0x007b, 0x007c, 0x007d, 0x007e, 0x007f, 0x0410, 0x0411, 0x0412, 0x0413,
        0x0414, 0x0415, 0x0416, 0x0417, 0x0418, 0x0419, 0x041a, 0x041b, 0x041c, 0x041d, 0x041e,
        0x041f, 0x0420, 0x0421, 0x0422, 0x0423, 0x0424, 0x0425, 0x0426, 0x0427, 0x0428, 0x0429,
        0x042a, 0x042b, 0x042c, 0x042d, 0x042e, 0x042f, 0x2020, 0x00b0, 0x0490, 0x00a3, 0x00a7,
        0x2022, 0x00b6, 0x0406, 0x00ae, 0x00a9, 0x2122, 0x0402, 0x0452, 0x2260, 0x0403, 0x0453,
        0x221e, 0x00b1, 0x2264, 0x2265, 0x0456, 0x00b5, 0x0491, 0x0408, 0x0404, 0x0454, 0x0407,
        0x0457, 0x0409, 0x0459, 0x040a, 0x045a, 0x0458, 0x0405, 0x00ac, 0x221a, 0x0192, 0x2248,
        0x2206, 0x00ab, 0x00bb, 0x2026, 0x00a0, 0x040b, 0x045b, 0x040c, 0x045c, 0x0455, 0x2013,
        0x2014, 0x201c, 0x201d, 0x2018, 0x2019, 0x00f7, 0x201e, 0x040e, 0x045e, 0x040f, 0x045f,
        0x2116, 0x0401, 0x0451, 0x044f, 0x0430, 0x0431, 0x0432, 0x0433, 0x0434, 0x0435, 0x0436,
        0x0437, 0x0438, 0x0439, 0x043a, 0x043b, 0x043c, 0x043d, 0x043e, 0x043f, 0x0440, 0x0441,
        0x0442, 0x0443, 0x0444, 0x0445, 0x0446, 0x0447, 0x0448, 0x0449, 0x044a, 0x044b, 0x044c,
        0x044d, 0x044e, 0x20ac,
    ],
    [
        0x0000, 0x0001, 0x0002, 0x0003, 0x0004, 0x0005, 0x0006, 0x0007, 0x0008, 0x0009, 0x000a,
        0x000b, 0x000c, 0x000d, 0x000e, 0x000f, 0x0010, 0x0011, 0x0012, 0x0013, 0x0014, 0x0015,
        0x0016, 0x0017, 0x0018, 0x0019, 0x001a, 0x001b, 0x001c, 0x001d, 0x001e, 0x001f, 0x0020,
        0x0021, 0x0022, 0x0023, 0x0024, 0x0025, 0x0026, 0x0027, 0x0028, 0x0029, 0x002a, 0x002b,
        0x002c, 0x002d, 0x002e, 0x002f, 0x0030, 0x0031, 0x0032, 0x0033, 0x0034, 0x0035, 0x0036,
        0x0037, 0x0038, 0x0039, 0x003a, 0x003b, 0x003c, 0x003d, 0x003e, 0x003f, 0x0040, 0x0041,
        0x0042, 0x0043, 0x0044, 0x0045, 0x0046, 0x0047, 0x0048, 0x0049, 0x004a, 0x004b, 0x004c,
        0x004d, 0x004e, 0x004f, 0x0050, 0x0051, 0x0052, 0x0053, 0x0054, 0x0055, 0x0056, 0x0057,
        0x0058, 0x0059, 0x005a, 0x005b, 0x005c, 0x005d, 0x005e, 0x005f, 0x0060, 0x0061, 0x0062,
        0x0063, 0x0064, 0x0065, 0x0066, 0x0067, 0x0068, 0x0069, 0x006a, 0x006b, 0x006c, 0x006d,
        0x006e, 0x006f, 0x0070, 0x0071, 0x0072, 0x0073, 0x0074, 0x0075, 0x0076, 0x0077, 0x0078,
        0x0079, 0x007a, 0x007b, 0x007c, 0x007d, 0x007e, 0x007f, 0x00c4, 0x0100, 0x0101, 0x00c9,
        0x0104, 0x00d6, 0x00dc, 0x00e1, 0x0105, 0x010c, 0x00e4, 0x010d, 0x0106, 0x0107, 0x00e9,
        0x0179, 0x017a, 0x010e, 0x00ed, 0x010f, 0x0112, 0x0113, 0x0116, 0x00f3, 0x0117, 0x00f4,
        0x00f6, 0x00f5, 0x00fa, 0x011a, 0x011b, 0x00fc, 0x2020, 0x00b0, 0x0118, 0x00a3, 0x00a7,
        0x2022, 0x00b6, 0x00df, 0x00ae, 0x00a9, 0x2122, 0x0119, 0x00a8, 0x2260, 0x0123, 0x012e,
        0x012f, 0x012a, 0x2264, 0x2265, 0x012b, 0x0136, 0x2202, 0x2211, 0x0142, 0x013b, 0x013c,
        0x013d, 0x013e, 0x0139, 0x013a, 0x0145, 0x0146, 0x0143, 0x00ac, 0x221a, 0x0144, 0x0147,
        0x2206, 0x00ab, 0x00bb, 0x2026, 0x00a0, 0x0148, 0x0150, 0x00d5, 0x0151, 0x014c, 0x2013,
        0x2014, 0x201c, 0x201d, 0x2018, 0x2019, 0x00f7, 0x25ca, 0x014d, 0x0154, 0x0155, 0x0158,
        0x2039, 0x203a, 0x0159, 0x0156, 0x0157, 0x0160, 0x201a, 0x201e, 0x0161, 0x015a, 0x015b,
        0x00c1, 0x0164, 0x0165, 0x00cd, 0x017d, 0x017e, 0x016a, 0x00d3, 0x00d4, 0x016b, 0x016e,
        0x00da, 0x016f, 0x0170, 0x0171, 0x0172, 0x0173, 0x00dd, 0x00fd, 0x0137, 0x017b, 0x0141,
        0x017c, 0x0122, 0x02c7,
    ],
    [
        0x0000, 0x0001, 0x0002, 0x0003, 0x0004, 0x0005, 0x0006, 0x0007, 0x0008, 0x0009, 0x000a,
        0x000b, 0x000c, 0x000d, 0x000e, 0x000f, 0x0010, 0x0011, 0x0012, 0x0013, 0x0014, 0x0015,
        0x0016, 0x0017, 0x0018, 0x0019, 0x001a, 0x001b, 0x001c, 0x001d, 0x001e, 0x001f, 0x0020,
        0x0021, 0x0022, 0x0023, 0x0024, 0x0025, 0x0026, 0x0027, 0x0028, 0x0029, 0x002a, 0x002b,
        0x002c, 0x002d, 0x002e, 0x002f, 0x0030, 0x0031, 0x0032, 0x0033, 0x0034, 0x0035, 0x0036,
        0x0037, 0x0038, 0x0039, 0x003a, 0x003b, 0x003c, 0x003d, 0x003e, 0x003f, 0x0040, 0x0041,
        0x0042, 0x0043, 0x0044, 0x0045, 0x0046, 0x0047, 0x0048, 0x0049, 0x004a, 0x004b, 0x004c,
        0x004d, 0x004e, 0x004f, 0x0050, 0x0051, 0x0052, 0x0053, 0x0054, 0x0055, 0x0056, 0x0057,
        0x0058, 0x0059, 0x005a, 0x005b, 0x005c, 0x005d, 0x005e, 0x005f, 0x0060, 0x0061, 0x0062,
        0x0063, 0x0064, 0x0065, 0x0066, 0x0067, 0x0068, 0x0069, 0x006a, 0x006b, 0x006c, 0x006d,
        0x006e, 0x006f, 0x0070, 0x0071, 0x0072, 0x0073, 0x0074, 0x0075, 0x0076, 0x0077, 0x0078,
        0x0079, 0x007a, 0x007b, 0x007c, 0x007d, 0x007e, 0x007f, 0x00c4, 0x00c5, 0x00c7, 0x00c9,
        0x00d1, 0x00d6, 0x00dc, 0x00e1, 0x00e0, 0x00e2, 0x00e4, 0x00e3, 0x00e5, 0x00e7, 0x00e9,
        0x00e8, 0x00ea, 0x00eb, 0x00ed, 0x00ec, 0x00ee, 0x00ef, 0x00f1, 0x00f3, 0x00f2, 0x00f4,
        0x00f6, 0x00f5, 0x00fa, 0x00f9, 0x00fb, 0x00fc, 0x2020, 0x00b0, 0x00a2, 0x00a3, 0x00a7,
        0x2022, 0x00b6, 0x00df, 0x00ae, 0x00a9, 0x2122, 0x00b4, 0x00a8, 0x2260, 0x00c6, 0x00d8,
        0x221e, 0x00b1, 0x2264, 0x2265, 0x00a5, 0x00b5, 0x2202, 0x2211, 0x220f, 0x03c0, 0x222b,
        0x00aa, 0x00ba, 0x03a9, 0x00e6, 0x00f8, 0x00bf, 0x00a1, 0x00ac, 0x221a, 0x0192, 0x2248,
        0x2206, 0x00ab, 0x00bb, 0x2026, 0x00a0, 0x00c0, 0x00c3, 0x00d5, 0x0152, 0x0153, 0x2013,
        0x2014, 0x201c, 0x201d, 0x2018, 0x2019, 0x00f7, 0x25ca, 0x00ff, 0x0178, 0x011e, 0x011f,
        0x0130, 0x0131, 0x015e, 0x015f, 0x2021, 0x00b7, 0x201a, 0x201e, 0x2030, 0x00c2, 0x00ca,
        0x00c1, 0x00cb, 0x00c8, 0x00cd, 0x00ce, 0x00cf, 0x00cc, 0x00d3, 0x00d4, 0xf8ff, 0x00d2,
        0x00da, 0x00db, 0x00d9, 0xf8a0, 0x02c6, 0x02dc, 0x00af, 0x02d8, 0x02d9, 0x02da, 0x00b8,
        0x02dd, 0x02db, 0x02c7,
    ],
    [
        0x0000, 0x0001, 0x0002, 0x0003, 0x0004, 0x0005, 0x0006, 0x0007, 0x0008, 0x0009, 0x000a,
        0x000b, 0x000c, 0x000d, 0x000e, 0x000f, 0x0010, 0x0011, 0x0012, 0x0013, 0x0014, 0x0015,
        0x0016, 0x0017, 0x0018, 0x0019, 0x001a, 0x001b, 0x001c, 0x001d, 0x001e, 0x001f, 0x0020,
        0x0021, 0x0022, 0x0023, 0x0024, 0x0025, 0x0026, 0x0027, 0x0028, 0x0029, 0x002a, 0x002b,
        0x002c, 0x002d, 0x002e, 0x002f, 0x0030, 0x0031, 0x0032, 0x0033, 0x0034, 0x0035, 0x0036,
        0x0037, 0x0038, 0x0039, 0x003a, 0x003b, 0x003c, 0x003d, 0x003e, 0x003f, 0x0040, 0x0041,
        0x0042, 0x0043, 0x0044, 0x0045, 0x0046, 0x0047, 0x0048, 0x0049, 0x004a, 0x004b, 0x004c,
        0x004d, 0x004e, 0x004f, 0x0050, 0x0051, 0x0052, 0x0053, 0x0054, 0x0055, 0x0056, 0x0057,
        0x0058, 0x0059, 0x005a, 0x005b, 0x005c, 0x005d, 0x005e, 0x005f, 0x0060, 0x0061, 0x0062,
        0x0063, 0x0064, 0x0065, 0x0066, 0x0067, 0x0068, 0x0069, 0x006a, 0x006b, 0x006c, 0x006d,
        0x006e, 0x006f, 0x0070, 0x0071, 0x0072, 0x0073, 0x0074, 0x0075, 0x0076, 0x0077, 0x0078,
        0x0079, 0x007a, 0x007b, 0x007c, 0x007d, 0x007e, 0x007f, 0x0080, 0x0081, 0x0082, 0x0083,
        0x0084, 0x0085, 0x0086, 0x0087, 0x0088, 0x0089, 0x008a, 0x008b, 0x008c, 0x008d, 0x008e,
        0x008f, 0x0090, 0x0091, 0x0092, 0x0093, 0x0094, 0x0095, 0x0096, 0x0097, 0x0098, 0x0099,
        0x009a, 0x009b, 0x009c, 0x009d, 0x009e, 0x009f, 0xfffd, 0x00c0, 0x00c2, 0x00c8, 0x00ca,
        0x00cb, 0x00ce, 0x00cf, 0x00b4, 0x0060, 0x02c6, 0x00a8, 0x02dc, 0x00d9, 0x00db, 0x00a3,
        0x203e, 0x00dd, 0x00fd, 0x02da, 0x00c7, 0x00e7, 0x00d1, 0x00f1, 0x00a1, 0x00bf, 0x00a4,
        0x00a3, 0x00a5, 0x00a7, 0x0192, 0x00a2, 0x00e2, 0x00ea, 0x00f4, 0x00fb, 0x00e1, 0x00e9,
        0x00f3, 0x00fa, 0x00e0, 0x00e8, 0x00f2, 0x00f9, 0x00e4, 0x00eb, 0x00f6, 0x00fc, 0x00c5,
        0x00ee, 0x00d8, 0x00c6, 0x00e5, 0x00ed, 0x00f8, 0x00e6, 0x00c4, 0x00ec, 0x00d6, 0x00dc,
        0x00c9, 0x00ef, 0x00df, 0x00d4, 0x00c1, 0x00c3, 0x00e3, 0x00d0, 0x00f0, 0x00cd, 0x00cc,
        0x00d3, 0x00d2, 0x00d5, 0x00f5, 0x0160, 0x0161, 0x00da, 0x0178, 0x00ff, 0x00de, 0x00fe,
        0x00b7, 0x03bc, 0x00b6, 0x00be, 0x002d, 0x00bc, 0x00bd, 0x00aa, 0x00ba, 0x00ab, 0x25a0,
        0x00bb, 0x00b1, 0xfffd,
    ],
    [
        0x0000, 0x0001, 0x0002, 0x0003, 0x0004, 0x0005, 0x0006, 0x0007, 0x0008, 0x0009, 0x000a,
        0x000b, 0x000c, 0x000d, 0x000e, 0x000f, 0x0010, 0x0011, 0x0012, 0x0013, 0x0014, 0x0015,
        0x0016, 0x0017, 0x0018, 0x0019, 0x001a, 0x001b, 0x001c, 0x001d, 0x001e, 0x001f, 0x0020,
        0x0021, 0x0022, 0x0023, 0x0024, 0x0025, 0x0026, 0x2019, 0x0028, 0x0029, 0x002a, 0x002b,
        0x002c, 0x002d, 0x002e, 0x002f, 0x0030, 0x0031, 0x0032, 0x0033, 0x0034, 0x0035, 0x0036,
        0x0037, 0x0038, 0x0039, 0x003a, 0x003b, 0x003c, 0x003d, 0x003e, 0x003f, 0x0040, 0x0041,
        0x0042, 0x0043, 0x0044, 0x0045, 0x0046, 0x0047, 0x0048, 0x0049, 0x004a, 0x004b, 0x004c,
        0x004d, 0x004e, 0x004f, 0x0050, 0x0051, 0x0052, 0x0053, 0x0054, 0x0055, 0x0056, 0x0057,
        0x0058, 0x0059, 0x005a, 0x005b, 0x005c, 0x005d, 0x005e, 0x005f, 0x2018, 0x0061, 0x0062,
        0x0063, 0x0064, 0x0065, 0x0066, 0x0067, 0x0068, 0x0069, 0x006a, 0x006b, 0x006c, 0x006d,
        0x006e, 0x006f, 0x0070, 0x0071, 0x0072, 0x0073, 0x0074, 0x0075, 0x0076, 0x0077, 0x0078,
        0x0079, 0x007a, 0x007b, 0x007c, 0x007d, 0x007e, 0x007f, 0x0080, 0x0081, 0x0082, 0x0083,
        0x0084, 0x0085, 0x0086, 0x0087, 0x0088, 0x0089, 0x008a, 0x008b, 0x008c, 0x008d, 0x008e,
        0x008f, 0x0090, 0x0091, 0x0092, 0x0093, 0x0094, 0x0095, 0x0096, 0x0097, 0x0098, 0x0099,
        0x009a, 0x009b, 0x009c, 0x009d, 0x009e, 0x009f, 0xfffd, 0x00a1, 0x00a2, 0x00a3, 0x2044,
        0x00a5, 0x0192, 0x00a7, 0x00a4, 0x0027, 0x201c, 0x00ab, 0x2039, 0x203a, 0xfb01, 0xfb02,
        0xfffd, 0x2013, 0x2020, 0x2021, 0x00b7, 0xfffd, 0x00b6, 0x2022, 0x201a, 0x201e, 0x201d,
        0x00bb, 0x2026, 0x2030, 0xfffd, 0x00bf, 0xfffd, 0x0060, 0x00b4, 0x02c6, 0x02dc, 0x00af,
        0x02d8, 0x02d9, 0x00a8, 0xfffd, 0x02da, 0x00b8, 0xfffd, 0x02dd, 0x02db, 0x02c7, 0x2014,
        0xfffd, 0xfffd, 0xfffd, 0xfffd, 0xfffd, 0xfffd, 0xfffd, 0xfffd, 0xfffd, 0xfffd, 0xfffd,
        0xfffd, 0xfffd, 0xfffd, 0xfffd, 0xfffd, 0x00c6, 0xfffd, 0x00aa, 0xfffd, 0xfffd, 0xfffd,
        0xfffd, 0x0141, 0x00d8, 0x0152, 0x00ba, 0xfffd, 0xfffd, 0xfffd, 0xfffd, 0xfffd, 0x00e6,
        0xfffd, 0xfffd, 0xfffd, 0x0131, 0xfffd, 0xfffd, 0x0142, 0x00f8, 0x0153, 0x00df, 0xfffd,
        0xfffd, 0xfffd, 0xfffd,
    ],
    [
        0x0000, 0x0001, 0x0002, 0x0003, 0x0004, 0x0005, 0x0006, 0x0007, 0x0008, 0x0009, 0x000a,
        0x000b, 0x000c, 0x000d, 0x000e, 0x000f, 0x0010, 0x0011, 0x0012, 0x0013, 0x0014, 0x0015,
        0x0016, 0x0017, 0x0018, 0x0019, 0x001a, 0x001b, 0x001c, 0x001d, 0x001e, 0x001f, 0x0020,
        0x0021, 0x0022, 0x0023, 0x0024, 0x0025, 0x0026, 0x0027, 0x0028, 0x0029, 0x002a, 0x002b,
        0x002c, 0x002d, 0x002e, 0x002f, 0x0030, 0x0031, 0x0032, 0x0033, 0x0034, 0x0035, 0x0036,
        0x0037, 0x0038, 0x0039, 0x003a, 0x003b, 0x003c, 0x003d, 0x003e, 0x003f, 0x0040, 0x0041,
        0x0042, 0x0043, 0x0044, 0x0045, 0x0046, 0x0047, 0x0048, 0x0049, 0x004a, 0x004b, 0x004c,
        0x004d, 0x004e, 0x004f, 0x0050, 0x0051, 0x0052, 0x0053, 0x0054, 0x0055, 0x0056, 0x0057,
        0x0058, 0x0059, 0x005a, 0x005b, 0x005c, 0x005d, 0x005e, 0x005f, 0x0060, 0x0061, 0x0062,
        0x0063, 0x0064, 0x0065, 0x0066, 0x0067, 0x0068, 0x0069, 0x006a, 0x006b, 0x006c, 0x006d,
        0x006e, 0x006f, 0x0070, 0x0071, 0x0072, 0x0073, 0x0074, 0x0075, 0x0076, 0x0077, 0x0078,
        0x0079, 0x007a, 0x007b, 0x007c, 0x007d, 0x007e, 0x007f, 0x0080, 0x0081, 0x0082, 0x0083,
        0x0084, 0x0085, 0x0086, 0x0087, 0x0088, 0x0089, 0x008a, 0x008b, 0x008c, 0x008d, 0x008e,
        0x008f, 0x0090, 0x0091, 0x0092, 0x0093, 0x0094, 0x0095, 0x0096, 0x0097, 0x0098, 0x0099,
        0x009a, 0x009b, 0x009c, 0x009d, 0x009e, 0x009f, 0x00a0, 0x06f0, 0x06f1, 0x06f2, 0x06f3,
        0x06f4, 0x06f5, 0x06f6, 0x06f7, 0x06f8, 0x06f9, 0x060c, 0x061b, 0x00ad, 0x061f, 0xfe81,
        0xfe8d, 0xfe8e, 0xf8fb, 0xfe8f, 0xfe91, 0xfb56, 0xfb58, 0xfe93, 0xfe95, 0xfe97, 0xfb66,
        0xfb68, 0xfe99, 0xfe9b, 0xfe9d, 0xfe9f, 0xfb7a, 0xfb7c, 0xfea1, 0xfea3, 0xfea5, 0xfea7,
        0xfea9, 0xfb88, 0xfeab, 0xfead, 0xfb8c, 0xfeaf, 0xfb8a, 0xfeb1, 0xfeb3, 0xfeb5, 0xfeb7,
        0xfeb9, 0xfebb, 0xfebd, 0xfebf, 0xfec3, 0xfec7, 0xfec9, 0xfeca, 0xfecb, 0xfecc, 0xfecd,
        0xfece, 0xfecf, 0xfed0, 0xfed1, 0xfed3, 0xfed5, 0xfed7, 0xfb8e, 0xfedb, 0xfb92, 0xfb94,
        0xfedd, 0xfedf, 0xfee0, 0xfee1, 0xfee3, 0xfb9e, 0xfee5, 0xfee7, 0xfe85, 0xfeed, 0xfba6,
        0xfba8, 0xfba9, 0xfbaa, 0xfe80, 0xfe89, 0xfe8a, 0xfe8b, 0xfbfc, 0xfbfd, 0xfbfe, 0xfbb0,
        0xfbae, 0xfe7c, 0xfe7d,
    ],
    [
        0x0000, 0x0001, 0x0002, 0x0003, 0x0004, 0x0005, 0x0006, 0x0007, 0x0008, 0x0009, 0x000a,
        0x000b, 0x000c, 0x000d, 0x000e, 0x000f, 0x0010, 0x0011, 0x0012, 0x0013, 0x0014, 0x0015,
        0x0016, 0x0017, 0x0018, 0x0019, 0x001c, 0x001b, 0x007f, 0x001d, 0x001e, 0x001f, 0x0020,
        0x0021, 0x0022, 0x0023, 0x0024, 0x0025, 0x0026, 0x0027, 0x0028, 0x0029, 0x002a, 0x002b,
        0x002c, 0x002d, 0x002e, 0x002f, 0x0030, 0x0031, 0x0032, 0x0033, 0x0034, 0x0035, 0x0036,
        0x0037, 0x0038, 0x0039, 0x003a, 0x003b, 0x003c, 0x003d, 0x003e, 0x003f, 0x0040, 0x0041,
        0x0042, 0x0043, 0x0044, 0x0045, 0x0046, 0x0047, 0x0048, 0x0049, 0x004a, 0x004b, 0x004c,
        0x004d, 0x004e, 0x004f, 0x0050, 0x0051, 0x0052, 0x0053, 0x0054, 0x0055, 0x0056, 0x0057,
        0x0058, 0x0059, 0x005a, 0x005b, 0x005c, 0x005d, 0x005e, 0x005f, 0x0060, 0x0061, 0x0062,
        0x0063, 0x0064, 0x0065, 0x0066, 0x0067, 0x0068, 0x0069, 0x006a, 0x006b, 0x006c, 0x006d,
        0x006e, 0x006f, 0x0070, 0x0071, 0x0072, 0x0073, 0x0074, 0x0075, 0x0076, 0x0077, 0x0078,
        0x0079, 0x007a, 0x007b, 0x007c, 0x007d, 0x007e, 0x001a, 0xfffd, 0xfffd, 0x060c, 0x061b,
        0x061f, 0x064b, 0xfe81, 0xfe82, 0xf8fa, 0xfe8d, 0xfe8e, 0xf8fb, 0xfe80, 0xfe83, 0xfe84,
        0xf8f9, 0xfe85, 0xfe8b, 0xfe8f, 0xfe91, 0xfb56, 0xfb58, 0xfe95, 0xfe97, 0xfe99, 0xfe9b,
        0xfe9d, 0xfe9f, 0xfb7a, 0xfb7c, 0x00d7, 0xfea1, 0xfea3, 0xfea5, 0xfea7, 0xfea9, 0xfeab,
        0xfead, 0xfeaf, 0xfb8a, 0xfeb1, 0xfeb3, 0xfeb5, 0xfeb7, 0xfeb9, 0xfebb, 0x00ab, 0x00bb,
        0x2591, 0x2592, 0x2593, 0x2502, 0x2524, 0xfebd, 0xfebf, 0xfec1, 0xfec3, 0x2563, 0x2551,
        0x2557, 0x255d, 0x00a4, 0xfec5, 0x2510, 0x2514, 0x2534, 0x252c, 0x251c, 0x2500, 0x253c,
        0xfec7, 0xfec9, 0x255a, 0x2554, 0x2569, 0x2566, 0x2560, 0x2550, 0x256c, 0xfffd, 0xfeca,
        0xfecb, 0xfecc, 0xfecd, 0xfece, 0xfecf, 0xfed0, 0xfed1, 0xfed3, 0x2518, 0x250c, 0x2588,
        0x2584, 0xfed5, 0xfed7, 0x2580, 0xfb8e, 0xfedb, 0xfb92, 0xfb94, 0xfedd, 0xfedf, 0xfee1,
        0xfee3, 0xfee5, 0xfee7, 0xfeed, 0xfee9, 0xfeeb, 0xfeec, 0xfba4, 0xfbfc, 0x00ad, 0xfbfd,
        0xfbfe, 0x0640, 0x06f0, 0x06f1, 0x06f2, 0x06f3, 0x06f4, 0x06f5, 0x06f6, 0x06f7, 0x06f8,
        0x06f9, 0x25a0, 0x00a0,
    ],
    [
        0x0000, 0x0001, 0x0002, 0x0003, 0x0004, 0x0005, 0x0006, 0x0007, 0x0008, 0x0009, 0x000a,
        0x000b, 0x000c, 0x000d, 0x000e, 0x000f, 0x0010, 0x0011, 0x0012, 0x0013, 0x0014, 0x0015,
        0x0016, 0x0017, 0x0018, 0x0019, 0x001a, 0x001b, 0x001c, 0x001d, 0x001e, 0x001f, 0x0020,
        0x0021, 0x0022, 0x0023, 0x0024, 0x0025, 0x0026, 0x0027, 0x0028, 0x0029, 0x002a, 0x002b,
        0x002c, 0x002d, 0x002e, 0x002f, 0x0030, 0x0031, 0x0032, 0x0033, 0x0034, 0x0035, 0x0036,
        0x0037, 0x0038, 0x0039, 0x003a, 0x003b, 0x003c, 0x003d, 0x003e, 0x003f, 0x0040, 0x0041,
        0x0042, 0x0043, 0x0044, 0x0045, 0x0046, 0x0047, 0x0048, 0x0049, 0x004a, 0x004b, 0x004c,
        0x004d, 0x004e, 0x004f, 0x0050, 0x0051, 0x0052, 0x0053, 0x0054, 0x0055, 0x0056, 0x0057,
        0x0058, 0x0059, 0x005a, 0x005b, 0x005c, 0x005d, 0x005e, 0x005f, 0x0060, 0x0061, 0x0062,
        0x0063, 0x0064, 0x0065, 0x0066, 0x0067, 0x0068, 0x0069, 0x006a, 0x006b, 0x006c, 0x006d,
        0x006e, 0x006f, 0x0070, 0x0071, 0x0072, 0x0073, 0x0074, 0x0075, 0x0076, 0x0077, 0x0078,
        0x0079, 0x007a, 0x007b, 0x007c, 0x007d, 0x007e, 0x007f, 0x0080, 0x0081, 0x0082, 0x0083,
        0x0084, 0x0085, 0x0086, 0x0087, 0x0088, 0x0089, 0x008a, 0x008b, 0x008c, 0x008d, 0x008e,
        0x008f, 0x0090, 0x0091, 0x0092, 0x0093, 0x0094, 0x0095, 0x0096, 0x0097, 0x0098, 0x0099,
        0x009a, 0x009b, 0x009c, 0x009d, 0x009e, 0x009f, 0x00a0, 0x0401, 0x0402, 0x0490, 0x0404,
        0x0405, 0x0406, 0x0407, 0x0408, 0x0409, 0x040a, 0x040b, 0x040c, 0x00ad, 0x040e, 0x040f,
        0x0410, 0x0411, 0x0412, 0x0413, 0x0414, 0x0415, 0x0416, 0x0417, 0x0418, 0x0419, 0x041a,
        0x041b, 0x041c, 0x041d, 0x041e, 0x041f, 0x0420, 0x0421, 0x0422, 0x0423, 0x0424, 0x0425,
        0x0426, 0x0427, 0x0428, 0x0429, 0x042a, 0x042b, 0x042c, 0x042d, 0x042e, 0x042f, 0x0430,
        0x0431, 0x0432, 0x0433, 0x0434, 0x0435, 0x0436, 0x0437, 0x0438, 0x0439, 0x043a, 0x043b,
        0x043c, 0x043d, 0x043e, 0x043f, 0x0440, 0x0441, 0x0442, 0x0443, 0x0444, 0x0445, 0x0446,
        0x0447, 0x0448, 0x0449, 0x044a, 0x044b, 0x044c, 0x044d, 0x044e, 0x044f, 0x2116, 0x0451,
        0x0452, 0x0491, 0x0454, 0x0455, 0x0456, 0x0457, 0x0458, 0x0459, 0x045a, 0x045b, 0x045c,
        0x00a7, 0x045e, 0x045f,
    ],
    [
        0x0000, 0x0001, 0x0002, 0x0003, 0x0004, 0x0005, 0x0006, 0x0007, 0x0008, 0x0009, 0x000a,
        0x000b, 0x000c, 0x000d, 0x000e, 0x000f, 0x0010, 0x0011, 0x0012, 0x0013, 0x0014, 0x0015,
        0x0016, 0x0017, 0x0018, 0x0019, 0x001c, 0x001b, 0x007f, 0x001d, 0x001e, 0x001f, 0x0020,
        0x0021, 0x0022, 0x0023, 0x0024, 0x0025, 0x0026, 0x0027, 0x0028, 0x0029, 0x002a, 0x002b,
        0x002c, 0x002d, 0x002e, 0x002f, 0x0030, 0x0031, 0x0032, 0x0033, 0x0034, 0x0035, 0x0036,
        0x0037, 0x0038, 0x0039, 0x003a, 0x003b, 0x003c, 0x003d, 0x003e, 0x003f, 0x0040, 0x0041,
        0x0042, 0x0043, 0x0044, 0x0045, 0x0046, 0x0047, 0x0048, 0x0049, 0x004a, 0x004b, 0x004c,
        0x004d, 0x004e, 0x004f, 0x0050, 0x0051, 0x0052, 0x0053, 0x0054, 0x0055, 0x0056, 0x0057,
        0x0058, 0x0059, 0x005a, 0x005b, 0x005c, 0x005d, 0x005e, 0x005f, 0x0060, 0x0061, 0x0062,
        0x0063, 0x0064, 0x0065, 0x0066, 0x0067, 0x0068, 0x0069, 0x006a, 0x006b, 0x006c, 0x006d,
        0x006e, 0x006f, 0x0070, 0x0071, 0x0072, 0x0073, 0x0074, 0x0075, 0x0076, 0x0077, 0x0078,
        0x0079, 0x007a, 0x007b, 0x007c, 0x007d, 0x007e, 0x001a, 0x0410, 0x0411, 0x0412, 0x0413,
        0x0414, 0x0415, 0x0416, 0x0417, 0x0418, 0x0419, 0x041a, 0x041b, 0x041c, 0x041d, 0x041e,
        0x041f, 0x0420, 0x0421, 0x0422, 0x0423, 0x0424, 0x0425, 0x0426, 0x0427, 0x0428, 0x0429,
        0x042a, 0x042b, 0x042c, 0x042d, 0x042e, 0x042f, 0x0430, 0x0431, 0x0432, 0x0433, 0x0434,
        0x0435, 0x0436, 0x0437, 0x0438, 0x0439, 0x043a, 0x043b, 0x043c, 0x043d, 0x043e, 0x043f,
        0x2591, 0x2592, 0x2593, 0x2502, 0x2524, 0x2561, 0x2562, 0x2556, 0x2555, 0x2563, 0x2551,
        0x2557, 0x255d, 0x255c, 0x255b, 0x2510, 0x2514, 0x2534, 0x252c, 0x251c, 0x2500, 0x253c,
        0x255e, 0x255f, 0x255a, 0x2554, 0x2569, 0x2566, 0x2560, 0x2550, 0x256c, 0x2567, 0x2568,
        0x2564, 0x2565, 0x2559, 0x2558, 0x2552, 0x2553, 0x256b, 0x256a, 0x2518, 0x250c, 0x2588,
        0x2584, 0x258c, 0x2590, 0x2580, 0x0440, 0x0441, 0x0442, 0x0443, 0x0444, 0x0445, 0x0446,
        0x0447, 0x0448, 0x0449, 0x044a, 0x044b, 0x044c, 0x044d, 0x044e, 0x044f, 0x0401, 0x0451,
        0x0490, 0x0491, 0x0404, 0x0454, 0x0406, 0x0456, 0x0407, 0x0457, 0x00f7, 0x00b1, 0x2116,
        0x00a4, 0x25a0, 0x00a0,
    ],
    [
        0x0000, 0x0001, 0x0002, 0x0003, 0x0004, 0x0005, 0x0006, 0x0007, 0x0008, 0x0009, 0x000a,
        0x000b, 0x000c, 0x000d, 0x000e, 0x000f, 0x0010, 0x0011, 0x0012, 0x0013, 0x0014, 0x0015,
        0x0016, 0x0017, 0x0018, 0x0019, 0x001a, 0x001b, 0x001c, 0x001d, 0x001e, 0x001f, 0x0020,
        0x0021, 0x0022, 0x0023, 0x0024, 0x0025, 0x0026, 0x0027, 0x0028, 0x0029, 0x002a, 0x002b,
        0x002c, 0x002d, 0x002e, 0x002f, 0x0030, 0x0031, 0x0032, 0x0033, 0x0034, 0x0035, 0x0036,
        0x0037, 0x0038, 0x0039, 0x003a, 0x003b, 0x003c, 0x003d, 0x003e, 0x003f, 0x0040, 0x0041,
        0x0042, 0x0043, 0x0044, 0x0045, 0x0046, 0x0047, 0x0048, 0x0049, 0x004a, 0x004b, 0x004c,
        0x004d, 0x004e, 0x004f, 0x0050, 0x0051, 0x0052, 0x0053, 0x0054, 0x0055, 0x0056, 0x0057,
        0x0058, 0x0059, 0x005a, 0x005b, 0x005c, 0x005d, 0x005e, 0x005f, 0x0060, 0x0061, 0x0062,
        0x0063, 0x0064, 0x0065, 0x0066, 0x0067, 0x0068, 0x0069, 0x006a, 0x006b, 0x006c, 0x006d,
        0x006e, 0x006f, 0x0070, 0x0071, 0x0072, 0x0073, 0x0074, 0x0075, 0x0076, 0x0077, 0x0078,
        0x0079, 0x007a, 0x007b, 0x007c, 0x007d, 0x007e, 0x007f, 0x0080, 0x0081, 0x0082, 0x0083,
        0x0084, 0x0085, 0x0086, 0x0087, 0x0088, 0x0089, 0x008a, 0x008b, 0x008c, 0x008d, 0x008e,
        0x008f, 0x0090, 0x0091, 0x0092, 0x0093, 0x0094, 0x0095, 0x0096, 0x0097, 0x0098, 0x0099,
        0x009a, 0x009b, 0x009c, 0x009d, 0x009e, 0x009f, 0x00a0, 0x00a1, 0x00a2, 0x00a3, 0x00a4,
        0x00a5, 0x00a6, 0x00a7, 0x0153, 0x00a9, 0x00aa, 0x00ab, 0x00ac, 0x00ad, 0x00ae, 0x00af,
        0x00b0, 0x00b1, 0x00b2, 0x00b3, 0x0178, 0x00b5, 0x00b6, 0x00b7, 0x0152, 0x00b9, 0x00ba,
        0x00bb, 0x00bc, 0x00bd, 0x00be, 0x00bf, 0x00c0, 0x00c1, 0x00c2, 0x0102, 0x00c4, 0x00c5,
        0x00c6, 0x00c7, 0x00c8, 0x00c9, 0x00ca, 0x00cb, 0x0300, 0x00cd, 0x00ce, 0x00cf, 0x0110,
        0x00d1, 0x0309, 0x00d3, 0x00d4, 0x01a0, 0x00d6, 0x00d7, 0x00d8, 0x00d9, 0x00da, 0x00db,
        0x00dc, 0x01af, 0x0303, 0x00df, 0x00e0, 0x00e1, 0x00e2, 0x0103, 0x00e4, 0x00e5, 0x00e6,
        0x00e7, 0x00e8, 0x00e9, 0x00ea, 0x00eb, 0x0301, 0x00ed, 0x00ee, 0x00ef, 0x0111, 0x00f1,
        0x0323, 0x00f3, 0x00f4, 0x01a1, 0x00f6, 0x00f7, 0x00f8, 0x00f9, 0x00fa, 0x00fb, 0x00fc,
        0x01b0, 0x20ab, 0x00ff,
    ],
    [
        0x0000, 0x0001, 0x0002, 0x0003, 0x0004, 0x0005, 0x0006, 0x0007, 0x0008, 0x0009, 0x000a,
        0x000b, 0x000c, 0x000d, 0x000e, 0x000f, 0x0010, 0x0011, 0x0012, 0x0013, 0x0014, 0x0015,
        0x0016, 0x0017, 0x0018, 0x0019, 0x001c, 0x001b, 0x007f, 0x001d, 0x001e, 0x001f, 0x0020,
        0x0021, 0x0022, 0x0023, 0x0024, 0x0025, 0x0026, 0x0027, 0x0028, 0x0029, 0x002a, 0x002b,
        0x002c, 0x002d, 0x002e, 0x002f, 0x0030, 0x0031, 0x0032, 0x0033, 0x0034, 0x0035, 0x0036,
        0x0037, 0x0038, 0x0039, 0x003a, 0x003b, 0x003c, 0x003d, 0x003e, 0x003f, 0x0040, 0x0041,
        0x0042, 0x0043, 0x0044, 0x0045, 0x0046, 0x0047, 0x0048, 0x0049, 0x004a, 0x004b, 0x004c,
        0x004d, 0x004e, 0x004f, 0x0050, 0x0051, 0x0052, 0x0053, 0x0054, 0x0055, 0x0056, 0x0057,
        0x0058, 0x0059, 0x005a, 0x005b, 0x005c, 0x005d, 0x005e, 0x005f, 0x0060, 0x0061, 0x0062,
        0x0063, 0x0064, 0x0065, 0x0066, 0x0067, 0x0068, 0x0069, 0x006a, 0x006b, 0x006c, 0x006d,
        0x006e, 0x006f, 0x0070, 0x0071, 0x0072, 0x0073, 0x0074, 0x0075, 0x0076, 0x0077, 0x0078,
        0x0079, 0x007a, 0x007b, 0x007c, 0x007d, 0x007e, 0x001a, 0x0410, 0x0411, 0x0412, 0x0413,
        0x0414, 0x0415, 0x0416, 0x0417, 0x0418, 0x0419, 0x041a, 0x041b, 0x041c, 0x041d, 0x041e,
        0x041f, 0x0420, 0x0421, 0x0422, 0x0423, 0x0424, 0x0425, 0x0426, 0x0427, 0x0428, 0x0429,
        0x042a, 0x042b, 0x042c, 0x042d, 0x042e, 0x042f, 0x0430, 0x0431, 0x0432, 0x0433, 0x0434,
        0x0435, 0x0436, 0x0437, 0x0438, 0x0439, 0x043a, 0x043b, 0x043c, 0x043d, 0x043e, 0x043f,
        0x2591, 0x2592, 0x2593, 0x2502, 0x2524, 0x2561, 0x2562, 0x2556, 0x2555, 0x2563, 0x2551,
        0x2557, 0x255d, 0x255c, 0x255b, 0x2510, 0x2514, 0x2534, 0x252c, 0x251c, 0x2500, 0x253c,
        0x255e, 0x255f, 0x255a, 0x2554, 0x2569, 0x2566, 0x2560, 0x2550, 0x256c, 0x2567, 0x2568,
        0x2564, 0x2565, 0x2559, 0x2558, 0x2552, 0x2553, 0x256b, 0x256a, 0x2518, 0x250c, 0x2588,
        0x2584, 0x258c, 0x2590, 0x2580, 0x0440, 0x0441, 0x0442, 0x0443, 0x0444, 0x0445, 0x0446,
        0x0447, 0x0448, 0x0449, 0x044a, 0x044b, 0x044c, 0x044d, 0x044e, 0x044f, 0x0401, 0x0451,
        0x0404, 0x0454, 0x0407, 0x0457, 0x040e, 0x045e, 0x0406, 0x0456, 0x00b7, 0x00a4, 0x0490,
        0x0491, 0x2219, 0x00a0,
    ],
    [
        0x0000, 0x0001, 0x0002, 0x0003, 0x0004, 0x0005, 0x0006, 0x0007, 0x0008, 0x0009, 0x000a,
        0x000b, 0x000c, 0x000d, 0x000e, 0x000f, 0x0010, 0x0011, 0x0012, 0x0013, 0x0014, 0x0015,
        0x0016, 0x0017, 0x0018, 0x0019, 0x001a, 0x001b, 0x001c, 0x001d, 0x001e, 0x001f, 0x0020,
        0x0021, 0x0022, 0x0023, 0x0024, 0x0025, 0x0026, 0x0027, 0x0028, 0x0029, 0x002a, 0x002b,
        0x002c, 0x002d, 0x002e, 0x002f, 0x0030, 0x0031, 0x0032, 0x0033, 0x0034, 0x0035, 0x0036,
        0x0037, 0x0038, 0x0039, 0x003a, 0x003b, 0x003c, 0x003d, 0x003e, 0x003f, 0x0040, 0x0041,
        0x0042, 0x0043, 0x0044, 0x0045, 0x0046, 0x0047, 0x0048, 0x0049, 0x004a, 0x004b, 0x004c,
        0x004d, 0x004e, 0x004f, 0x0050, 0x0051, 0x0052, 0x0053, 0x0054, 0x0055, 0x0056, 0x0057,
        0x0058, 0x0059, 0x005a, 0x005b, 0x005c, 0x005d, 0x005e, 0x005f, 0x0060, 0x0061, 0x0062,
        0x0063, 0x0064, 0x0065, 0x0066, 0x0067, 0x0068, 0x0069, 0x006a, 0x006b, 0x006c, 0x006d,
        0x006e, 0x006f, 0x0070, 0x0071, 0x0072, 0x0073, 0x0074, 0x0075, 0x0076, 0x0077, 0x0078,
        0x0079, 0x007a, 0x007b, 0x007c, 0x007d, 0x007e, 0x007f, 0x0080, 0x0081, 0x0082, 0x0083,
        0x0084, 0x0085, 0x0086, 0x0087, 0x0088, 0x0089, 0x008a, 0x008b, 0x008c, 0x008d, 0x008e,
        0x008f, 0x0090, 0x0091, 0x0092, 0x0093, 0x0094, 0x0095, 0x0096, 0x0097, 0x0098, 0x0099,
        0x009a, 0x009b, 0x009c, 0x009d, 0x009e, 0x009f, 0xfffd, 0x0e81, 0x0e82, 0x0e84, 0x0e87,
        0x0e88, 0x0eaa, 0x0e8a, 0x0e8d, 0x0e94, 0x0e95, 0x0e96, 0x0e97, 0x0e99, 0x0e9a, 0x0e9b,
        0x0e9c, 0x0e9d, 0x0e9e, 0x0e9f, 0x0ea1, 0x0ea2, 0x0ea3, 0x0ea5, 0x0ea7, 0x0eab, 0x0ead,
        0x0eae, 0xfffd, 0xfffd, 0xfffd, 0x0eaf, 0x0eb0, 0x0eb2, 0x0eb3, 0x0eb4, 0x0eb5, 0x0eb6,
        0x0eb7, 0x0eb8, 0x0eb9, 0x0ebc, 0x0eb1, 0x0ebb, 0x0ebd, 0xfffd, 0xfffd, 0xfffd, 0x0ec0,
        0x0ec1, 0x0ec2, 0x0ec3, 0x0ec4, 0x0ec8, 0x0ec9, 0x0eca, 0x0ecb, 0x0ecc, 0x0ecd, 0x0ec6,
        0xfffd, 0x0edc, 0x0edd, 0x006b, 0xfffd, 0xfffd, 0xfffd, 0xfffd, 0xfffd, 0xfffd, 0xfffd,
        0xfffd, 0xfffd, 0xfffd, 0xfffd, 0xfffd, 0xfffd, 0xfffd, 0xfffd, 0xfffd, 0x0ed0, 0x0ed1,
        0x0ed2, 0x0ed3, 0x0ed4, 0x0ed5, 0x0ed6, 0x0ed7, 0x0ed8, 0x0ed9, 0xfffd, 0xfffd, 0x00a2,
        0x00ac, 0x00a6, 0x00a0,
    ],
    [
        0x0040, 0x00a3, 0x0024, 0x00a5, 0x00e8, 0x00e9, 0x00f9, 0x00ec, 0x00f2, 0x00c7, 0x000a,
        0x00d8, 0x00f8, 0x000d, 0x00c5, 0x00e5, 0x0394, 0x005f, 0x03a6, 0x0393, 0x039b, 0x03a9,
        0x03a0, 0x03a8, 0x03a3, 0x0398, 0x039e, 0x0020, 0x00c6, 0x00e6, 0x00df, 0x00c9, 0x0020,
        0x0021, 0x0022, 0x0023, 0x00a4, 0x0025, 0x0026, 0x0027, 0x0028, 0x0029, 0x002a, 0x002b,
        0x002c, 0x002d, 0x002e, 0x002f, 0x0030, 0x0031, 0x0032, 0x0033, 0x0034, 0x0035, 0x0036,
        0x0037, 0x0038, 0x0039, 0x003a, 0x003b, 0x003c, 0x003d, 0x003e, 0x003f, 0x00a1, 0x0041,
        0x0042, 0x0043, 0x0044, 0x0045, 0x0046, 0x0047, 0x0048, 0x0049, 0x004a, 0x004b, 0x004c,
        0x004d, 0x004e, 0x004f, 0x0050, 0x0051, 0x0052, 0x0053, 0x0054, 0x0055, 0x0056, 0x0057,
        0x0058, 0x0059, 0x005a, 0x00c4, 0x00d6, 0x00d1, 0x00dc, 0x00a7, 0x00bf, 0x0061, 0x0062,
        0x0063, 0x0064, 0x0065, 0x0066, 0x0067, 0x0068, 0x0069, 0x006a, 0x006b, 0x006c, 0x006d,
        0x006e, 0x006f, 0x0070, 0x0071, 0x0072, 0x0073, 0x0074, 0x0075, 0x0076, 0x0077, 0x0078,
        0x0079, 0x007a, 0x00e4, 0x00f6, 0x00f1, 0x00fc, 0x00e0, 0xfffd, 0xfffd, 0xfffd, 0xfffd,
        0xfffd, 0xfffd, 0xfffd, 0xfffd, 0xfffd, 0xfffd, 0xfffd, 0xfffd, 0xfffd, 0xfffd, 0xfffd,
        0xfffd, 0xfffd, 0xfffd, 0xfffd, 0xfffd, 0xfffd, 0xfffd, 0xfffd, 0xfffd, 0xfffd, 0xfffd,
        0xfffd, 0xfffd, 0xfffd, 0xfffd, 0xfffd, 0xfffd, 0xfffd, 0xfffd, 0xfffd, 0xfffd, 0xfffd,
        0xfffd, 0xfffd, 0xfffd, 0xfffd, 0xfffd, 0xfffd, 0xfffd, 0xfffd, 0xfffd, 0xfffd, 0xfffd,
        0xfffd, 0xfffd, 0xfffd, 0xfffd, 0xfffd, 0xfffd, 0xfffd, 0xfffd, 0xfffd, 0xfffd, 0xfffd,
        0xfffd, 0xfffd, 0xfffd, 0xfffd, 0xfffd, 0xfffd, 0xfffd, 0xfffd, 0xfffd, 0xfffd, 0xfffd,
        0xfffd, 0xfffd, 0xfffd, 0xfffd, 0xfffd, 0xfffd, 0xfffd, 0xfffd, 0xfffd, 0xfffd, 0xfffd,
        0xfffd, 0xfffd, 0xfffd, 0xfffd, 0xfffd, 0xfffd, 0xfffd, 0xfffd, 0xfffd, 0xfffd, 0xfffd,
        0xfffd, 0xfffd, 0xfffd, 0xfffd, 0xfffd, 0xfffd, 0xfffd, 0xfffd, 0xfffd, 0xfffd, 0xfffd,
        0xfffd, 0xfffd, 0xfffd, 0xfffd, 0xfffd, 0xfffd, 0xfffd, 0xfffd, 0xfffd, 0xfffd, 0xfffd,
        0xfffd, 0xfffd, 0xfffd, 0xfffd, 0xfffd, 0xfffd, 0xfffd, 0xfffd, 0xfffd, 0xfffd, 0xfffd,
        0xfffd, 0xfffd, 0xfffd,
    ],
    [
        0x0000, 0x0001, 0x0002, 0x0003, 0x0004, 0x0005, 0x0006, 0x0007, 0x0008, 0x0009, 0x000a,
        0x000b, 0x000c, 0x000d, 0xfffd, 0xfffd, 0x0010, 0x0011, 0x0012, 0x0013, 0x0014, 0x0015,
        0x0016, 0x0017, 0x0018, 0x0019, 0x001a, 0xfffd, 0x001c, 0x001d, 0x001e, 0x001f, 0x0020,
        0x0021, 0x0022, 0x0023, 0x0024, 0x0025, 0x0026, 0x0027, 0x0028, 0x0029, 0x002a, 0x002b,
        0x002c, 0x002d, 0x002e, 0x002f, 0x0030, 0x0031, 0x0032, 0x0033, 0x0034, 0x0035, 0x0036,
        0x0037, 0x0038, 0x0039, 0x003a, 0x003b, 0x003c, 0x003d, 0x003e, 0x003f, 0x0040, 0x0041,
        0x0042, 0x0043, 0x0044, 0x0045, 0x0046, 0x0047, 0x0048, 0x0049, 0x004a, 0x004b, 0x004c,
        0x004d, 0x004e, 0x004f, 0x0050, 0x0051, 0x0052, 0x0053, 0x0054, 0x0055, 0x0056, 0x0057,
        0x0058, 0x0059, 0x005a, 0x005b, 0x005c, 0x005d, 0x005e, 0x005f, 0x0060, 0x0061, 0x0062,
        0x0063, 0x0064, 0x0065, 0x0066, 0x0067, 0x0068, 0x0069, 0x006a, 0x006b, 0x006c, 0x006d,
        0x006e, 0x006f, 0x0070, 0x0071, 0x0072, 0x0073, 0x0074, 0x0075, 0x0076, 0x0077, 0x0078,
        0x0079, 0x007a, 0x007b, 0x007c, 0x007d, 0x007e, 0x007f, 0xfffd, 0xfffd, 0xfffd, 0xfffd,
        0xfffd, 0xfffd, 0xfffd, 0xfffd, 0xfffd, 0xfffd, 0xfffd, 0xfffd, 0xfffd, 0xfffd, 0xfffd,
        0xfffd, 0xfffd, 0xfffd, 0xfffd, 0xfffd, 0xfffd, 0xfffd, 0xfffd, 0xfffd, 0xfffd, 0xfffd,
        0xfffd, 0xfffd, 0xfffd, 0xfffd, 0xfffd, 0xfffd, 0xfffd, 0xfffd, 0xfffd, 0xfffd, 0xfffd,
        0xfffd, 0xfffd, 0xfffd, 0xfffd, 0xfffd, 0xfffd, 0xfffd, 0xfffd, 0xfffd, 0xfffd, 0xfffd,
        0xfffd, 0xfffd, 0xfffd, 0xfffd, 0xfffd, 0xfffd, 0xfffd, 0xfffd, 0xfffd, 0xfffd, 0xfffd,
        0xfffd, 0xfffd, 0xfffd, 0xfffd, 0xfffd, 0xfffd, 0xfffd, 0xfffd, 0xfffd, 0xfffd, 0xfffd,
        0xfffd, 0xfffd, 0xfffd, 0xfffd, 0xfffd, 0xfffd, 0xfffd, 0xfffd, 0xfffd, 0xfffd, 0xfffd,
        0xfffd, 0xfffd, 0xfffd, 0xfffd, 0xfffd, 0xfffd, 0xfffd, 0xfffd, 0xfffd, 0xfffd, 0xfffd,
        0xfffd, 0xfffd, 0xfffd, 0xfffd, 0xfffd, 0xfffd, 0xfffd, 0xfffd, 0xfffd, 0xfffd, 0xfffd,
        0xfffd, 0xfffd, 0xfffd, 0xfffd, 0xfffd, 0xfffd, 0xfffd, 0xfffd, 0xfffd, 0xfffd, 0xfffd,
        0xfffd, 0xfffd, 0xfffd, 0xfffd, 0xfffd, 0xfffd, 0xfffd, 0xfffd, 0xfffd, 0xfffd, 0xfffd,
        0xfffd, 0xfffd, 0xfffd,
    ],
    [
        0x0000, 0x0001, 0x0002, 0x0003, 0x0004, 0x0005, 0x0006, 0x0007, 0x0008, 0x0009, 0x000a,
        0x000b, 0x000c, 0x000d, 0xfffd, 0xfffd, 0x0010, 0x0011, 0x0012, 0x0013, 0x0014, 0x0015,
        0x0016, 0x0017, 0x0018, 0x0019, 0x001a, 0xfffd, 0x001c, 0x001d, 0x001e, 0x001f, 0x0020,
        0x0021, 0x0022, 0x0023, 0x0024, 0x0025, 0x0026, 0x0027, 0x0028, 0x0029, 0x002a, 0x002b,
        0x002c, 0x002d, 0x002e, 0x002f, 0x0030, 0x0031, 0x0032, 0x0033, 0x0034, 0x0035, 0x0036,
        0x0037, 0x0038, 0x0039, 0x003a, 0x003b, 0x003c, 0x003d, 0x003e, 0x003f, 0x0040, 0x0041,
        0x0042, 0x0043, 0x0044, 0x0045, 0x0046, 0x0047, 0x0048, 0x0049, 0x004a, 0x004b, 0x004c,
        0x004d, 0x004e, 0x004f, 0x0050, 0x0051, 0x0052, 0x0053, 0x0054, 0x0055, 0x0056, 0x0057,
        0x0058, 0x0059, 0x005a, 0x005b, 0x005c, 0x005d, 0x005e, 0x005f, 0x0060, 0x0061, 0x0062,
        0x0063, 0x0064, 0x0065, 0x0066, 0x0067, 0x0068, 0x0069, 0x006a, 0x006b, 0x006c, 0x006d,
        0x006e, 0x006f, 0x0070, 0x0071, 0x0072, 0x0073, 0x0074, 0x0075, 0x0076, 0x0077, 0x0078,
        0x0079, 0x007a, 0x007b, 0x007c, 0x007d, 0x007e, 0x007f, 0xfffd, 0xfffd, 0xfffd, 0xfffd,
        0xfffd, 0xfffd, 0xfffd, 0xfffd, 0xfffd, 0xfffd, 0xfffd, 0xfffd, 0xfffd, 0xfffd, 0xfffd,
        0xfffd, 0xfffd, 0xfffd, 0xfffd, 0xfffd, 0xfffd, 0xfffd, 0xfffd, 0xfffd, 0xfffd, 0xfffd,
        0xfffd, 0xfffd, 0xfffd, 0xfffd, 0xfffd, 0xfffd, 0xfffd, 0xff61, 0xff62, 0xff63, 0xff64,
        0xff65, 0xff66, 0xff67, 0xff68, 0xff69, 0xff6a, 0xff6b, 0xff6c, 0xff6d, 0xff6e, 0xff6f,
        0xff70, 0xff71, 0xff72, 0xff73, 0xff74, 0xff75, 0xff76, 0xff77, 0xff78, 0xff79, 0xff7a,
        0xff7b, 0xff7c, 0xff7d, 0xff7e, 0xff7f, 0xff80, 0xff81, 0xff82, 0xff83, 0xff84, 0xff85,
        0xff86, 0xff87, 0xff88, 0xff89, 0xff8a, 0xff8b, 0xff8c, 0xff8d, 0xff8e, 0xff8f, 0xff90,
        0xff91, 0xff92, 0xff93, 0xff94, 0xff95, 0xff96, 0xff97, 0xff98, 0xff99, 0xff9a, 0xff9b,
        0xff9c, 0xff9d, 0xff9e, 0xff9f, 0xfffd, 0xfffd, 0xfffd, 0xfffd, 0xfffd, 0xfffd, 0xfffd,
        0xfffd, 0xfffd, 0xfffd, 0xfffd, 0xfffd, 0xfffd, 0xfffd, 0xfffd, 0xfffd, 0xfffd, 0xfffd,
        0xfffd, 0xfffd, 0xfffd, 0xfffd, 0xfffd, 0xfffd, 0xfffd, 0xfffd, 0xfffd, 0xfffd, 0xfffd,
        0xfffd, 0xfffd, 0xfffd,
    ],
    [
        0x0000, 0x0001, 0x0002, 0x0003, 0x0004, 0x0005, 0x0006, 0x0007, 0x0008, 0x0009, 0x000a,
        0x000b, 0x000c, 0x000d, 0x000e, 0x000f, 0x0010, 0x0011, 0x0012, 0x0013, 0x0014, 0x0015,
        0x0016, 0x0017, 0x0018, 0x0019, 0x001a, 0xfffd, 0x001c, 0x001d, 0x001e, 0x001f, 0x0020,
        0x0021, 0x0022, 0x0023, 0x0024, 0x0025, 0x0026, 0x0027, 0x0028, 0x0029, 0x002a, 0x002b,
        0x002c, 0x002d, 0x002e, 0x002f, 0x0030, 0x0031, 0x0032, 0x0033, 0x0034, 0x0035, 0x0036,
        0x0037, 0x0038, 0x0039, 0x003a, 0x003b, 0x003c, 0x003d, 0x003e, 0x003f, 0x0040, 0x0041,
        0x0042, 0x0043, 0x0044, 0x0045, 0x0046, 0x0047, 0x0048, 0x0049, 0x004a, 0x004b, 0x004c,
        0x004d, 0x004e, 0x004f, 0x0050, 0x0051, 0x0052, 0x0053, 0x0054, 0x0055, 0x0056, 0x0057,
        0x0058, 0x0059, 0x005a, 0x005b, 0x005c, 0x005d, 0x005e, 0x005f, 0x0060, 0x0061, 0x0062,
        0x0063, 0x0064, 0x0065, 0x0066, 0x0067, 0x0068, 0x0069, 0x006a, 0x006b, 0x006c, 0x006d,
        0x006e, 0x006f, 0x0070, 0x0071, 0x0072, 0x0073, 0x0074, 0x0075, 0x0076, 0x0077, 0x0078,
        0x0079, 0x007a, 0x007b, 0x007c, 0x007d, 0x007e, 0x007f, 0x0080, 0x0081, 0x0082, 0x0083,
        0x0084, 0x0085, 0x0086, 0x0087, 0x0088, 0x0089, 0x008a, 0x008b, 0x008c, 0x008d, 0x008e,
        0x008f, 0x0090, 0x0091, 0x0092, 0x0093, 0x0094, 0x0095, 0x0096, 0x0097, 0x0098, 0x0099,
        0x009a, 0x009b, 0x009c, 0x009d, 0x009e, 0x009f, 0x00a0, 0x00a1, 0x00a2, 0x00a3, 0x00a4,
        0x00a5, 0x00a6, 0x00a7, 0x00a8, 0x00a9, 0x00aa, 0x00ab, 0x00ac, 0x00ad, 0x00ae, 0x00af,
        0x00b0, 0x00b1, 0x00b2, 0x00b3, 0x00b4, 0x00b5, 0x00b6, 0x00b7, 0x00b8, 0x00b9, 0x00ba,
        0x00bb, 0x00bc, 0x00bd, 0x00be, 0x00bf, 0x00c0, 0x00c1, 0x00c2, 0x00c3, 0x00c4, 0x00c5,
        0x00c6, 0x00c7, 0x00c8, 0x00c9, 0x00ca, 0x00cb, 0x00cc, 0x00cd, 0x00ce, 0x00cf, 0x00d0,
        0x00d1, 0x00d2, 0x00d3, 0x00d4, 0x00d5, 0x00d6, 0x00d7, 0x00d8, 0x00d9, 0x00da, 0x00db,
        0x00dc, 0x00dd, 0x00de, 0x00df, 0x00e0, 0x00e1, 0x00e2, 0x00e3, 0x00e4, 0x00e5, 0x00e6,
        0x00e7, 0x00e8, 0x00e9, 0x00ea, 0x00eb, 0x00ec, 0x00ed, 0x00ee, 0x00ef, 0x00f0, 0x00f1,
        0x00f2, 0x00f3, 0x00f4, 0x00f5, 0x00f6, 0x00f7, 0x00f8, 0x00f9, 0x00fa, 0x00fb, 0x00fc,
        0x00fd, 0x00fe, 0x00ff,
    ],
    [
        0x0000, 0x0001, 0x0002, 0x0003, 0x009c, 0x0009, 0x0086, 0x007f, 0x0097, 0x008d, 0x008e,
        0x000b, 0x000c, 0x000d, 0x000e, 0x000f, 0x0010, 0x0011, 0x0012, 0x0013, 0x009d, 0x0085,
        0x0008, 0x0087, 0x0018, 0x0019, 0x0092, 0x008f, 0x001c, 0x001d, 0x001e, 0x001f, 0x0080,
        0x0081, 0x0082, 0x0083, 0x0084, 0x000a, 0x0017, 0x001b, 0x0088, 0x0089, 0x008a, 0x008b,
        0x008c, 0x0005, 0x0006, 0x0007, 0x0090, 0x0091, 0x0016, 0x0093, 0x0094, 0x0095, 0x0096,
        0x0004, 0x0098, 0x0099, 0x009a, 0x009b, 0x0014, 0x0015, 0x009e, 0x001a, 0x0020, 0x00a0,
        0x00e2, 0x00e4, 0x00e0, 0x00e1, 0x00e3, 0x00e5, 0x00e7, 0x00f1, 0x00a2, 0x002e, 0x003c,
        0x0028, 0x002b, 0x007c, 0x0026, 0x00e9, 0x00ea, 0x00eb, 0x00e8, 0x00ed, 0x00ee, 0x00ef,
        0x00ec, 0x00df, 0x0021, 0x0024, 0x002a, 0x0029, 0x003b, 0x00ac, 0x002d, 0x002f, 0x00c2,
        0x00c4, 0x00c0, 0x00c1, 0x00c3, 0x00c5, 0x00c7, 0x00d1, 0x00a6, 0x002c, 0x0025, 0x005f,
        0x003e, 0x003f, 0x00f8, 0x00c9, 0x00ca, 0x00cb, 0x00c8, 0x00cd, 0x00ce, 0x00cf, 0x00cc,
        0x0060, 0x003a, 0x0023, 0x0040, 0x0027, 0x003d, 0x0022, 0x00d8, 0x0061, 0x0062, 0x0063,
        0x0064, 0x0065, 0x0066, 0x0067, 0x0068, 0x0069, 0x00ab, 0x00bb, 0x00f0, 0x00fd, 0x00fe,
        0x00b1, 0x00b0, 0x006a, 0x006b, 0x006c, 0x006d, 0x006e, 0x006f, 0x0070, 0x0071, 0x0072,
        0x00aa, 0x00ba, 0x00e6, 0x00b8, 0x00c6, 0x00a4, 0x00b5, 0x007e, 0x0073, 0x0074, 0x0075,
        0x0076, 0x0077, 0x0078, 0x0079, 0x007a, 0x00a1, 0x00bf, 0x00d0, 0x00dd, 0x00de, 0x00ae,
        0x005e, 0x00a3, 0x00a5, 0x00b7, 0x00a9, 0x00a7, 0x00b6, 0x00bc, 0x00bd, 0x00be, 0x005b,
        0x005d, 0x00af, 0x00a8, 0x00b4, 0x00d7, 0x007b, 0x0041, 0x0042, 0x0043, 0x0044, 0x0045,
        0x0046, 0x0047, 0x0048, 0x0049, 0x00ad, 0x00f4, 0x00f6, 0x00f2, 0x00f3, 0x00f5, 0x007d,
        0x004a, 0x004b, 0x004c, 0x004d, 0x004e, 0x004f, 0x0050, 0x0051, 0x0052, 0x00b9, 0x00fb,
        0x00fc, 0x00f9, 0x00fa, 0x00ff, 0x005c, 0x00f7, 0x0053, 0x0054, 0x0055, 0x0056, 0x0057,
        0x0058, 0x0059, 0x005a, 0x00b2, 0x00d4, 0x00d6, 0x00d2, 0x00d3, 0x00d5, 0x0030, 0x0031,
        0x0032, 0x0033, 0x0034, 0x0035, 0x0036, 0x0037, 0x0038, 0x0039, 0x00b3, 0x00db, 0x00dc,
        0x00d9, 0x00da, 0x009f,
    ],
    [
        0x0000, 0x0001, 0x0002, 0x0003, 0x009c, 0x0009, 0x0086, 0x007f, 0x0097, 0x008d, 0x008e,
        0x000b, 0x000c, 0x000d, 0x000e, 0x000f, 0x0010, 0x0011, 0x0012, 0x0013, 0x009d, 0x0085,
        0x0008, 0x0087, 0x0018, 0x0019, 0x0092, 0x008f, 0x001c, 0x001d, 0x001e, 0x001f, 0x0080,
        0x0081, 0x0082, 0x0083, 0x0084, 0x000a, 0x0017, 0x001b, 0x0088, 0x0089, 0x008a, 0x008b,
        0x008c, 0x0005, 0x0006, 0x0007, 0x0090, 0x0091, 0x0016, 0x0093, 0x0094, 0x0095, 0x0096,
        0x0004, 0x0098, 0x0099, 0x009a, 0x009b, 0x0014, 0x0015, 0x009e, 0x001a, 0x0020, 0x00a0,
        0x00e2, 0x007b, 0x00e0, 0x00e1, 0x00e3, 0x00e5, 0x00e7, 0x00f1, 0x00c4, 0x002e, 0x003c,
        0x0028, 0x002b, 0x0021, 0x0026, 0x00e9, 0x00ea, 0x00eb, 0x00e8, 0x00ed, 0x00ee, 0x00ef,
        0x00ec, 0x007e, 0x00dc, 0x0024, 0x002a, 0x0029, 0x003b, 0x005e, 0x002d, 0x002f, 0x00c2,
        0x005b, 0x00c0, 0x00c1, 0x00c3, 0x00c5, 0x00c7, 0x00d1, 0x00f6, 0x002c, 0x0025, 0x005f,
        0x003e, 0x003f, 0x00f8, 0x00c9, 0x00ca, 0x00cb, 0x00c8, 0x00cd, 0x00ce, 0x00cf, 0x00cc,
        0x0060, 0x003a, 0x0023, 0x00a7, 0x0027, 0x003d, 0x0022, 0x00d8, 0x0061, 0x0062, 0x0063,
        0x0064, 0x0065, 0x0066, 0x0067, 0x0068, 0x0069, 0x00ab, 0x00bb, 0x00f0, 0x00fd, 0x00fe,
        0x00b1, 0x00b0, 0x006a, 0x006b, 0x006c, 0x006d, 0x006e, 0x006f, 0x0070, 0x0071, 0x0072,
        0x00aa, 0x00ba, 0x00e6, 0x00b8, 0x00c6, 0x00a4, 0x00b5, 0x00df, 0x0073, 0x0074, 0x0075,
        0x0076, 0x0077, 0x0078, 0x0079, 0x007a, 0x00a1, 0x00bf, 0x00d0, 0x00dd, 0x00de, 0x00ae,
        0x00a2, 0x00a3, 0x00a5, 0x00b7, 0x00a9, 0x0040, 0x00b6, 0x00bc, 0x00bd, 0x00be, 0x00ac,
        0x007c, 0x00af, 0x00a8, 0x00b4, 0x00d7, 0x00e4, 0x0041, 0x0042, 0x0043, 0x0044, 0x0045,
        0x0046, 0x0047, 0x0048, 0x0049, 0x00ad, 0x00f4, 0x00a6, 0x00f2, 0x00f3, 0x00f5, 0x00fc,
        0x004a, 0x004b, 0x004c, 0x004d, 0x004e, 0x004f, 0x0050, 0x0051, 0x0052, 0x00b9, 0x00fb,
        0x007d, 0x00f9, 0x00fa, 0x00ff, 0x00d6, 0x00f7, 0x0053, 0x0054, 0x0055, 0x0056, 0x0057,
        0x0058, 0x0059, 0x005a, 0x00b2, 0x00d4, 0x005c, 0x00d2, 0x00d3, 0x00d5, 0x0030, 0x0031,
        0x0032, 0x0033, 0x0034, 0x0035, 0x0036, 0x0037, 0x0038, 0x0039, 0x00b3, 0x00db, 0x005d,
        0x00d9, 0x00da, 0x009f,
    ],
    [
        0x0000, 0x0001, 0x0002, 0x0003, 0x009c, 0x0009, 0x0086, 0x007f, 0x0097, 0x008d, 0x008e,
        0x000b, 0x000c, 0x000d, 0x000e, 0x000f, 0x0010, 0x0011, 0x0012, 0x0013, 0x009d, 0x0085,
        0x0008, 0x0087, 0x0018, 0x0019, 0x0092, 0x008f, 0x001c, 0x001d, 0x001e, 0x001f, 0x0080,
        0x0081, 0x0082, 0x0083, 0x0084, 0x000a, 0x0017, 0x001b, 0x0088, 0x0089, 0x008a, 0x008b,
        0x008c, 0x0005, 0x0006, 0x0007, 0x0090, 0x0091, 0x0016, 0x0093, 0x0094, 0x0095, 0x0096,
        0x0004, 0x0098, 0x0099, 0x009a, 0x009b, 0x0014, 0x0015, 0x009e, 0x001a, 0x0020, 0x00a0,
        0x00e2, 0x00e4, 0x00e0, 0x00e1, 0x00e3, 0x007d, 0x00e7, 0x00f1, 0x0023, 0x002e, 0x003c,
        0x0028, 0x002b, 0x0021, 0x0026, 0x00e9, 0x00ea, 0x00eb, 0x00e8, 0x00ed, 0x00ee, 0x00ef,
        0x00ec, 0x00df, 0x00a4, 0x00c5, 0x002a, 0x0029, 0x003b, 0x005e, 0x002d, 0x002f, 0x00c2,
        0x00c4, 0x00c0, 0x00c1, 0x00c3, 0x0024, 0x00c7, 0x00d1, 0x00f8, 0x002c, 0x0025, 0x005f,
        0x003e, 0x003f, 0x00a6, 0x00c9, 0x00ca, 0x00cb, 0x00c8, 0x00cd, 0x00ce, 0x00cf, 0x00cc,
        0x0060, 0x003a, 0x00c6, 0x00d8, 0x0027, 0x003d, 0x0022, 0x0040, 0x0061, 0x0062, 0x0063,
        0x0064, 0x0065, 0x0066, 0x0067, 0x0068, 0x0069, 0x00ab, 0x00bb, 0x00f0, 0x00fd, 0x00fe,
        0x00b1, 0x00b0, 0x006a, 0x006b, 0x006c, 0x006d, 0x006e, 0x006f, 0x0070, 0x0071, 0x0072,
        0x00aa, 0x00ba, 0x007b, 0x00b8, 0x005b, 0x005d, 0x00b5, 0x00fc, 0x0073, 0x0074, 0x0075,
        0x0076, 0x0077, 0x0078, 0x0079, 0x007a, 0x00a1, 0x00bf, 0x00d0, 0x00dd, 0x00de, 0x00ae,
        0x00a2, 0x00a3, 0x00a5, 0x00b7, 0x00a9, 0x00a7, 0x00b6, 0x00bc, 0x00bd, 0x00be, 0x00ac,
        0x007c, 0x00af, 0x00a8, 0x00b4, 0x00d7, 0x00e6, 0x0041, 0x0042, 0x0043, 0x0044, 0x0045,
        0x0046, 0x0047, 0x0048, 0x0049, 0x00ad, 0x00f4, 0x00f6, 0x00f2, 0x00f3, 0x00f5, 0x00e5,
        0x004a, 0x004b, 0x004c, 0x004d, 0x004e, 0x004f, 0x0050, 0x0051, 0x0052, 0x00b9, 0x00fb,
        0x007e, 0x00f9, 0x00fa, 0x00ff, 0x005c, 0x00f7, 0x0053, 0x0054, 0x0055, 0x0056, 0x0057,
        0x0058, 0x0059, 0x005a, 0x00b2, 0x00d4, 0x00d6, 0x00d2, 0x00d3, 0x00d5, 0x0030, 0x0031,
        0x0032, 0x0033, 0x0034, 0x0035, 0x0036, 0x0037, 0x0038, 0x0039, 0x00b3, 0x00db, 0x00dc,
        0x00d9, 0x00da, 0x009f,
    ],
    [
        0x0000, 0x0001, 0x0002, 0x0003, 0x009c, 0x0009, 0x0086, 0x007f, 0x0097, 0x008d, 0x008e,
        0x000b, 0x000c, 0x000d, 0x000e, 0x000f, 0x0010, 0x0011, 0x0012, 0x0013, 0x009d, 0x0085,
        0x0008, 0x0087, 0x0018, 0x0019, 0x0092, 0x008f, 0x001c, 0x001d, 0x001e, 0x001f, 0x0080,
        0x0081, 0x0082, 0x0083, 0x0084, 0x000a, 0x0017, 0x001b, 0x0088, 0x0089, 0x008a, 0x008b,
        0x008c, 0x0005, 0x0006, 0x0007, 0x0090, 0x0091, 0x0016, 0x0093, 0x0094, 0x0095, 0x0096,
        0x0004, 0x0098, 0x0099, 0x009a, 0x009b, 0x0014, 0x0015, 0x009e, 0x001a, 0x0020, 0x00a0,
        0x00e2, 0x007b, 0x00e0, 0x00e1, 0x00e3, 0x007d, 0x00e7, 0x00f1, 0x00a7, 0x002e, 0x003c,
        0x0028, 0x002b, 0x0021, 0x0026, 0x0060, 0x00ea, 0x00eb, 0x00e8, 0x00ed, 0x00ee, 0x00ef,
        0x00ec, 0x00df, 0x00a4, 0x00c5, 0x002a, 0x0029, 0x003b, 0x005e, 0x002d, 0x002f, 0x00c2,
        0x0023, 0x00c0, 0x00c1, 0x00c3, 0x0024, 0x00c7, 0x00d1, 0x00f6, 0x002c, 0x0025, 0x005f,
        0x003e, 0x003f, 0x00f8, 0x005c, 0x00ca, 0x00cb, 0x00c8, 0x00cd, 0x00ce, 0x00cf, 0x00cc,
        0x00e9, 0x003a, 0x00c4, 0x00d6, 0x0027, 0x003d, 0x0022, 0x00d8, 0x0061, 0x0062, 0x0063,
        0x0064, 0x0065, 0x0066, 0x0067, 0x0068, 0x0069, 0x00ab, 0x00bb, 0x00f0, 0x00fd, 0x00fe,
        0x00b1, 0x00b0, 0x006a, 0x006b, 0x006c, 0x006d, 0x006e, 0x006f, 0x0070, 0x0071, 0x0072,
        0x00aa, 0x00ba, 0x00e6, 0x00b8, 0x00c6, 0x005d, 0x00b5, 0x00fc, 0x0073, 0x0074, 0x0075,
        0x0076, 0x0077, 0x0078, 0x0079, 0x007a, 0x00a1, 0x00bf, 0x00d0, 0x00dd, 0x00de, 0x00ae,
        0x00a2, 0x00a3, 0x00a5, 0x00b7, 0x00a9, 0x005b, 0x00b6, 0x00bc, 0x00bd, 0x00be, 0x00ac,
        0x007c, 0x00af, 0x00a8, 0x00b4, 0x00d7, 0x00e4, 0x0041, 0x0042, 0x0043, 0x0044, 0x0045,
        0x0046, 0x0047, 0x0048, 0x0049, 0x00ad, 0x00f4, 0x00a6, 0x00f2, 0x00f3, 0x00f5, 0x00e5,
        0x004a, 0x004b, 0x004c, 0x004d, 0x004e, 0x004f, 0x0050, 0x0051, 0x0052, 0x00b9, 0x00fb,
        0x007e, 0x00f9, 0x00fa, 0x00ff, 0x00c9, 0x00f7, 0x0053, 0x0054, 0x0055, 0x0056, 0x0057,
        0x0058, 0x0059, 0x005a, 0x00b2, 0x00d4, 0x0040, 0x00d2, 0x00d3, 0x00d5, 0x0030, 0x0031,
        0x0032, 0x0033, 0x0034, 0x0035, 0x0036, 0x0037, 0x0038, 0x0039, 0x00b3, 0x00db, 0x00dc,
        0x00d9, 0x00da, 0x009f,
    ],
    [
        0x0000, 0x0001, 0x0002, 0x0003, 0x009c, 0x0009, 0x0086, 0x007f, 0x0097, 0x008d, 0x008e,
        0x000b, 0x000c, 0x000d, 0x000e, 0x000f, 0x0010, 0x0011, 0x0012, 0x0013, 0x009d, 0x0085,
        0x0008, 0x0087, 0x0018, 0x0019, 0x0092, 0x008f, 0x001c, 0x001d, 0x001e, 0x001f, 0x0080,
        0x0081, 0x0082, 0x0083, 0x0084, 0x000a, 0x0017, 0x001b, 0x0088, 0x0089, 0x008a, 0x008b,
        0x008c, 0x0005, 0x0006, 0x0007, 0x0090, 0x0091, 0x0016, 0x0093, 0x0094, 0x0095, 0x0096,
        0x0004, 0x0098, 0x0099, 0x009a, 0x009b, 0x0014, 0x0015, 0x009e, 0x001a, 0x0020, 0x00a0,
        0x00e2, 0x00e4, 0x007b, 0x00e1, 0x00e3, 0x00e5, 0x005c, 0x00f1, 0x00b0, 0x002e, 0x003c,
        0x0028, 0x002b, 0x0021, 0x0026, 0x005d, 0x00ea, 0x00eb, 0x007d, 0x00ed, 0x00ee, 0x00ef,
        0x007e, 0x00df, 0x00e9, 0x0024, 0x002a, 0x0029, 0x003b, 0x005e, 0x002d, 0x002f, 0x00c2,
        0x00c4, 0x00c0, 0x00c1, 0x00c3, 0x00c5, 0x00c7, 0x00d1, 0x00f2, 0x002c, 0x0025, 0x005f,
        0x003e, 0x003f, 0x00f8, 0x00c9, 0x00ca, 0x00cb, 0x00c8, 0x00cd, 0x00ce, 0x00cf, 0x00cc,
        0x00f9, 0x003a, 0x00a3, 0x00a7, 0x0027, 0x003d, 0x0022, 0x00d8, 0x0061, 0x0062, 0x0063,
        0x0064, 0x0065, 0x0066, 0x0067, 0x0068, 0x0069, 0x00ab, 0x00bb, 0x00f0, 0x00fd, 0x00fe,
        0x00b1, 0x005b, 0x006a, 0x006b, 0x006c, 0x006d, 0x006e, 0x006f, 0x0070, 0x0071, 0x0072,
        0x00aa, 0x00ba, 0x00e6, 0x00b8, 0x00c6, 0x00a4, 0x00b5, 0x00ec, 0x0073, 0x0074, 0x0075,
        0x0076, 0x0077, 0x0078, 0x0079, 0x007a, 0x00a1, 0x00bf, 0x00d0, 0x00dd, 0x00de, 0x00ae,
        0x00a2, 0x0023, 0x00a5, 0x00b7, 0x00a9, 0x0040, 0x00b6, 0x00bc, 0x00bd, 0x00be, 0x00ac,
        0x007c, 0x00af, 0x00a8, 0x00b4, 0x00d7, 0x00e0, 0x0041, 0x0042, 0x0043, 0x0044, 0x0045,
        0x0046, 0x0047, 0x0048, 0x0049, 0x00ad, 0x00f4, 0x00f6, 0x00a6, 0x00f3, 0x00f5, 0x00e8,
        0x004a, 0x004b, 0x004c, 0x004d, 0x004e, 0x004f, 0x0050, 0x0051, 0x0052, 0x00b9, 0x00fb,
        0x00fc, 0x0060, 0x00fa, 0x00ff, 0x00e7, 0x00f7, 0x0053, 0x0054, 0x0055, 0x0056, 0x0057,
        0x0058, 0x0059, 0x005a, 0x00b2, 0x00d4, 0x00d6, 0x00d2, 0x00d3, 0x00d5, 0x0030, 0x0031,
        0x0032, 0x0033, 0x0034, 0x0035, 0x0036, 0x0037, 0x0038, 0x0039, 0x00b3, 0x00db, 0x00dc,
        0x00d9, 0x00da, 0x009f,
    ],
    [
        0x0000, 0x0001, 0x0002, 0x0003, 0x009c, 0x0009, 0x0086, 0x007f, 0x0097, 0x008d, 0x008e,
        0x000b, 0x000c, 0x000d, 0x000e, 0x000f, 0x0010, 0x0011, 0x0012, 0x0013, 0x009d, 0x0085,
        0x0008, 0x0087, 0x0018, 0x0019, 0x0092, 0x008f, 0x001c, 0x001d, 0x001e, 0x001f, 0x0080,
        0x0081, 0x0082, 0x0083, 0x0084, 0x000a, 0x0017, 0x001b, 0x0088, 0x0089, 0x008a, 0x008b,
        0x008c, 0x0005, 0x0006, 0x0007, 0x0090, 0x0091, 0x0016, 0x0093, 0x0094, 0x0095, 0x0096,
        0x0004, 0x0098, 0x0099, 0x009a, 0x009b, 0x0014, 0x0015, 0x009e, 0x001a, 0x0020, 0x00a0,
        0x00e2, 0x00e4, 0x00e0, 0x00e1, 0x00e3, 0x00e5, 0x00e7, 0x00a6, 0x005b, 0x002e, 0x003c,
        0x0028, 0x002b, 0x007c, 0x0026, 0x00e9, 0x00ea, 0x00eb, 0x00e8, 0x00ed, 0x00ee, 0x00ef,
        0x00ec, 0x00df, 0x005d, 0x0024, 0x002a, 0x0029, 0x003b, 0x00ac, 0x002d, 0x002f, 0x00c2,
        0x00c4, 0x00c0, 0x00c1, 0x00c3, 0x00c5, 0x00c7, 0x0023, 0x00f1, 0x002c, 0x0025, 0x005f,
        0x003e, 0x003f, 0x00f8, 0x00c9, 0x00ca, 0x00cb, 0x00c8, 0x00cd, 0x00ce, 0x00cf, 0x00cc,
        0x0060, 0x003a, 0x00d1, 0x0040, 0x0027, 0x003d, 0x0022, 0x00d8, 0x0061, 0x0062, 0x0063,
        0x0064, 0x0065, 0x0066, 0x0067, 0x0068, 0x0069, 0x00ab, 0x00bb, 0x00f0, 0x00fd, 0x00fe,
        0x00b1, 0x00b0, 0x006a, 0x006b, 0x006c, 0x006d, 0x006e, 0x006f, 0x0070, 0x0071, 0x0072,
        0x00aa, 0x00ba, 0x00e6, 0x00b8, 0x00c6, 0x00a4, 0x00b5, 0x00a8, 0x0073, 0x0074, 0x0075,
        0x0076, 0x0077, 0x0078, 0x0079, 0x007a, 0x00a1, 0x00bf, 0x00d0, 0x00dd, 0x00de, 0x00ae,
        0x00a2, 0x00a3, 0x00a5, 0x00b7, 0x00a9, 0x00a7, 0x00b6, 0x00bc, 0x00bd, 0x00be, 0x005e,
        0x0021, 0x00af, 0x007e, 0x00b4, 0x00d7, 0x007b, 0x0041, 0x0042, 0x0043, 0x0044, 0x0045,
        0x0046, 0x0047, 0x0048, 0x0049, 0x00ad, 0x00f4, 0x00f6, 0x00f2, 0x00f3, 0x00f5, 0x007d,
        0x004a, 0x004b, 0x004c, 0x004d, 0x004e, 0x004f, 0x0050, 0x0051, 0x0052, 0x00b9, 0x00fb,
        0x00fc, 0x00f9, 0x00fa, 0x00ff, 0x005c, 0x00f7, 0x0053, 0x0054, 0x0055, 0x0056, 0x0057,
        0x0058, 0x0059, 0x005a, 0x00b2, 0x00d4, 0x00d6, 0x00d2, 0x00d3, 0x00d5, 0x0030, 0x0031,
        0x0032, 0x0033, 0x0034, 0x0035, 0x0036, 0x0037, 0x0038, 0x0039, 0x00b3, 0x00db, 0x00dc,
        0x00d9, 0x00da, 0x009f,
    ],
    [
        0x0000, 0x0001, 0x0002, 0x0003, 0x009c, 0x0009, 0x0086, 0x007f, 0x0097, 0x008d, 0x008e,
        0x000b, 0x000c, 0x000d, 0x000e, 0x000f, 0x0010, 0x0011, 0x0012, 0x0013, 0x009d, 0x0085,
        0x0008, 0x0087, 0x0018, 0x0019, 0x0092, 0x008f, 0x001c, 0x001d, 0x001e, 0x001f, 0x0080,
        0x0081, 0x0082, 0x0083, 0x0084, 0x000a, 0x0017, 0x001b, 0x0088, 0x0089, 0x008a, 0x008b,
        0x008c, 0x0005, 0x0006, 0x0007, 0x0090, 0x0091, 0x0016, 0x0093, 0x0094, 0x0095, 0x0096,
        0x0004, 0x0098, 0x0099, 0x009a, 0x009b, 0x0014, 0x0015, 0x009e, 0x001a, 0x0020, 0x00a0,
        0x00e2, 0x00e4, 0x00e0, 0x00e1, 0x00e3, 0x00e5, 0x00e7, 0x00f1, 0x0024, 0x002e, 0x003c,
        0x0028, 0x002b, 0x007c, 0x0026, 0x00e9, 0x00ea, 0x00eb, 0x00e8, 0x00ed, 0x00ee, 0x00ef,
        0x00ec, 0x00df, 0x0021, 0x00a3, 0x002a, 0x0029, 0x003b, 0x00ac, 0x002d, 0x002f, 0x00c2,
        0x00c4, 0x00c0, 0x00c1, 0x00c3, 0x00c5, 0x00c7, 0x00d1, 0x00a6, 0x002c, 0x0025, 0x005f,
        0x003e, 0x003f, 0x00f8, 0x00c9, 0x00ca, 0x00cb, 0x00c8, 0x00cd, 0x00ce, 0x00cf, 0x00cc,
        0x0060, 0x003a, 0x0023, 0x0040, 0x0027, 0x003d, 0x0022, 0x00d8, 0x0061, 0x0062, 0x0063,
        0x0064, 0x0065, 0x0066, 0x0067, 0x0068, 0x0069, 0x00ab, 0x00bb, 0x00f0, 0x00fd, 0x00fe,
        0x00b1, 0x00b0, 0x006a, 0x006b, 0x006c, 0x006d, 0x006e, 0x006f, 0x0070, 0x0071, 0x0072,
        0x00aa, 0x00ba, 0x00e6, 0x00b8, 0x00c6, 0x00a4, 0x00b5, 0x00af, 0x0073, 0x0074, 0x0075,
        0x0076, 0x0077, 0x0078, 0x0079, 0x007a, 0x00a1, 0x00bf, 0x00d0, 0x00dd, 0x00de, 0x00ae,
        0x00a2, 0x005b, 0x00a5, 0x00b7, 0x00a9, 0x00a7, 0x00b6, 0x00bc, 0x00bd, 0x00be, 0x005e,
        0x005d, 0x007e, 0x00a8, 0x00b4, 0x00d7, 0x007b, 0x0041, 0x0042, 0x0043, 0x0044, 0x0045,
        0x0046, 0x0047, 0x0048, 0x0049, 0x00ad, 0x00f4, 0x00f6, 0x00f2, 0x00f3, 0x00f5, 0x007d,
        0x004a, 0x004b, 0x004c, 0x004d, 0x004e, 0x004f, 0x0050, 0x0051, 0x0052, 0x00b9, 0x00fb,
        0x00fc, 0x00f9, 0x00fa, 0x00ff, 0x005c, 0x00f7, 0x0053, 0x0054, 0x0055, 0x0056, 0x0057,
        0x0058, 0x0059, 0x005a, 0x00b2, 0x00d4, 0x00d6, 0x00d2, 0x00d3, 0x00d5, 0x0030, 0x0031,
        0x0032, 0x0033, 0x0034, 0x0035, 0x0036, 0x0037, 0x0038, 0x0039, 0x00b3, 0x00db, 0x00dc,
        0x00d9, 0x00da, 0x009f,
    ],
    [
        0x0000, 0x0001, 0x0002, 0x0003, 0x009c, 0x0009, 0x0086, 0x007f, 0x0097, 0x008d, 0x008e,
        0x000b, 0x000c, 0x000d, 0x000e, 0x000f, 0x0010, 0x0011, 0x0012, 0x0013, 0x009d, 0x0085,
        0x0008, 0x0087, 0x0018, 0x0019, 0x0092, 0x008f, 0x001c, 0x001d, 0x001e, 0x001f, 0x0080,
        0x0081, 0x0082, 0x0083, 0x0084, 0x000a, 0x0017, 0x001b, 0x0088, 0x0089, 0x008a, 0x008b,
        0x008c, 0x0005, 0x0006, 0x0007, 0x0090, 0x0091, 0x0016, 0x0093, 0x0094, 0x0095, 0x0096,
        0x0004, 0x0098, 0x0099, 0x009a, 0x009b, 0x0014, 0x0015, 0x009e, 0x001a, 0x0020, 0xff61,
        0xff62, 0xff63, 0xff64, 0xff65, 0xff66, 0xff67, 0xff68, 0xff69, 0x00a3, 0x002e, 0x003c,
        0x0028, 0x002b, 0x007c, 0x0026, 0xff6a, 0xff6b, 0xff6c, 0xff6d, 0xff6e, 0xff6f, 0xfffd,
        0xff70, 0xfffd, 0x0021, 0x00a5, 0x002a, 0x0029, 0x003b, 0x00ac, 0x002d, 0x002f, 0x0061,
        0x0062, 0x0063, 0x0064, 0x0065, 0x0066, 0x0067, 0x0068, 0xfffd, 0x002c, 0x0025, 0x005f,
        0x003e, 0x003f, 0x005b, 0x0069, 0x006a, 0x006b, 0x006c, 0x006d, 0x006e, 0x006f, 0x0070,
        0x0060, 0x003a, 0x0023, 0x0040, 0x0027, 0x003d, 0x0022, 0x005d, 0xff71, 0xff72, 0xff73,
        0xff74, 0xff75, 0xff76, 0xff77, 0xff78, 0xff79, 0xff7a, 0x0071, 0xff7b, 0xff7c, 0xff7d,
        0xff7e, 0xff7f, 0xff80, 0xff81, 0xff82, 0xff83, 0xff84, 0xff85, 0xff86, 0xff87, 0xff88,
        0xff89, 0x0072, 0xfffd, 0xff8a, 0xff8b, 0xff8c, 0x007e, 0x203e, 0xff8d, 0xff8e, 0xff8f,
        0xff90, 0xff91, 0xff92, 0xff93, 0xff94, 0xff95, 0x0073, 0xff96, 0xff97, 0xff98, 0xff99,
        0x005e, 0x00a2, 0x005c, 0x0074, 0x0075, 0x0076, 0x0077, 0x0078, 0x0079, 0x007a, 0xff9a,
        0xff9b, 0xff9c, 0xff9d, 0xff9e, 0xff9f, 0x007b, 0x0041, 0x0042, 0x0043, 0x0044, 0x0045,
        0x0046, 0x0047, 0x0048, 0x0049, 0xfffd, 0xfffd, 0xfffd, 0xfffd, 0xfffd, 0xfffd, 0x007d,
        0x004a, 0x004b, 0x004c, 0x004d, 0x004e, 0x004f, 0x0050, 0x0051, 0x0052, 0xfffd, 0xfffd,
        0xfffd, 0xfffd, 0xfffd, 0xfffd, 0x0024, 0xfffd, 0x0053, 0x0054, 0x0055, 0x0056, 0x0057,
        0x0058, 0x0059, 0x005a, 0xfffd, 0xfffd, 0xfffd, 0xfffd, 0xfffd, 0xfffd, 0x0030, 0x0031,
        0x0032, 0x0033, 0x0034, 0x0035, 0x0036, 0x0037, 0x0038, 0x0039, 0xfffd, 0xfffd, 0xfffd,
        0xfffd, 0xfffd, 0x009f,
    ],
    [
        0x0000, 0x0001, 0x0002, 0x0003, 0x009c, 0x0009, 0x0086, 0x007f, 0x0097, 0x008d, 0x008e,
        0x000b, 0x000c, 0x000d, 0x000e, 0x000f, 0x0010, 0x0011, 0x0012, 0x0013, 0x009d, 0x0085,
        0x0008, 0x0087, 0x0018, 0x0019, 0x0092, 0x008f, 0x001c, 0x001d, 0x001e, 0x001f, 0x0080,
        0x0081, 0x0082, 0x0083, 0x0084, 0x000a, 0x0017, 0x001b, 0x0088, 0x0089, 0x008a, 0x008b,
        0x008c, 0x0005, 0x0006, 0x0007, 0x0090, 0x0091, 0x0016, 0x0093, 0x0094, 0x0095, 0x0096,
        0x0004, 0x0098, 0x0099, 0x009a, 0x009b, 0x0014, 0x0015, 0x009e, 0x001a, 0x0020, 0x00a0,
        0x00e2, 0x00e4, 0x0040, 0x00e1, 0x00e3, 0x00e5, 0x005c, 0x00f1, 0x00b0, 0x002e, 0x003c,
        0x0028, 0x002b, 0x0021, 0x0026, 0x007b, 0x00ea, 0x00eb, 0x007d, 0x00ed, 0x00ee, 0x00ef,
        0x00ec, 0x00df, 0x00a7, 0x0024, 0x002a, 0x0029, 0x003b, 0x005e, 0x002d, 0x002f, 0x00c2,
        0x00c4, 0x00c0, 0x00c1, 0x00c3, 0x00c5, 0x00c7, 0x00d1, 0x00f9, 0x002c, 0x0025, 0x005f,
        0x003e, 0x003f, 0x00f8, 0x00c9, 0x00ca, 0x00cb, 0x00c8, 0x00cd, 0x00ce, 0x00cf, 0x00cc,
        0x00b5, 0x003a, 0x00a3, 0x00e0, 0x0027, 0x003d, 0x0022, 0x00d8, 0x0061, 0x0062, 0x0063,
        0x0064, 0x0065, 0x0066, 0x0067, 0x0068, 0x0069, 0x00ab, 0x00bb, 0x00f0, 0x00fd, 0x00fe,
        0x00b1, 0x005b, 0x006a, 0x006b, 0x006c, 0x006d, 0x006e, 0x006f, 0x0070, 0x0071, 0x0072,
        0x00aa, 0x00ba, 0x00e6, 0x00b8, 0x00c6, 0x00a4, 0x0060, 0x00a8, 0x0073, 0x0074, 0x0075,
        0x0076, 0x0077, 0x0078, 0x0079, 0x007a, 0x00a1, 0x00bf, 0x00d0, 0x00dd, 0x00de, 0x00ae,
        0x00a2, 0x0023, 0x00a5, 0x00b7, 0x00a9, 0x005d, 0x00b6, 0x00bc, 0x00bd, 0x00be, 0x00ac,
        0x007c, 0x00af, 0x007e, 0x00b4, 0x00d7, 0x00e9, 0x0041, 0x0042, 0x0043, 0x0044, 0x0045,
        0x0046, 0x0047, 0x0048, 0x0049, 0x00ad, 0x00f4, 0x00f6, 0x00f2, 0x00f3, 0x00f5, 0x00e8,
        0x004a, 0x004b, 0x004c, 0x004d, 0x004e, 0x004f, 0x0050, 0x0051, 0x0052, 0x00b9, 0x00fb,
        0x00fc, 0x00a6, 0x00fa, 0x00ff, 0x00e7, 0x00f7, 0x0053, 0x0054, 0x0055, 0x0056, 0x0057,
        0x0058, 0x0059, 0x005a, 0x00b2, 0x00d4, 0x00d6, 0x00d2, 0x00d3, 0x00d5, 0x0030, 0x0031,
        0x0032, 0x0033, 0x0034, 0x0035, 0x0036, 0x0037, 0x0038, 0x0039, 0x00b3, 0x00db, 0x00dc,
        0x00d9, 0x00da, 0x009f,
    ],
    [
        0x0000, 0x0001, 0x0002, 0x0003, 0x009c, 0x0009, 0x0086, 0x007f, 0x0097, 0x008d, 0x008e,
        0x000b, 0x000c, 0x000d, 0x000e, 0x000f, 0x0010, 0x0011, 0x0012, 0x0013, 0x009d, 0x0085,
        0x0008, 0x0087, 0x0018, 0x0019, 0x0092, 0x008f, 0x001c, 0x001d, 0x001e, 0x001f, 0x0080,
        0x0081, 0x0082, 0x0083, 0x0084, 0x000a, 0x0017, 0x001b, 0x0088, 0x0089, 0x008a, 0x008b,
        0x008c, 0x0005, 0x0006, 0x0007, 0x0090, 0x0091, 0x0016, 0x0093, 0x0094, 0x0095, 0x0096,
        0x0004, 0x0098, 0x0099, 0x009a, 0x009b, 0x0014, 0x0015, 0x009e, 0x001a, 0x0020, 0x00a0,
        0x0651, 0xfe7d, 0x0640, 0x200b, 0x0621, 0x0622, 0xfe82, 0x0623, 0x00a2, 0x002e, 0x003c,
        0x0028, 0x002b, 0x007c, 0x0026, 0xfe84, 0x0624, 0xfffd, 0xfffd, 0x0626, 0x0627, 0xfe8e,
        0x0628, 0xfe91, 0x0021, 0x0024, 0x002a, 0x0029, 0x003b, 0x00ac, 0x002d, 0x002f, 0x0629,
        0x062a, 0xfe97, 0x062b, 0xfe9b, 0x062c, 0xfe9f, 0x062d, 0x00a6, 0x002c, 0x0025, 0x005f,
        0x003e, 0x003f, 0xfea3, 0x062e, 0xfea7, 0x062f, 0x0630, 0x0631, 0x0632, 0x0633, 0xfeb3,
        0x060c, 0x003a, 0x0023, 0x0040, 0x0027, 0x003d, 0x0022, 0x0634, 0x0061, 0x0062, 0x0063,
        0x0064, 0x0065, 0x0066, 0x0067, 0x0068, 0x0069, 0xfeb7, 0x0635, 0xfebb, 0x0636, 0xfebf,
        0x0637, 0x0638, 0x006a, 0x006b, 0x006c, 0x006d, 0x006e, 0x006f, 0x0070, 0x0071, 0x0072,
        0x0639, 0xfeca, 0xfecb, 0xfecc, 0x063a, 0xfece, 0xfecf, 0x00f7, 0x0073, 0x0074, 0x0075,
        0x0076, 0x0077, 0x0078, 0x0079, 0x007a, 0xfed0, 0x0641, 0xfed3, 0x0642, 0xfed7, 0x0643,
        0xfedb, 0x0644, 0xfef5, 0xfef6, 0xfef7, 0xfef8, 0xfffd, 0xfffd, 0xfefb, 0xfefc, 0xfedf,
        0x0645, 0xfee3, 0x0646, 0xfee7, 0x0647, 0x061b, 0x0041, 0x0042, 0x0043, 0x0044, 0x0045,
        0x0046, 0x0047, 0x0048, 0x0049, 0x00ad, 0xfeeb, 0xfffd, 0xfeec, 0xfffd, 0x0648, 0x061f,
        0x004a, 0x004b, 0x004c, 0x004d, 0x004e, 0x004f, 0x0050, 0x0051, 0x0052, 0x0649, 0xfef0,
        0x064a, 0xfef2, 0xfef3, 0x0660, 0x00d7, 0xfffd, 0x0053, 0x0054, 0x0055, 0x0056, 0x0057,
        0x0058, 0x0059, 0x005a, 0x0661, 0x0662, 0xfffd, 0x0663, 0x0664, 0x0665, 0x0030, 0x0031,
        0x0032, 0x0033, 0x0034, 0x0035, 0x0036, 0x0037, 0x0038, 0x0039, 0xfffd, 0x0666, 0x0667,
        0x0668, 0x0669, 0x009f,
    ],
    [
        0x0000, 0x0001, 0x0002, 0x0003, 0x009c, 0x0009, 0x0086, 0x007f, 0x0097, 0x008d, 0x008e,
        0x000b, 0x000c, 0x000d, 0x000e, 0x000f, 0x0010, 0x0011, 0x0012, 0x0013, 0x009d, 0x0085,
        0x0008, 0x0087, 0x0018, 0x0019, 0x0092, 0x008f, 0x001c, 0x001d, 0x001e, 0x001f, 0x0080,
        0x0081, 0x0082, 0x0083, 0x0084, 0x000a, 0x0017, 0x001b, 0x0088, 0x0089, 0x008a, 0x008b,
        0x008c, 0x0005, 0x0006, 0x0007, 0x0090, 0x0091, 0x0016, 0x0093, 0x0094, 0x0095, 0x0096,
        0x0004, 0x0098, 0x0099, 0x009a, 0x009b, 0x0014, 0x0015, 0x009e, 0x001a, 0x0020, 0x05d0,
        0x05d1, 0x05d2, 0x05d3, 0x05d4, 0x05d5, 0x05d6, 0x05d7, 0x05d8, 0x00a2, 0x002e, 0x003c,
        0x0028, 0x002b, 0x007c, 0x0026, 0x05d9, 0x05da, 0x05db, 0x05dc, 0x05dd, 0x05de, 0x05df,
        0x05e0, 0x05e1, 0x0021, 0x0024, 0x002a, 0x0029, 0x003b, 0x00ac, 0x002d, 0x002f, 0x05e2,
        0x05e3, 0x05e4, 0x05e5, 0x05e6, 0x05e7, 0x05e8, 0x05e9, 0x00a6, 0x002c, 0x0025, 0x005f,
        0x003e, 0x003f, 0xfffd, 0x05ea, 0xfffd, 0xfffd, 0x00a0, 0xfffd, 0xfffd, 0xfffd, 0x2017,
        0x0060, 0x003a, 0x0023, 0x0040, 0x0027, 0x003d, 0x0022, 0xfffd, 0x0061, 0x0062, 0x0063,
        0x0064, 0x0065, 0x0066, 0x0067, 0x0068, 0x0069, 0x00ab, 0x00bb, 0xfffd, 0xfffd, 0xfffd,
        0x00b1, 0x00b0, 0x006a, 0x006b, 0x006c, 0x006d, 0x006e, 0x006f, 0x0070, 0x0071, 0x0072,
        0xfffd, 0xfffd, 0xfffd, 0x00b8, 0xfffd, 0x00a4, 0x00b5, 0x007e, 0x0073, 0x0074, 0x0075,
        0x0076, 0x0077, 0x0078, 0x0079, 0x007a, 0xfffd, 0xfffd, 0xfffd, 0xfffd, 0xfffd, 0x00ae,
        0x005e, 0x00a3, 0x00a5, 0x2022, 0x00a9, 0x00a7, 0x00b6, 0x00bc, 0x00bd, 0x00be, 0x005b,
        0x005d, 0x203e, 0x00a8, 0x00b4, 0x00d7, 0x007b, 0x0041, 0x0042, 0x0043, 0x0044, 0x0045,
        0x0046, 0x0047, 0x0048, 0x0049, 0x00ad, 0xfffd, 0xfffd, 0xfffd, 0xfffd, 0xfffd, 0x007d,
        0x004a, 0x004b, 0x004c, 0x004d, 0x004e, 0x004f, 0x0050, 0x0051, 0x0052, 0x00b9, 0xfffd,
        0xfffd, 0xfffd, 0xfffd, 0xfffd, 0x005c, 0x00f7, 0x0053, 0x0054, 0x0055, 0x0056, 0x0057,
        0x0058, 0x0059, 0x005a, 0x00b2, 0xfffd, 0xfffd, 0xfffd, 0xfffd, 0xfffd, 0x0030, 0x0031,
        0x0032, 0x0033, 0x0034, 0x0035, 0x0036, 0x0037, 0x0038, 0x0039, 0x00b3, 0xfffd, 0xfffd,
        0xfffd, 0xfffd, 0x009f,
    ],
    [
        0x0000, 0x0001, 0x0002, 0x0003, 0x009c, 0x0009, 0x0086, 0x007f, 0x0097, 0x008d, 0x008e,
        0x000b, 0x000c, 0x000d, 0x000e, 0x000f, 0x0010, 0x0011, 0x0012, 0x0013, 0x009d, 0x0085,
        0x0008, 0x0087, 0x0018, 0x0019, 0x0092, 0x008f, 0x001c, 0x001d, 0x001e, 0x001f, 0x0080,
        0x0081, 0x0082, 0x0083, 0x0084, 0x000a, 0x0017, 0x001b, 0x0088, 0x0089, 0x008a, 0x008b,
        0x008c, 0x0005, 0x0006, 0x0007, 0x0090, 0x0091, 0x0016, 0x0093, 0x0094, 0x0095, 0x0096,
        0x0004, 0x0098, 0x0099, 0x009a, 0x009b, 0x0014, 0x0015, 0x009e, 0x001a, 0x0020, 0x00a0,
        0x00e2, 0x00e4, 0x00e0, 0x00e1, 0x00e3, 0x00e5, 0x00e7, 0x00f1, 0x005b, 0x002e, 0x003c,
        0x0028, 0x002b, 0x0021, 0x0026, 0x00e9, 0x00ea, 0x00eb, 0x00e8, 0x00ed, 0x00ee, 0x00ef,
        0x00ec, 0x00df, 0x005d, 0x0024, 0x002a, 0x0029, 0x003b, 0x005e, 0x002d, 0x002f, 0x00c2,
        0x00c4, 0x00c0, 0x00c1, 0x00c3, 0x00c5, 0x00c7, 0x00d1, 0x00a6, 0x002c, 0x0025, 0x005f,
        0x003e, 0x003f, 0x00f8, 0x00c9, 0x00ca, 0x00cb, 0x00c8, 0x00cd, 0x00ce, 0x00cf, 0x00cc,
        0x0060, 0x003a, 0x0023, 0x0040, 0x0027, 0x003d, 0x0022, 0x00d8, 0x0061, 0x0062, 0x0063,
        0x0064, 0x0065, 0x0066, 0x0067, 0x0068, 0x0069, 0x00ab, 0x00bb, 0x00f0, 0x00fd, 0x00fe,
        0x00b1, 0x00b0, 0x006a, 0x006b, 0x006c, 0x006d, 0x006e, 0x006f, 0x0070, 0x0071, 0x0072,
        0x00aa, 0x00ba, 0x00e6, 0x00b8, 0x00c6, 0x00a4, 0x00b5, 0x007e, 0x0073, 0x0074, 0x0075,
        0x0076, 0x0077, 0x0078, 0x0079, 0x007a, 0x00a1, 0x00bf, 0x00d0, 0x00dd, 0x00de, 0x00ae,
        0x00a2, 0x00a3, 0x00a5, 0x00b7, 0x00a9, 0x00a7, 0x00b6, 0x00bc, 0x00bd, 0x00be, 0x00ac,
        0x007c, 0x00af, 0x00a8, 0x00b4, 0x00d7, 0x007b, 0x0041, 0x0042, 0x0043, 0x0044, 0x0045,
        0x0046, 0x0047, 0x0048, 0x0049, 0x00ad, 0x00f4, 0x00f6, 0x00f2, 0x00f3, 0x00f5, 0x007d,
        0x004a, 0x004b, 0x004c, 0x004d, 0x004e, 0x004f, 0x0050, 0x0051, 0x0052, 0x00b9, 0x00fb,
        0x00fc, 0x00f9, 0x00fa, 0x00ff, 0x005c, 0x00f7, 0x0053, 0x0054, 0x0055, 0x0056, 0x0057,
        0x0058, 0x0059, 0x005a, 0x00b2, 0x00d4, 0x00d6, 0x00d2, 0x00d3, 0x00d5, 0x0030, 0x0031,
        0x0032, 0x0033, 0x0034, 0x0035, 0x0036, 0x0037, 0x0038, 0x0039, 0x00b3, 0x00db, 0x00dc,
        0x00d9, 0x00da, 0x009f,
    ],
    [
        0x0000, 0x0001, 0x0002, 0x0003, 0x009c, 0x0009, 0x0086, 0x007f, 0x0097, 0x008d, 0x008e,
        0x000b, 0x000c, 0x000d, 0x000e, 0x000f, 0x0010, 0x0011, 0x0012, 0x0013, 0x009d, 0x0085,
        0x0008, 0x0087, 0x0018, 0x0019, 0x0092, 0x008f, 0x001c, 0x001d, 0x001e, 0x001f, 0x0080,
        0x0081, 0x0082, 0x0083, 0x0084, 0x000a, 0x0017, 0x001b, 0x0088, 0x0089, 0x008a, 0x008b,
        0x008c, 0x0005, 0x0006, 0x0007, 0x0090, 0x0091, 0x0016, 0x0093, 0x0094, 0x0095, 0x0096,
        0x0004, 0x0098, 0x0099, 0x009a, 0x009b, 0x0014, 0x0015, 0x009e, 0x001a, 0x0020, 0xfffd,
        0xfffd, 0xfffd, 0xfffd, 0xfffd, 0xfffd, 0xfffd, 0xfffd, 0xfffd, 0x0024, 0x002e, 0x003c,
        0x0028, 0x002b, 0x007c, 0x05d0, 0xfffd, 0xfffd, 0xfffd, 0xfffd, 0xfffd, 0xfffd, 0xfffd,
        0xfffd, 0xfffd, 0x0021, 0x00a2, 0x002a, 0x0029, 0x003b, 0x00ac, 0x002d, 0x002f, 0xfffd,
        0xfffd, 0xfffd, 0xfffd, 0xfffd, 0xfffd, 0xfffd, 0xfffd, 0xfffd, 0x002c, 0x0025, 0x005f,
        0x003e, 0x003f, 0xfffd, 0xfffd, 0xfffd, 0xfffd, 0xfffd, 0xfffd, 0xfffd, 0xfffd, 0xfffd,
        0xfffd, 0x003a, 0x0023, 0x0040, 0x0027, 0x003d, 0x0022, 0xfffd, 0x05d1, 0x05d2, 0x05d3,
        0x05d4, 0x05d5, 0x05d6, 0x05d7, 0x05d8, 0x05d9, 0xfffd, 0xfffd, 0xfffd, 0xfffd, 0xfffd,
        0xfffd, 0xfffd, 0x05da, 0x05db, 0x05dc, 0x05dd, 0x05de, 0x05df, 0x05e0, 0x05e1, 0x05e2,
        0xfffd, 0xfffd, 0xfffd, 0xfffd, 0xfffd, 0xfffd, 0xfffd, 0xfffd, 0x05e3, 0x05e4, 0x05e5,
        0x05e6, 0x05e7, 0x05e8, 0x05e9, 0x05ea, 0xfffd, 0xfffd, 0xfffd, 0xfffd, 0xfffd, 0xfffd,
        0xfffd, 0xfffd, 0xfffd, 0xfffd, 0xfffd, 0xfffd, 0xfffd, 0xfffd, 0xfffd, 0xfffd, 0xfffd,
        0xfffd, 0xfffd, 0xfffd, 0xfffd, 0xfffd, 0xfffd, 0x0041, 0x0042, 0x0043, 0x0044, 0x0045,
        0x0046, 0x0047, 0x0048, 0x0049, 0xfffd, 0xfffd, 0xfffd, 0xfffd, 0xfffd, 0xfffd, 0xfffd,
        0x004a, 0x004b, 0x004c, 0x004d, 0x004e, 0x004f, 0x0050, 0x0051, 0x0052, 0xfffd, 0xfffd,
        0xfffd, 0xfffd, 0xfffd, 0xfffd, 0xfffd, 0xfffd, 0x0053, 0x0054, 0x0055, 0x0056, 0x0057,
        0x0058, 0x0059, 0x005a, 0xfffd, 0xfffd, 0xfffd, 0xfffd, 0xfffd, 0xfffd, 0x0030, 0x0031,
        0x0032, 0x0033, 0x0034, 0x0035, 0x0036, 0x0037, 0x0038, 0x0039, 0xfffd, 0xfffd, 0xfffd,
        0xfffd, 0xfffd, 0x009f,
    ],
    [
        0x0000, 0x0001, 0x0002, 0x0003, 0x009c, 0x0009, 0x0086, 0x007f, 0x0097, 0x008d, 0x008e,
        0x000b, 0x000c, 0x000d, 0x000e, 0x000f, 0x0010, 0x0011, 0x0012, 0x0013, 0x009d, 0x0085,
        0x0008, 0x0087, 0x0018, 0x0019, 0x0092, 0x008f, 0x001c, 0x001d, 0x001e, 0x001f, 0x0080,
        0x0081, 0x0082, 0x0083, 0x0084, 0x000a, 0x0017, 0x001b, 0x0088, 0x0089, 0x008a, 0x008b,
        0x008c, 0x0005, 0x0006, 0x0007, 0x0090, 0x0091, 0x0016, 0x0093, 0x0094, 0x0095, 0x0096,
        0x0004, 0x0098, 0x0099, 0x009a, 0x009b, 0x0014, 0x0015, 0x009e, 0x001a, 0x0020, 0x00a0,
        0x0e01, 0x0e02, 0x0e03, 0x0e04, 0x0e05, 0x0e06, 0x0e07, 0x005b, 0x00a2, 0x002e, 0x003c,
        0x0028, 0x002b, 0x007c, 0x0026, 0x0e48, 0x0e08, 0x0e09, 0x0e0a, 0x0e0b, 0x0e0c, 0x0e0d,
        0x0e0e, 0x005d, 0x0021, 0x0024, 0x002a, 0x0029, 0x003b, 0x00ac, 0x002d, 0x002f, 0x0e0f,
        0x0e10, 0x0e11, 0x0e12, 0x0e13, 0x0e14, 0x0e15, 0x005e, 0x00a6, 0x002c, 0x0025, 0x005f,
        0x003e, 0x003f, 0x0e3f, 0x0e4e, 0x0e16, 0x0e17, 0x0e18, 0x0e19, 0x0e1a, 0x0e1b, 0x0e1c,
        0x0060, 0x003a, 0x0023, 0x0040, 0x0027, 0x003d, 0x0022, 0x0e4f, 0x0061, 0x0062, 0x0063,
        0x0064, 0x0065, 0x0066, 0x0067, 0x0068, 0x0069, 0x0e1d, 0x0e1e, 0x0e1f, 0x0e20, 0x0e21,
        0x0e22, 0x0e5a, 0x006a, 0x006b, 0x006c, 0x006d, 0x006e, 0x006f, 0x0070, 0x0071, 0x0072,
        0x0e23, 0x0e24, 0x0e25, 0x0e26, 0x0e27, 0x0e28, 0x0e5b, 0x007e, 0x0073, 0x0074, 0x0075,
        0x0076, 0x0077, 0x0078, 0x0079, 0x007a, 0x0e29, 0x0e2a, 0x0e2b, 0x0e2c, 0x0e2d, 0x0e2e,
        0x0e50, 0x0e51, 0x0e52, 0x0e53, 0x0e54, 0x0e55, 0x0e56, 0x0e57, 0x0e58, 0x0e59, 0x0e2f,
        0x0e30, 0x0e31, 0x0e32, 0x0e33, 0x0e34, 0x007b, 0x0041, 0x0042, 0x0043, 0x0044, 0x0045,
        0x0046, 0x0047, 0x0048, 0x0049, 0x0e49, 0x0e35, 0x0e36, 0x0e37, 0x0e38, 0x0e39, 0x007d,
        0x004a, 0x004b, 0x004c, 0x004d, 0x004e, 0x004f, 0x0050, 0x0051, 0x0052, 0x0e3a, 0x0e40,
        0x0e41, 0x0e42, 0x0e43, 0x0e44, 0x005c, 0x0e4a, 0x0053, 0x0054, 0x0055, 0x0056, 0x0057,
        0x0058, 0x0059, 0x005a, 0x0e45, 0x0e46, 0x0e47, 0x0e48, 0x0e49, 0x0e4a, 0x0030, 0x0031,
        0x0032, 0x0033, 0x0034, 0x0035, 0x0036, 0x0037, 0x0038, 0x0039, 0x0e4b, 0x0e4c, 0x0e4d,
        0x0e4b, 0x0e4c, 0x009f,
    ],
    [
        0x0000, 0x0001, 0x0002, 0x0003, 0x009c, 0x0009, 0x0086, 0x007f, 0x0097, 0x008d, 0x008e,
        0x000b, 0x000c, 0x000d, 0x000e, 0x000f, 0x0010, 0x0011, 0x0012, 0x0013, 0x009d, 0x0085,
        0x0008, 0x0087, 0x0018, 0x0019, 0x0092, 0x008f, 0x001c, 0x001d, 0x001e, 0x001f, 0x0080,
        0x0081, 0x0082, 0x0083, 0x0084, 0x000a, 0x0017, 0x001b, 0x0088, 0x0089, 0x008a, 0x008b,
        0x008c, 0x0005, 0x0006, 0x0007, 0x0090, 0x0091, 0x0016, 0x0093, 0x0094, 0x0095, 0x0096,
        0x0004, 0x0098, 0x0099, 0x009a, 0x009b, 0x0014, 0x0015, 0x009e, 0x001a, 0x0020, 0x00a0,
        0x00e2, 0x00e4, 0x0163, 0x00e1, 0x0103, 0x010d, 0x00e7, 0x0107, 0x005b, 0x002e, 0x003c,
        0x0028, 0x002b, 0x0021, 0x0026, 0x00e9, 0x0119, 0x00eb, 0x016f, 0x00ed, 0x00ee, 0x013e,
        0x013a, 0x00df, 0x005d, 0x0024, 0x002a, 0x0029, 0x003b, 0x005e, 0x002d, 0x002f, 0x00c2,
        0x00c4, 0x02dd, 0x00c1, 0x0102, 0x010c, 0x00c7, 0x0106, 0x007c, 0x002c, 0x0025, 0x005f,
        0x003e, 0x003f, 0x02c7, 0x00c9, 0x0118, 0x00cb, 0x016e, 0x00cd, 0x00ce, 0x013d, 0x0139,
        0x0060, 0x003a, 0x0023, 0x0040, 0x0027, 0x003d, 0x0022, 0x02d8, 0x0061, 0x0062, 0x0063,
        0x0064, 0x0065, 0x0066, 0x0067, 0x0068, 0x0069, 0x015b, 0x0148, 0x0111, 0x00fd, 0x0159,
        0x015f, 0x00b0, 0x006a, 0x006b, 0x006c, 0x006d, 0x006e, 0x006f, 0x0070, 0x0071, 0x0072,
        0x0142, 0x0144, 0x0161, 0x00b8, 0x02db, 0x00a4, 0x0105, 0x007e, 0x0073, 0x0074, 0x0075,
        0x0076, 0x0077, 0x0078, 0x0079, 0x007a, 0x015a, 0x0147, 0x0110, 0x00dd, 0x0158, 0x015e,
        0x02d9, 0x0104, 0x017c, 0x0162, 0x017b, 0x00a7, 0x017e, 0x017a, 0x017d, 0x0179, 0x0141,
        0x0143, 0x0160, 0x00a8, 0x00b4, 0x00d7, 0x007b, 0x0041, 0x0042, 0x0043, 0x0044, 0x0045,
        0x0046, 0x0047, 0x0048, 0x0049, 0x00ad, 0x00f4, 0x00f6, 0x0155, 0x00f3, 0x0151, 0x007d,
        0x004a, 0x004b, 0x004c, 0x004d, 0x004e, 0x004f, 0x0050, 0x0051, 0x0052, 0x011a, 0x0171,
        0x00fc, 0x0165, 0x00fa, 0x011b, 0x005c, 0x00f7, 0x0053, 0x0054, 0x0055, 0x0056, 0x0057,
        0x0058, 0x0059, 0x005a, 0x010f, 0x00d4, 0x00d6, 0x0154, 0x00d3, 0x0150, 0x0030, 0x0031,
        0x0032, 0x0033, 0x0034, 0x0035, 0x0036, 0x0037, 0x0038, 0x0039, 0x010e, 0x0170, 0x00dc,
        0x0164, 0x00da, 0x009f,
    ],
    [
        0x0000, 0x0001, 0x0002, 0x0003, 0x009c, 0x0009, 0x0086, 0x007f, 0x0097, 0x008d, 0x008e,
        0x000b, 0x000c, 0x000d, 0x000e, 0x000f, 0x0010, 0x0011, 0x0012, 0x0013, 0x009d, 0x0085,
        0x0008, 0x0087, 0x0018, 0x0019, 0x0092, 0x008f, 0x001c, 0x001d, 0x001e, 0x001f, 0x0080,
        0x0081, 0x0082, 0x0083, 0x0084, 0x000a, 0x0017, 0x001b, 0x0088, 0x0089, 0x008a, 0x008b,
        0x008c, 0x0005, 0x0006, 0x0007, 0x0090, 0x0091, 0x0016, 0x0093, 0x0094, 0x0095, 0x0096,
        0x0004, 0x0098, 0x0099, 0x009a, 0x009b, 0x0014, 0x0015, 0x009e, 0x001a, 0x0020, 0x00a0,
        0x00e2, 0x00e4, 0x00e0, 0x00e1, 0x00e3, 0x00e5, 0x00e7, 0x00f1, 0x00de, 0x002e, 0x003c,
        0x0028, 0x002b, 0x0021, 0x0026, 0x00e9, 0x00ea, 0x00eb, 0x00e8, 0x00ed, 0x00ee, 0x00ef,
        0x00ec, 0x00df, 0x00c6, 0x0024, 0x002a, 0x0029, 0x003b, 0x00d6, 0x002d, 0x002f, 0x00c2,
        0x00c4, 0x00c0, 0x00c1, 0x00c3, 0x00c5, 0x00c7, 0x00d1, 0x00a6, 0x002c, 0x0025, 0x005f,
        0x003e, 0x003f, 0x00f8, 0x00c9, 0x00ca, 0x00cb, 0x00c8, 0x00cd, 0x00ce, 0x00cf, 0x00cc,
        0x00f0, 0x003a, 0x0023, 0x00d0, 0x0027, 0x003d, 0x0022, 0x00d8, 0x0061, 0x0062, 0x0063,
        0x0064, 0x0065, 0x0066, 0x0067, 0x0068, 0x0069, 0x00ab, 0x00bb, 0x0060, 0x00fd, 0x007b,
        0x00b1, 0x00b0, 0x006a, 0x006b, 0x006c, 0x006d, 0x006e, 0x006f, 0x0070, 0x0071, 0x0072,
        0x00aa, 0x00ba, 0x007d, 0x00b8, 0x005d, 0x00a4, 0x00b5, 0x00f6, 0x0073, 0x0074, 0x0075,
        0x0076, 0x0077, 0x0078, 0x0079, 0x007a, 0x00a1, 0x00bf, 0x0040, 0x00dd, 0x005b, 0x00ae,
        0x00a2, 0x00a3, 0x00a5, 0x00b7, 0x00a9, 0x00a7, 0x00b6, 0x00bc, 0x00bd, 0x00be, 0x00ac,
        0x007c, 0x00af, 0x00a8, 0x005c, 0x00d7, 0x00fe, 0x0041, 0x0042, 0x0043, 0x0044, 0x0045,
        0x0046, 0x0047, 0x0048, 0x0049, 0x00ad, 0x00f4, 0x007e, 0x00f2, 0x00f3, 0x00f5, 0x00e6,
        0x004a, 0x004b, 0x004c, 0x004d, 0x004e, 0x004f, 0x0050, 0x0051, 0x0052, 0x00b9, 0x00fb,
        0x00fc, 0x00f9, 0x00fa, 0x00ff, 0x00b4, 0x00f7, 0x0053, 0x0054, 0x0055, 0x0056, 0x0057,
        0x0058, 0x0059, 0x005a, 0x00b2, 0x00d4, 0x005e, 0x00d2, 0x00d3, 0x00d5, 0x0030, 0x0031,
        0x0032, 0x0033, 0x0034, 0x0035, 0x0036, 0x0037, 0x0038, 0x0039, 0x00b3, 0x00db, 0x00dc,
        0x00d9, 0x00da, 0x009f,
    ],
    [
        0x0000, 0x0001, 0x0002, 0x0003, 0x009c, 0x0009, 0x0086, 0x007f, 0x0097, 0x008d, 0x008e,
        0x000b, 0x000c, 0x000d, 0x000e, 0x000f, 0x0010, 0x0011, 0x0012, 0x0013, 0x009d, 0x0085,
        0x0008, 0x0087, 0x0018, 0x0019, 0x0092, 0x008f, 0x001c, 0x001d, 0x001e, 0x001f, 0x0080,
        0x0081, 0x0082, 0x0083, 0x0084, 0x000a, 0x0017, 0x001b, 0x0088, 0x0089, 0x008a, 0x008b,
        0x008c, 0x0005, 0x0006, 0x0007, 0x0090, 0x0091, 0x0016, 0x0093, 0x0094, 0x0095, 0x0096,
        0x0004, 0x0098, 0x0099, 0x009a, 0x009b, 0x0014, 0x0015, 0x009e, 0x001a, 0x0020, 0x0391,
        0x0392, 0x0393, 0x0394, 0x0395, 0x0396, 0x0397, 0x0398, 0x0399, 0x005b, 0x002e, 0x003c,
        0x0028, 0x002b, 0x0021, 0x0026, 0x039a, 0x039b, 0x039c, 0x039d, 0x039e, 0x039f, 0x03a0,
        0x03a1, 0x03a3, 0x005d, 0x0024, 0x002a, 0x0029, 0x003b, 0x005e, 0x002d, 0x002f, 0x03a4,
        0x03a5, 0x03a6, 0x03a7, 0x03a8, 0x03a9, 0x03aa, 0x03ab, 0x007c, 0x002c, 0x0025, 0x005f,
        0x003e, 0x003f, 0x00a8, 0x0386, 0x0388, 0x0389, 0x00a0, 0x038a, 0x038c, 0x038e, 0x038f,
        0x0060, 0x003a, 0x0023, 0x0040, 0x0027, 0x003d, 0x0022, 0x0385, 0x0061, 0x0062, 0x0063,
        0x0064, 0x0065, 0x0066, 0x0067, 0x0068, 0x0069, 0x03b1, 0x03b2, 0x03b3, 0x03b4, 0x03b5,
        0x03b6, 0x00b0, 0x006a, 0x006b, 0x006c, 0x006d, 0x006e, 0x006f, 0x0070, 0x0071, 0x0072,
        0x03b7, 0x03b8, 0x03b9, 0x03ba, 0x03bb, 0x03bc, 0x00b4, 0x007e, 0x0073, 0x0074, 0x0075,
        0x0076, 0x0077, 0x0078, 0x0079, 0x007a, 0x03bd, 0x03be, 0x03bf, 0x03c0, 0x03c1, 0x03c3,
        0x00a3, 0x03ac, 0x03ad, 0x03ae, 0x03ca, 0x03af, 0x03cc, 0x03cd, 0x03cb, 0x03ce, 0x03c2,
        0x03c4, 0x03c5, 0x03c6, 0x03c7, 0x03c8, 0x007b, 0x0041, 0x0042, 0x0043, 0x0044, 0x0045,
        0x0046, 0x0047, 0x0048, 0x0049, 0x00ad, 0x03c9, 0x0390, 0x03b0, 0x2018, 0x2015, 0x007d,
        0x004a, 0x004b, 0x004c, 0x004d, 0x004e, 0x004f, 0x0050, 0x0051, 0x0052, 0x00b1, 0x00bd,
        0xfffd, 0x0387, 0x2019, 0x00a6, 0x005c, 0xfffd, 0x0053, 0x0054, 0x0055, 0x0056, 0x0057,
        0x0058, 0x0059, 0x005a, 0x00b2, 0x00a7, 0xfffd, 0xfffd, 0x00ab, 0x00ac, 0x0030, 0x0031,
        0x0032, 0x0033, 0x0034, 0x0035, 0x0036, 0x0037, 0x0038, 0x0039, 0x00b3, 0x00a9, 0xfffd,
        0xfffd, 0x00bb, 0x009f,
    ],
    [
        0x0000, 0x0001, 0x0002, 0x0003, 0x009c, 0x0009, 0x0086, 0x007f, 0x0097, 0x008d, 0x008e,
        0x000b, 0x000c, 0x000d, 0x000e, 0x000f, 0x0010, 0x0011, 0x0012, 0x0013, 0x009d, 0x0085,
        0x0008, 0x0087, 0x0018, 0x0019, 0x0092, 0x008f, 0x001c, 0x001d, 0x001e, 0x001f, 0x0080,
        0x0081, 0x0082, 0x0083, 0x0084, 0x000a, 0x0017, 0x001b, 0x0088, 0x0089, 0x008a, 0x008b,
        0x008c, 0x0005, 0x0006, 0x0007, 0x0090, 0x0091, 0x0016, 0x0093, 0x0094, 0x0095, 0x0096,
        0x0004, 0x0098, 0x0099, 0x009a, 0x009b, 0x0014, 0x0015, 0x009e, 0x001a, 0x0020, 0x00a0,
        0x060c, 0x061b, 0x061f, 0xfe81, 0xfe8d, 0xfe8e, 0xf8fb, 0xfe8f, 0x005b, 0x002e, 0x003c,
        0x0028, 0x002b, 0x0021, 0x0026, 0xfe91, 0xfb56, 0xfb58, 0xfe93, 0xfe95, 0xfe97, 0xfb66,
        0xfb68, 0xfe99, 0x005d, 0x0024, 0x002a, 0x0029, 0x003b, 0x005e, 0x002d, 0x002f, 0xfe9b,
        0xfe9d, 0xfe9f, 0xfb7a, 0xfb7c, 0xfea1, 0xfea3, 0xfea5, 0x0060, 0x002c, 0x0025, 0x005f,
        0x003e, 0x003f, 0x06f0, 0x06f1, 0x06f2, 0x06f3, 0x06f4, 0x06f5, 0x06f6, 0x06f7, 0x06f8,
        0x06f9, 0x003a, 0x0023, 0x0040, 0x0027, 0x003d, 0x0022, 0xfea7, 0x0061, 0x0062, 0x0063,
        0x0064, 0x0065, 0x0066, 0x0067, 0x0068, 0x0069, 0xfea9, 0xfb88, 0xfeab, 0xfead, 0xfb8c,
        0xfeaf, 0xfb8a, 0x006a, 0x006b, 0x006c, 0x006d, 0x006e, 0x006f, 0x0070, 0x0071, 0x0072,
        0xfeb1, 0xfeb3, 0xfeb5, 0xfeb7, 0xfeb9, 0xfebb, 0xfebd, 0x007e, 0x0073, 0x0074, 0x0075,
        0x0076, 0x0077, 0x0078, 0x0079, 0x007a, 0xfebf, 0xfec3, 0xfec7, 0xfec9, 0xfeca, 0xfecb,
        0xfecc, 0xfecd, 0xfece, 0xfecf, 0xfed0, 0xfed1, 0xfed3, 0xfed5, 0xfed7, 0xfb8e, 0xfedb,
        0x007c, 0xfb92, 0xfb94, 0xfedd, 0xfedf, 0x007b, 0x0041, 0x0042, 0x0043, 0x0044, 0x0045,
        0x0046, 0x0047, 0x0048, 0x0049, 0x00ad, 0xfee0, 0xfee1, 0xfee3, 0xfb9e, 0xfee5, 0x007d,
        0x004a, 0x004b, 0x004c, 0x004d, 0x004e, 0x004f, 0x0050, 0x0051, 0x0052, 0xfee7, 0xfe85,
        0xfeed, 0xfba6, 0xfba8, 0xfba9, 0x005c, 0xfbaa, 0x0053, 0x0054, 0x0055, 0x0056, 0x0057,
        0x0058, 0x0059, 0x005a, 0xfe80, 0xfe89, 0xfe8a, 0xfe8b, 0xfbfc, 0xfbfd, 0x0030, 0x0031,
        0x0032, 0x0033, 0x0034, 0x0035, 0x0036, 0x0037, 0x0038, 0x0039, 0xfbfe, 0xfbb0, 0xfbae,
        0xfe7c, 0xfe7d, 0x009f,
    ],
    [
        0x0000, 0x0001, 0x0002, 0x0003, 0x009c, 0x0009, 0x0086, 0x007f, 0x0097, 0x008d, 0x008e,
        0x000b, 0x000c, 0x000d, 0x000e, 0x000f, 0x0010, 0x0011, 0x0012, 0x0013, 0x009d, 0x0085,
        0x0008, 0x0087, 0x0018, 0x0019, 0x0092, 0x008f, 0x001c, 0x001d, 0x001e, 0x001f, 0x0080,
        0x0081, 0x0082, 0x0083, 0x0084, 0x000a, 0x0017, 0x001b, 0x0088, 0x0089, 0x008a, 0x008b,
        0x008c, 0x0005, 0x0006, 0x0007, 0x0090, 0x0091, 0x0016, 0x0093, 0x0094, 0x0095, 0x0096,
        0x0004, 0x0098, 0x0099, 0x009a, 0x009b, 0x0014, 0x0015, 0x009e, 0x001a, 0x0020, 0x00a0,
        0x0452, 0x0453, 0x0451, 0x0454, 0x0455, 0x0456, 0x0457, 0x0458, 0x005b, 0x002e, 0x003c,
        0x0028, 0x002b, 0x0021, 0x0026, 0x0459, 0x045a, 0x045b, 0x045c, 0x045e, 0x045f, 0x042a,
        0x2116, 0x0402, 0x005d, 0x0024, 0x002a, 0x0029, 0x003b, 0x005e, 0x002d, 0x002f, 0x0403,
        0x0401, 0x0404, 0x0405, 0x0406, 0x0407, 0x0408, 0x0409, 0x007c, 0x002c, 0x0025, 0x005f,
        0x003e, 0x003f, 0x040a, 0x040b, 0x040c, 0x00ad, 0x040e, 0x040f, 0x044e, 0x0430, 0x0431,
        0x0060, 0x003a, 0x0023, 0x0040, 0x0027, 0x003d, 0x0022, 0x0446, 0x0061, 0x0062, 0x0063,
        0x0064, 0x0065, 0x0066, 0x0067, 0x0068, 0x0069, 0x0434, 0x0435, 0x0444, 0x0433, 0x0445,
        0x0438, 0x0439, 0x006a, 0x006b, 0x006c, 0x006d, 0x006e, 0x006f, 0x0070, 0x0071, 0x0072,
        0x043a, 0x043b, 0x043c, 0x043d, 0x043e, 0x043f, 0x044f, 0x007e, 0x0073, 0x0074, 0x0075,
        0x0076, 0x0077, 0x0078, 0x0079, 0x007a, 0x0440, 0x0441, 0x0442, 0x0443, 0x0436, 0x0432,
        0x044c, 0x044b, 0x0437, 0x0448, 0x044d, 0x0449, 0x0447, 0x044a, 0x042e, 0x0410, 0x0411,
        0x0426, 0x0414, 0x0415, 0x0424, 0x0413, 0x007b, 0x0041, 0x0042, 0x0043, 0x0044, 0x0045,
        0x0046, 0x0047, 0x0048, 0x0049, 0x0425, 0x0418, 0x0419, 0x041a, 0x041b, 0x041c, 0x007d,
        0x004a, 0x004b, 0x004c, 0x004d, 0x004e, 0x004f, 0x0050, 0x0051, 0x0052, 0x041d, 0x041e,
        0x041f, 0x042f, 0x0420, 0x0421, 0x005c, 0x00a7, 0x0053, 0x0054, 0x0055, 0x0056, 0x0057,
        0x0058, 0x0059, 0x005a, 0x0422, 0x0423, 0x0416, 0x0412, 0x042c, 0x042b, 0x0030, 0x0031,
        0x0032, 0x0033, 0x0034, 0x0035, 0x0036, 0x0037, 0x0038, 0x0039, 0x0417, 0x0428, 0x042d,
        0x0429, 0x0427, 0x009f,
    ],
    [
        0x0000, 0x0001, 0x0002, 0x0003, 0x009c, 0x0009, 0x0086, 0x007f, 0x0097, 0x008d, 0x008e,
        0x000b, 0x000c, 0x000d, 0x000e, 0x000f, 0x0010, 0x0011, 0x0012, 0x0013, 0x009d, 0x0085,
        0x0008, 0x0087, 0x0018, 0x0019, 0x0092, 0x008f, 0x001c, 0x001d, 0x001e, 0x001f, 0x0080,
        0x0081, 0x0082, 0x0083, 0x0084, 0x000a, 0x0017, 0x001b, 0x0088, 0x0089, 0x008a, 0x008b,
        0x008c, 0x0005, 0x0006, 0x0007, 0x0090, 0x0091, 0x0016, 0x0093, 0x0094, 0x0095, 0x0096,
        0x0004, 0x0098, 0x0099, 0x009a, 0x009b, 0x0014, 0x0015, 0x009e, 0x001a, 0x0020, 0x00a0,
        0x00e2, 0x00e4, 0x00e0, 0x00e1, 0x00e3, 0x00e5, 0x007b, 0x00f1, 0x00c7, 0x002e, 0x003c,
        0x0028, 0x002b, 0x0021, 0x0026, 0x00e9, 0x00ea, 0x00eb, 0x00e8, 0x00ed, 0x00ee, 0x00ef,
        0x00ec, 0x00df, 0x011e, 0x0130, 0x002a, 0x0029, 0x003b, 0x005e, 0x002d, 0x002f, 0x00c2,
        0x00c4, 0x00c0, 0x00c1, 0x00c3, 0x00c5, 0x005b, 0x00d1, 0x015f, 0x002c, 0x0025, 0x005f,
        0x003e, 0x003f, 0x00f8, 0x00c9, 0x00ca, 0x00cb, 0x00c8, 0x00cd, 0x00ce, 0x00cf, 0x00cc,
        0x0131, 0x003a, 0x00d6, 0x015e, 0x0027, 0x003d, 0x00dc, 0x00d8, 0x0061, 0x0062, 0x0063,
        0x0064, 0x0065, 0x0066, 0x0067, 0x0068, 0x0069, 0x00ab, 0x00bb, 0x007d, 0x0060, 0x00a6,
        0x00b1, 0x00b0, 0x006a, 0x006b, 0x006c, 0x006d, 0x006e, 0x006f, 0x0070, 0x0071, 0x0072,
        0x20ba, 0x00ba, 0x00e6, 0x00b8, 0x00c6, 0x00a4, 0x00b5, 0x00f6, 0x0073, 0x0074, 0x0075,
        0x0076, 0x0077, 0x0078, 0x0079, 0x007a, 0x00a1, 0x00bf, 0x005d, 0x0024, 0x0040, 0x00ae,
        0x00a2, 0x00a3, 0x00a5, 0x00b7, 0x00a9, 0x00a7, 0x00b6, 0x00bc, 0x00bd, 0x00be, 0x00ac,
        0x007c, 0x00af, 0x00a8, 0x00b4, 0x00d7, 0x00e7, 0x0041, 0x0042, 0x0043, 0x0044, 0x0045,
        0x0046, 0x0047, 0x0048, 0x0049, 0x00ad, 0x00f4, 0x007e, 0x00f2, 0x00f3, 0x00f5, 0x011f,
        0x004a, 0x004b, 0x004c, 0x004d, 0x004e, 0x004f, 0x0050, 0x0051, 0x0052, 0x00b9, 0x00fb,
        0x005c, 0x00f9, 0x00fa, 0x00ff, 0x00fc, 0x00f7, 0x0053, 0x0054, 0x0055, 0x0056, 0x0057,
        0x0058, 0x0059, 0x005a, 0x00b2, 0x00d4, 0x0023, 0x00d2, 0x00d3, 0x00d5, 0x0030, 0x0031,
        0x0032, 0x0033, 0x0034, 0x0035, 0x0036, 0x0037, 0x0038, 0x0039, 0x00b3, 0x00db, 0x0022,
        0x00d9, 0x00da, 0x009f,
    ],
    [
        0x0000, 0x0001, 0x0002, 0x0003, 0x009c, 0x0009, 0x0086, 0x007f, 0x0097, 0x008d, 0x008e,
        0x000b, 0x000c, 0x000d, 0x000e, 0x000f, 0x0010, 0x0011, 0x0012, 0x0013, 0x009d, 0x0085,
        0x0008, 0x0087, 0x0018, 0x0019, 0x0092, 0x008f, 0x001c, 0x001d, 0x001e, 0x001f, 0x0080,
        0x0081, 0x0082, 0x0083, 0x0084, 0x000a, 0x0017, 0x001b, 0x0088, 0x0089, 0x008a, 0x008b,
        0x008c, 0x0005, 0x0006, 0x0007, 0x0090, 0x0091, 0x0016, 0x0093, 0x0094, 0x0095, 0x0096,
        0x0004, 0x0098, 0x0099, 0x009a, 0x009b, 0x0014, 0x0015, 0x009e, 0x001a, 0x0020, 0x00a0,
        0x00e2, 0x00e4, 0x00e0, 0x00e1, 0x00e3, 0x00e5, 0x00e7, 0x00f1, 0x00a2, 0x002e, 0x003c,
        0x0028, 0x002b, 0x007c, 0x0026, 0x00e9, 0x00ea, 0x00eb, 0x00e8, 0x00ed, 0x00ee, 0x00ef,
        0x00ec, 0x00df, 0x0021, 0x0024, 0x002a, 0x0029, 0x003b, 0x005e, 0x002d, 0x002f, 0x00c2,
        0x00c4, 0x00c0, 0x00c1, 0x00c3, 0x00c5, 0x00c7, 0x00d1, 0x00a6, 0x002c, 0x0025, 0x005f,
        0x003e, 0x003f, 0x00f8, 0x00c9, 0x00ca, 0x00cb, 0x00c8, 0x00cd, 0x00ce, 0x00cf, 0x00cc,
        0x0060, 0x003a, 0x0023, 0x0040, 0x0027, 0x003d, 0x0022, 0x00d8, 0x0061, 0x0062, 0x0063,
        0x0064, 0x0065, 0x0066, 0x0067, 0x0068, 0x0069, 0x00ab, 0x00bb, 0x00f0, 0x00fd, 0x00fe,
        0x00b1, 0x00b0, 0x006a, 0x006b, 0x006c, 0x006d, 0x006e, 0x006f, 0x0070, 0x0071, 0x0072,
        0x00aa, 0x00ba, 0x00e6, 0x00b8, 0x00c6, 0x00a4, 0x00b5, 0x007e, 0x0073, 0x0074, 0x0075,
        0x0076, 0x0077, 0x0078, 0x0079, 0x007a, 0x00a1, 0x00bf, 0x00d0, 0x005b, 0x00de, 0x00ae,
        0x00ac, 0x00a3, 0x00a5, 0x00b7, 0x00a9, 0x00a7, 0x00b6, 0x00bc, 0x00bd, 0x00be, 0x00dd,
        0x00a8, 0x00af, 0x005d, 0x00b4, 0x00d7, 0x007b, 0x0041, 0x0042, 0x0043, 0x0044, 0x0045,
        0x0046, 0x0047, 0x0048, 0x0049, 0x00ad, 0x00f4, 0x00f6, 0x00f2, 0x00f3, 0x00f5, 0x007d,
        0x004a, 0x004b, 0x004c, 0x004d, 0x004e, 0x004f, 0x0050, 0x0051, 0x0052, 0x00b9, 0x00fb,
        0x00fc, 0x00f9, 0x00fa, 0x00ff, 0x005c, 0x00f7, 0x0053, 0x0054, 0x0055, 0x0056, 0x0057,
        0x0058, 0x0059, 0x005a, 0x00b2, 0x00d4, 0x00d6, 0x00d2, 0x00d3, 0x00d5, 0x0030, 0x0031,
        0x0032, 0x0033, 0x0034, 0x0035, 0x0036, 0x0037, 0x0038, 0x0039, 0x00b3, 0x00db, 0x00dc,
        0x00d9, 0x00da, 0x009f,
    ],
    [
        0x0000, 0x0001, 0x0002, 0x0003, 0x009c, 0x0009, 0x0086, 0x007f, 0x0097, 0x008d, 0x008e,
        0x000b, 0x000c, 0x000d, 0x000e, 0x000f, 0x0010, 0x0011, 0x0012, 0x0013, 0x009d, 0x0085,
        0x0008, 0x0087, 0x0018, 0x0019, 0x0092, 0x008f, 0x001c, 0x001d, 0x001e, 0x001f, 0x0080,
        0x0081, 0x0082, 0x0083, 0x0084, 0x000a, 0x0017, 0x001b, 0x0088, 0x0089, 0x008a, 0x008b,
        0x008c, 0x0005, 0x0006, 0x0007, 0x0090, 0x0091, 0x0016, 0x0093, 0x0094, 0x0095, 0x0096,
        0x0004, 0x0098, 0x0099, 0x009a, 0x009b, 0x0014, 0x0015, 0x009e, 0x001a, 0x0020, 0x00a0,
        0x060c, 0x064b, 0xfe81, 0xfe82, 0xf8fa, 0xfe8d, 0xfe8e, 0xf8fb, 0x00a4, 0x002e, 0x003c,
        0x0028, 0x002b, 0x007c, 0x0026, 0xfe80, 0xfe83, 0xfe84, 0xf8f9, 0xfe85, 0xfe8b, 0xfe8f,
        0xfe91, 0xfb56, 0x0021, 0x0024, 0x002a, 0x0029, 0x003b, 0x00ac, 0x002d, 0x002f, 0xfb58,
        0xfe95, 0xfe97, 0xfe99, 0xfe9b, 0xfe9d, 0xfe9f, 0xfb7a, 0x061b, 0x002c, 0x0025, 0x005f,
        0x003e, 0x003f, 0xfb7c, 0xfea1, 0xfea3, 0xfea5, 0xfea7, 0xfea9, 0xfeab, 0xfead, 0xfeaf,
        0x0060, 0x003a, 0x0023, 0x0040, 0x0027, 0x003d, 0x0022, 0xfb8a, 0x0061, 0x0062, 0x0063,
        0x0064, 0x0065, 0x0066, 0x0067, 0x0068, 0x0069, 0x00ab, 0x00bb, 0xfeb1, 0xfeb3, 0xfeb5,
        0xfeb7, 0xfeb9, 0x006a, 0x006b, 0x006c, 0x006d, 0x006e, 0x006f, 0x0070, 0x0071, 0x0072,
        0xfebb, 0xfebd, 0xfebf, 0xfec1, 0xfec3, 0xfec5, 0xfec7, 0x007e, 0x0073, 0x0074, 0x0075,
        0x0076, 0x0077, 0x0078, 0x0079, 0x007a, 0xfec9, 0xfeca, 0xfecb, 0xfecc, 0xfecd, 0xfece,
        0xfecf, 0xfed0, 0xfed1, 0xfed3, 0xfed5, 0xfed7, 0xfb8e, 0xfedb, 0xfb92, 0xfb94, 0x005b,
        0x005d, 0xfedd, 0xfedf, 0xfee1, 0x00d7, 0x007b, 0x0041, 0x0042, 0x0043, 0x0044, 0x0045,
        0x0046, 0x0047, 0x0048, 0x0049, 0x00ad, 0xfee3, 0xfee5, 0xfee7, 0xfeed, 0xfee9, 0x007d,
        0x004a, 0x004b, 0x004c, 0x004d, 0x004e, 0x004f, 0x0050, 0x0051, 0x0052, 0xfeeb, 0xfeec,
        0xfba4, 0xfbfc, 0xfbfd, 0xfbfe, 0x005c, 0x061f, 0x0053, 0x0054, 0x0055, 0x0056, 0x0057,
        0x0058, 0x0059, 0x005a, 0x0640, 0x06f0, 0x06f1, 0x06f2, 0x06f3, 0x06f4, 0x0030, 0x0031,
        0x0032, 0x0033, 0x0034, 0x0035, 0x0036, 0x0037, 0x0038, 0x0039, 0x06f5, 0x06f6, 0x06f7,
        0x06f8, 0x06f9, 0x009f,
    ],
    [
        0x0000, 0x0001, 0x0002, 0x0003, 0x009c, 0x0009, 0x0086, 0x007f, 0x0097, 0x008d, 0x008e,
        0x000b, 0x000c, 0x000d, 0x000e, 0x000f, 0x0010, 0x0011, 0x0012, 0x0013, 0x009d, 0x0085,
        0x0008, 0x0087, 0x0018, 0x0019, 0x0092, 0x008f, 0x001c, 0x001d, 0x001e, 0x001f, 0x0080,
        0x0081, 0x0082, 0x0083, 0x0084, 0x000a, 0x0017, 0x001b, 0x0088, 0x0089, 0x008a, 0x008b,
        0x008c, 0x0005, 0x0006, 0x0007, 0x0090, 0x0091, 0x0016, 0x0093, 0x0094, 0x0095, 0x0096,
        0x0004, 0x0098, 0x0099, 0x009a, 0x009b, 0x0014, 0x0015, 0x009e, 0x001a, 0x0020, 0x00a0,
        0x0161, 0x00e4, 0x0105, 0x012f, 0x016b, 0x00e5, 0x0113, 0x017e, 0x00a2, 0x002e, 0x003c,
        0x0028, 0x002b, 0x007c, 0x0026, 0x00e9, 0x0119, 0x0117, 0x010d, 0x0173, 0x201e, 0x201c,
        0x0123, 0x00df, 0x0021, 0x0024, 0x002a, 0x0029, 0x003b, 0x00ac, 0x002d, 0x002f, 0x0160,
        0x00c4, 0x0104, 0x012e, 0x016a, 0x00c5, 0x0112, 0x017d, 0x00a6, 0x002c, 0x0025, 0x005f,
        0x003e, 0x003f, 0x00f8, 0x00c9, 0x0118, 0x0116, 0x010c, 0x0172, 0x012a, 0x013b, 0x0122,
        0x0060, 0x003a, 0x0023, 0x0040, 0x0027, 0x003d, 0x0022, 0x00d8, 0x0061, 0x0062, 0x0063,
        0x0064, 0x0065, 0x0066, 0x0067, 0x0068, 0x0069, 0x00ab, 0x00bb, 0x0101, 0x017c, 0x0144,
        0x00b1, 0x00b0, 0x006a, 0x006b, 0x006c, 0x006d, 0x006e, 0x006f, 0x0070, 0x0071, 0x0072,
        0x0156, 0x0157, 0x00e6, 0x0137, 0x00c6, 0x00a4, 0x00b5, 0x007e, 0x0073, 0x0074, 0x0075,
        0x0076, 0x0077, 0x0078, 0x0079, 0x007a, 0x201d, 0x017a, 0x0100, 0x017b, 0x0143, 0x00ae,
        0x005e, 0x00a3, 0x012b, 0x00b7, 0x00a9, 0x00a7, 0x00b6, 0x00bc, 0x00bd, 0x00be, 0x005b,
        0x005d, 0x0179, 0x0136, 0x013c, 0x00d7, 0x007b, 0x0041, 0x0042, 0x0043, 0x0044, 0x0045,
        0x0046, 0x0047, 0x0048, 0x0049, 0x00ad, 0x014d, 0x00f6, 0x0146, 0x00f3, 0x00f5, 0x007d,
        0x004a, 0x004b, 0x004c, 0x004d, 0x004e, 0x004f, 0x0050, 0x0051, 0x0052, 0x00b9, 0x0107,
        0x00fc, 0x0142, 0x015b, 0x2019, 0x005c, 0x00f7, 0x0053, 0x0054, 0x0055, 0x0056, 0x0057,
        0x0058, 0x0059, 0x005a, 0x00b2, 0x014c, 0x00d6, 0x0145, 0x00d3, 0x00d5, 0x0030, 0x0031,
        0x0032, 0x0033, 0x0034, 0x0035, 0x0036, 0x0037, 0x0038, 0x0039, 0x00b3, 0x0106, 0x00dc,
        0x0141, 0x015a, 0x009f,
    ],
    [
        0x0000, 0x0001, 0x0002, 0x0003, 0x009c, 0x0009, 0x0086, 0x007f, 0x0097, 0x008d, 0x008e,
        0x000b, 0x000c, 0x000d, 0x000e, 0x000f, 0x0010, 0x0011, 0x0012, 0x0013, 0x009d, 0x0085,
        0x0008, 0x0087, 0x0018, 0x0019, 0x0092, 0x008f, 0x001c, 0x001d, 0x001e, 0x001f, 0x0080,
        0x0081, 0x0082, 0x0083, 0x0084, 0x000a, 0x0017, 0x001b, 0x0088, 0x0089, 0x008a, 0x008b,
        0x008c, 0x0005, 0x0006, 0x0007, 0x0090, 0x0091, 0x0016, 0x0093, 0x0094, 0x0095, 0x0096,
        0x0004, 0x0098, 0x0099, 0x009a, 0x009b, 0x0014, 0x0015, 0x009e, 0x001a, 0x0020, 0x00a0,
        0x00e2, 0x007b, 0x00e0, 0x00e1, 0x00e3, 0x007d, 0x00e7, 0x00f1, 0x00a7, 0x002e, 0x003c,
        0x0028, 0x002b, 0x0021, 0x0026, 0x0060, 0x00ea, 0x00eb, 0x00e8, 0x00ed, 0x00ee, 0x00ef,
        0x00ec, 0x00df, 0x00a4, 0x00c5, 0x002a, 0x0029, 0x003b, 0x005e, 0x002d, 0x002f, 0x00c2,
        0x0023, 0x00c0, 0x00c1, 0x00c3, 0x0024, 0x00c7, 0x00d1, 0x00f6, 0x002c, 0x0025, 0x005f,
        0x003e, 0x003f, 0x00f8, 0x005c, 0x00ca, 0x00cb, 0x00c8, 0x00cd, 0x00ce, 0x00cf, 0x00cc,
        0x00e9, 0x003a, 0x00c4, 0x00d6, 0x0027, 0x003d, 0x0022, 0x00d8, 0x0061, 0x0062, 0x0063,
        0x0064, 0x0065, 0x0066, 0x0067, 0x0068, 0x0069, 0x00ab, 0x00bb, 0x0161, 0x00fd, 0x017e,
        0x00b1, 0x00b0, 0x006a, 0x006b, 0x006c, 0x006d, 0x006e, 0x006f, 0x0070, 0x0071, 0x0072,
        0x00aa, 0x00ba, 0x00e6, 0x00b8, 0x00c6, 0x005d, 0x00b5, 0x00fc, 0x0073, 0x0074, 0x0075,
        0x0076, 0x0077, 0x0078, 0x0079, 0x007a, 0x00a1, 0x00bf, 0x0160, 0x00dd, 0x017d, 0x00ae,
        0x00a2, 0x00a3, 0x00a5, 0x00b7, 0x00a9, 0x005b, 0x00b6, 0x00bc, 0x00bd, 0x00be, 0x00ac,
        0x007c, 0x00af, 0x00a8, 0x00b4, 0x00d7, 0x00e4, 0x0041, 0x0042, 0x0043, 0x0044, 0x0045,
        0x0046, 0x0047, 0x0048, 0x0049, 0x00ad, 0x00f4, 0x00a6, 0x00f2, 0x00f3, 0x00f5, 0x00e5,
        0x004a, 0x004b, 0x004c, 0x004d, 0x004e, 0x004f, 0x0050, 0x0051, 0x0052, 0x00b9, 0x00fb,
        0x007e, 0x00f9, 0x00fa, 0x00ff, 0x00c9, 0x00f7, 0x0053, 0x0054, 0x0055, 0x0056, 0x0057,
        0x0058, 0x0059, 0x005a, 0x00b2, 0x00d4, 0x0040, 0x00d2, 0x00d3, 0x00d5, 0x0030, 0x0031,
        0x0032, 0x0033, 0x0034, 0x0035, 0x0036, 0x0037, 0x0038, 0x0039, 0x00b3, 0x00db, 0x00dc,
        0x00d9, 0x00da, 0x009f,
    ],
    [
        0x0000, 0x0001, 0x0002, 0x0003, 0x009c, 0x0009, 0x0086, 0x007f, 0x0097, 0x008d, 0x008e,
        0x000b, 0x000c, 0x000d, 0x000e, 0x000f, 0x0010, 0x0011, 0x0012, 0x0013, 0x009d, 0x0085,
        0x0008, 0x0087, 0x0018, 0x0019, 0x0092, 0x008f, 0x001c, 0x001d, 0x001e, 0x001f, 0x0080,
        0x0081, 0x0082, 0x0083, 0x0084, 0x000a, 0x0017, 0x001b, 0x0088, 0x0089, 0x008a, 0x008b,
        0x008c, 0x0005, 0x0006, 0x0007, 0x0090, 0x0091, 0x0016, 0x0093, 0x0094, 0x0095, 0x0096,
        0x0004, 0x0098, 0x0099, 0x009a, 0x009b, 0x0014, 0x0015, 0x009e, 0x001a, 0x0020, 0x00a0,
        0x0452, 0x0491, 0x0451, 0x0454, 0x0455, 0x0456, 0x0457, 0x0458, 0x005b, 0x002e, 0x003c,
        0x0028, 0x002b, 0x0021, 0x0026, 0x0459, 0x045a, 0x045b, 0x045c, 0x045e, 0x045f, 0x042a,
        0x2116, 0x0402, 0x005d, 0x0024, 0x002a, 0x0029, 0x003b, 0x005e, 0x002d, 0x002f, 0x0490,
        0x0401, 0x0404, 0x0405, 0x0406, 0x0407, 0x0408, 0x0409, 0x007c, 0x002c, 0x0025, 0x005f,
        0x003e, 0x003f, 0x040a, 0x040b, 0x040c, 0x00ad, 0x040e, 0x040f, 0x044e, 0x0430, 0x0431,
        0x0060, 0x003a, 0x0023, 0x0040, 0x0027, 0x003d, 0x0022, 0x0446, 0x0061, 0x0062, 0x0063,
        0x0064, 0x0065, 0x0066, 0x0067, 0x0068, 0x0069, 0x0434, 0x0435, 0x0444, 0x0433, 0x0445,
        0x0438, 0x0439, 0x006a, 0x006b, 0x006c, 0x006d, 0x006e, 0x006f, 0x0070, 0x0071, 0x0072,
        0x043a, 0x043b, 0x043c, 0x043d, 0x043e, 0x043f, 0x044f, 0x007e, 0x0073, 0x0074, 0x0075,
        0x0076, 0x0077, 0x0078, 0x0079, 0x007a, 0x0440, 0x0441, 0x0442, 0x0443, 0x0436, 0x0432,
        0x044c, 0x044b, 0x0437, 0x0448, 0x044d, 0x0449, 0x0447, 0x044a, 0x042e, 0x0410, 0x0411,
        0x0426, 0x0414, 0x0415, 0x0424, 0x0413, 0x007b, 0x0041, 0x0042, 0x0043, 0x0044, 0x0045,
        0x0046, 0x0047, 0x0048, 0x0049, 0x0425, 0x0418, 0x0419, 0x041a, 0x041b, 0x041c, 0x007d,
        0x004a, 0x004b, 0x004c, 0x004d, 0x004e, 0x004f, 0x0050, 0x0051, 0x0052, 0x041d, 0x041e,
        0x041f, 0x042f, 0x0420, 0x0421, 0x005c, 0x00a7, 0x0053, 0x0054, 0x0055, 0x0056, 0x0057,
        0x0058, 0x0059, 0x005a, 0x0422, 0x0423, 0x0416, 0x0412, 0x042c, 0x042b, 0x0030, 0x0031,
        0x0032, 0x0033, 0x0034, 0x0035, 0x0036, 0x0037, 0x0038, 0x0039, 0x0417, 0x0428, 0x042d,
        0x0429, 0x0427, 0x009f,
    ],
    [
        0x0000, 0x0001, 0x0002, 0x0003, 0x009c, 0x0009, 0x0086, 0x007f, 0x0097, 0x008d, 0x008e,
        0x000b, 0x000c, 0x000d, 0x000e, 0x000f, 0x0010, 0x0011, 0x0012, 0x0013, 0x009d, 0x0085,
        0x0008, 0x0087, 0x0018, 0x0019, 0x0092, 0x008f, 0x001c, 0x001d, 0x001e, 0x001f, 0x0080,
        0x0081, 0x0082, 0x0083, 0x0084, 0x000a, 0x0017, 0x001b, 0x0088, 0x0089, 0x008a, 0x008b,
        0x008c, 0x0005, 0x0006, 0x0007, 0x0090, 0x0091, 0x0016, 0x0093, 0x0094, 0x0095, 0x0096,
        0x0004, 0x0098, 0x0099, 0x009a, 0x009b, 0x0014, 0x0015, 0x009e, 0x001a, 0x0020, 0x00a0,
        0x00e2, 0x00e4, 0x00e0, 0x00e1, 0x0103, 0x00e5, 0x00e7, 0x00f1, 0x005b, 0x002e, 0x003c,
        0x0028, 0x002b, 0x0021, 0x0026, 0x00e9, 0x00ea, 0x00eb, 0x00e8, 0x00ed, 0x00ee, 0x00ef,
        0x0303, 0x00df, 0x005d, 0x0024, 0x002a, 0x0029, 0x003b, 0x005e, 0x002d, 0x002f, 0x00c2,
        0x00c4, 0x00c0, 0x00c1, 0x0102, 0x00c5, 0x00c7, 0x00d1, 0x00a6, 0x002c, 0x0025, 0x005f,
        0x003e, 0x003f, 0x00f8, 0x00c9, 0x00ca, 0x00cb, 0x00c8, 0x00cd, 0x00ce, 0x00cf, 0x20ab,
        0x0060, 0x003a, 0x0023, 0x0040, 0x0027, 0x003d, 0x0022, 0x00d8, 0x0061, 0x0062, 0x0063,
        0x0064, 0x0065, 0x0066, 0x0067, 0x0068, 0x0069, 0x00ab, 0x00bb, 0x0111, 0x0309, 0x0300,
        0x00b1, 0x00b0, 0x006a, 0x006b, 0x006c, 0x006d, 0x006e, 0x006f, 0x0070, 0x0071, 0x0072,
        0x00aa, 0x00ba, 0x00e6, 0x0152, 0x00c6, 0x00a4, 0x00b5, 0x007e, 0x0073, 0x0074, 0x0075,
        0x0076, 0x0077, 0x0078, 0x0079, 0x007a, 0x00a1, 0x00bf, 0x0110, 0x0323, 0x0301, 0x00ae,
        0x00a2, 0x00a3, 0x00a5, 0x00b7, 0x00a9, 0x00a7, 0x00b6, 0x00bc, 0x00bd, 0x00be, 0x00ac,
        0x007c, 0x00af, 0x0153, 0x0178, 0x00d7, 0x007b, 0x0041, 0x0042, 0x0043, 0x0044, 0x0045,
        0x0046, 0x0047, 0x0048, 0x0049, 0x00ad, 0x00f4, 0x00f6, 0x01b0, 0x00f3, 0x01a1, 0x007d,
        0x004a, 0x004b, 0x004c, 0x004d, 0x004e, 0x004f, 0x0050, 0x0051, 0x0052, 0x00b9, 0x00fb,
        0x00fc, 0x00f9, 0x00fa, 0x00ff, 0x005c, 0x00f7, 0x0053, 0x0054, 0x0055, 0x0056, 0x0057,
        0x0058, 0x0059, 0x005a, 0x00b2, 0x00d4, 0x00d6, 0x01af, 0x00d3, 0x01a0, 0x0030, 0x0031,
        0x0032, 0x0033, 0x0034, 0x0035, 0x0036, 0x0037, 0x0038, 0x0039, 0x00b3, 0x00db, 0x00dc,
        0x00d9, 0x00da, 0x009f,
    ],
    [
        0x0000, 0x0001, 0x0002, 0x0003, 0x009c, 0x0009, 0x0086, 0x007f, 0x0097, 0x008d, 0x008e,
        0x000b, 0x000c, 0x000d, 0x000e, 0x000f, 0x0010, 0x0011, 0x0012, 0x0013, 0x009d, 0x0085,
        0x0008, 0x0087, 0x0018, 0x0019, 0x0092, 0x008f, 0x001c, 0x001d, 0x001e, 0x001f, 0x0080,
        0x0081, 0x0082, 0x0083, 0x0084, 0x000a, 0x0017, 0x001b, 0x0088, 0x0089, 0x008a, 0x008b,
        0x008c, 0x0005, 0x0006, 0x0007, 0x0090, 0x0091, 0x0016, 0x0093, 0x0094, 0x0095, 0x0096,
        0x0004, 0x0098, 0x0099, 0x009a, 0x009b, 0x0014, 0x0015, 0x009e, 0x001a, 0x0020, 0x00a0,
        0x0e81, 0x0e82, 0x0e84, 0x0e87, 0x0e88, 0x0eaa, 0x0e8a, 0x005b, 0x00a2, 0x002e, 0x003c,
        0x0028, 0x002b, 0x007c, 0x0026, 0xfffd, 0x0e8d, 0x0e94, 0x0e95, 0x0e96, 0x0e97, 0x0e99,
        0x0e9a, 0x005d, 0x0021, 0x0024, 0x002a, 0x0029, 0x003b, 0x00ac, 0x002d, 0x002f, 0x0e9b,
        0x0e9c, 0x0e9d, 0x0e9e, 0x0e9f, 0x0ea1, 0x0ea2, 0x005e, 0x00a6, 0x002c, 0x0025, 0x005f,
        0x003e, 0x003f, 0x20ad, 0xfffd, 0x0ea3, 0x0ea5, 0x0ea7, 0x0eab, 0x0ead, 0x0eae, 0xfffd,
        0x0060, 0x003a, 0x0023, 0x0040, 0x0027, 0x003d, 0x0022, 0xfffd, 0x0061, 0x0062, 0x0063,
        0x0064, 0x0065, 0x0066, 0x0067, 0x0068, 0x0069, 0xfffd, 0xfffd, 0x0eaf, 0x0eb0, 0x0eb2,
        0x0eb3, 0xfffd, 0x006a, 0x006b, 0x006c, 0x006d, 0x006e, 0x006f, 0x0070, 0x0071, 0x0072,
        0x0eb4, 0x0eb5, 0x0eb6, 0x0eb7, 0x0eb8, 0x0eb9, 0xfffd, 0x007e, 0x0073, 0x0074, 0x0075,
        0x0076, 0x0077, 0x0078, 0x0079, 0x007a, 0x0ebc, 0x0eb1, 0x0ebb, 0x0ebd, 0xfffd, 0xfffd,
        0x0ed0, 0x0ed1, 0x0ed2, 0x0ed3, 0x0ed4, 0x0ed5, 0x0ed6, 0x0ed7, 0x0ed8, 0x0ed9, 0xfffd,
        0x0ec0, 0x0ec1, 0x0ec2, 0x0ec3, 0x0ec4, 0x007b, 0x0041, 0x0042, 0x0043, 0x0044, 0x0045,
        0x0046, 0x0047, 0x0048, 0x0049, 0xfffd, 0x0ec8, 0x0ec9, 0x0eca, 0x0ecb, 0x0ecc, 0x007d,
        0x004a, 0x004b, 0x004c, 0x004d, 0x004e, 0x004f, 0x0050, 0x0051, 0x0052, 0x0ecd, 0x0ec6,
        0xfffd, 0x0edc, 0x0edd, 0xfffd, 0x005c, 0xfffd, 0x0053, 0x0054, 0x0055, 0x0056, 0x0057,
        0x0058, 0x0059, 0x005a, 0xfffd, 0xfffd, 0xfffd, 0xfffd, 0xfffd, 0xfffd, 0x0030, 0x0031,
        0x0032, 0x0033, 0x0034, 0x0035, 0x0036, 0x0037, 0x0038, 0x0039, 0xfffd, 0xfffd, 0xfffd,
        0xfffd, 0xfffd, 0x009f,
    ],
    [
        0x0000, 0x0001, 0x0002, 0x0003, 0x009c, 0x0009, 0x0086, 0x007f, 0x0097, 0x008d, 0x008e,
        0x000b, 0x000c, 0x000d, 0x000e, 0x000f, 0x0010, 0x0011, 0x0012, 0x0013, 0x009d, 0x0085,
        0x0008, 0x0087, 0x0018, 0x0019, 0x0092, 0x008f, 0x001c, 0x001d, 0x001e, 0x001f, 0x0080,
        0x0081, 0x0082, 0x0083, 0x0084, 0x000a, 0x0017, 0x001b, 0x0088, 0x0089, 0x008a, 0x008b,
        0x008c, 0x0005, 0x0006, 0x0007, 0x0090, 0x0091, 0x0016, 0x0093, 0x0094, 0x0095, 0x0096,
        0x0004, 0x0098, 0x0099, 0x009a, 0x009b, 0x0014, 0x0015, 0x009e, 0x001a, 0x0020, 0x00a0,
        0x0901, 0x0902, 0x0903, 0x0905, 0x0906, 0x0907, 0x0908, 0x0909, 0x090a, 0x002e, 0x003c,
        0x0028, 0x002b, 0x007c, 0x0026, 0x090b, 0x090c, 0x090d, 0x090e, 0x090f, 0x0910, 0x0911,
        0x0912, 0x0913, 0x0021, 0x0024, 0x002a, 0x0029, 0x003b, 0x005e, 0x002d, 0x002f, 0x0914,
        0x0915, 0x0916, 0x0917, 0x0918, 0x0919, 0x091a, 0x091b, 0x091c, 0x002c, 0x0025, 0x005f,
        0x003e, 0x003f, 0x091d, 0x091e, 0x091f, 0x0920, 0x0921, 0x0922, 0x0923, 0x0924, 0x0925,
        0x0060, 0x003a, 0x0023, 0x0040, 0x0027, 0x003d, 0x0022, 0x0926, 0x0061, 0x0062, 0x0063,
        0x0064, 0x0065, 0x0066, 0x0067, 0x0068, 0x0069, 0x0927, 0x0928, 0x092a, 0x092b, 0x092c,
        0x092d, 0x092e, 0x006a, 0x006b, 0x006c, 0x006d, 0x006e, 0x006f, 0x0070, 0x0071, 0x0072,
        0x092f, 0x0930, 0x0932, 0x0933, 0x0935, 0x0936, 0x200c, 0x007e, 0x0073, 0x0074, 0x0075,
        0x0076, 0x0077, 0x0078, 0x0079, 0x007a, 0x0937, 0x0938, 0x0939, 0x005b, 0x093c, 0x093d,
        0x093e, 0x093f, 0x0940, 0x0941, 0x0942, 0x0943, 0x0944, 0x0945, 0x0946, 0x0947, 0x0948,
        0x0949, 0x094a, 0x005d, 0x094b, 0x094c, 0x007b, 0x0041, 0x0042, 0x0043, 0x0044, 0x0045,
        0x0046, 0x0047, 0x0048, 0x0049, 0x094d, 0x0950, 0x0951, 0x0952, 0xfffd, 0xfffd, 0x007d,
        0x004a, 0x004b, 0x004c, 0x004d, 0x004e, 0x004f, 0x0050, 0x0051, 0x0052, 0x0960, 0x0961,
        0x0962, 0x0963, 0x0964, 0x0965, 0x005c, 0x200d, 0x0053, 0x0054, 0x0055, 0x0056, 0x0057,
        0x0058, 0x0059, 0x005a, 0x0966, 0x0967, 0x0968, 0x0969, 0x096a, 0x096b, 0x0030, 0x0031,
        0x0032, 0x0033, 0x0034, 0x0035, 0x0036, 0x0037, 0x0038, 0x0039, 0x096c, 0x096d, 0x096e,
        0x096f, 0x0970, 0x009f,
    ],
    [
        0x0000, 0x0001, 0x0002, 0x0003, 0x009c, 0x0009, 0x0086, 0x007f, 0x0097, 0x008d, 0x008e,
        0x000b, 0x000c, 0x000d, 0x000e, 0x000f, 0x0010, 0x0011, 0x0012, 0x0013, 0x009d, 0x0085,
        0x0008, 0x0087, 0x0018, 0x0019, 0x0092, 0x008f, 0x001c, 0x001d, 0x001e, 0x001f, 0x0080,
        0x0081, 0x0082, 0x0083, 0x0084, 0x000a, 0x0017, 0x001b, 0x0088, 0x0089, 0x008a, 0x008b,
        0x008c, 0x0005, 0x0006, 0x0007, 0x0090, 0x0091, 0x0016, 0x0093, 0x0094, 0x0095, 0x0096,
        0x0004, 0x0098, 0x0099, 0x009a, 0x009b, 0x0014, 0x0015, 0x009e, 0x001a, 0x0020, 0x00a0,
        0xfe7c, 0xfe7d, 0x0640, 0x200b, 0xfe80, 0xfe81, 0xfe82, 0xfe83, 0x00b0, 0x002e, 0x003c,
        0x0028, 0x002b, 0x0021, 0x0026, 0xfe84, 0xfe85, 0xfffd, 0xfffd, 0xfe8b, 0xfe8d, 0xfe8e,
        0xfe8f, 0xfe91, 0x00a7, 0x0024, 0x002a, 0x0029, 0x003b, 0x005e, 0x002d, 0x002f, 0xfe93,
        0xfe95, 0xfe97, 0xfe99, 0xfe9b, 0xfe9d, 0xfe9f, 0xfea1, 0x00fa, 0x002c, 0x0025, 0x005f,
        0x003e, 0x003f, 0xfea3, 0xfea5, 0xfea7, 0xfea9, 0xfeab, 0xfead, 0xfeaf, 0xfeb1, 0xfeb3,
        0x00a3, 0x003a, 0x00b5, 0x00e1, 0x0027, 0x003d, 0x0022, 0xfeb5, 0x0061, 0x0062, 0x0063,
        0x0064, 0x0065, 0x0066, 0x0067, 0x0068, 0x0069, 0xfeb7, 0xfeb9, 0xfebb, 0xfebd, 0xfebf,
        0xfec3, 0xfec7, 0x006a, 0x006b, 0x006c, 0x006d, 0x006e, 0x006f, 0x0070, 0x0071, 0x0072,
        0xfec9, 0xfeca, 0xfecb, 0xfecc, 0xfecd, 0xfece, 0xfecf, 0x00a8, 0x0073, 0x0074, 0x0075,
        0x0076, 0x0077, 0x0078, 0x0079, 0x007a, 0xfed0, 0xfed1, 0xfed3, 0xfed5, 0xfed7, 0xfed9,
        0xfedb, 0xfedd, 0xfef5, 0xfef6, 0xfef7, 0xfef8, 0xfffd, 0xfffd, 0xfefb, 0xfefc, 0xfedf,
        0xfee1, 0xfee3, 0xfee5, 0xfee7, 0xfee9, 0x00e9, 0x0041, 0x0042, 0x0043, 0x0044, 0x0045,
        0x0046, 0x0047, 0x0048, 0x0049, 0x00ad, 0xfeeb, 0xfffd, 0xfeec, 0xfffd, 0xfeed, 0x00e8,
        0x004a, 0x004b, 0x004c, 0x004d, 0x004e, 0x004f, 0x0050, 0x0051, 0x0052, 0xfeef, 0xfef0,
        0xfef1, 0xfef2, 0xfef3, 0xfffd, 0x00e7, 0x2007, 0x0053, 0x0054, 0x0055, 0x0056, 0x0057,
        0x0058, 0x0059, 0x005a, 0x00f7, 0x060c, 0xfffd, 0x00d7, 0x061f, 0x061b, 0x0030, 0x0031,
        0x0032, 0x0033, 0x0034, 0x0035, 0x0036, 0x0037, 0x0038, 0x0039, 0xfffd, 0xfffd, 0xfffd,
        0xfffd, 0xfffd, 0x009f,
    ],
    [
        0x0000, 0x0001, 0x0002, 0x0003, 0x009c, 0x0009, 0x0086, 0x007f, 0x0097, 0x008d, 0x008e,
        0x000b, 0x000c, 0x000d, 0x000e, 0x000f, 0x0010, 0x0011, 0x0012, 0x0013, 0x009d, 0x0085,
        0x0008, 0x0087, 0x0018, 0x0019, 0x0092, 0x008f, 0x001c, 0x001d, 0x001e, 0x001f, 0x0080,
        0x0081, 0x0082, 0x0083, 0x0084, 0x000a, 0x0017, 0x001b, 0x0088, 0x0089, 0x008a, 0x008b,
        0x008c, 0x0005, 0x0006, 0x0007, 0x0090, 0x0091, 0x0016, 0x0093, 0x0094, 0x0095, 0x0096,
        0x0004, 0x0098, 0x0099, 0x009a, 0x009b, 0x0014, 0x0015, 0x009e, 0x001a, 0x0020, 0x00a0,
        0x00e2, 0x00e4, 0x00e0, 0x00e1, 0x00e3, 0x00e5, 0x00e7, 0x00f1, 0x00a2, 0x002e, 0x003c,
        0x0028, 0x002b, 0x007c, 0x0026, 0x00e9, 0x00ea, 0x00eb, 0x00e8, 0x00ed, 0x00ee, 0x00ef,
        0x00ec, 0x00df, 0x0021, 0x0024, 0x002a, 0x0029, 0x003b, 0x00ac, 0x002d, 0x002f, 0x00c2,
        0x00c4, 0x00c0, 0x00c1, 0x00c3, 0x00c5, 0x00c7, 0x00d1, 0x00a6, 0x002c, 0x0025, 0x005f,
        0x003e, 0x003f, 0x00f8, 0x00c9, 0x00ca, 0x00cb, 0x00c8, 0x00cd, 0x00ce, 0x00cf, 0x00cc,
        0x0060, 0x003a, 0x0023, 0x0040, 0x0027, 0x003d, 0x0022, 0x00d8, 0x0061, 0x0062, 0x0063,
        0x0064, 0x0065, 0x0066, 0x0067, 0x0068, 0x0069, 0x00ab, 0x00bb, 0x00f0, 0x00fd, 0x00fe,
        0x00b1, 0x00b0, 0x006a, 0x006b, 0x006c, 0x006d, 0x006e, 0x006f, 0x0070, 0x0071, 0x0072,
        0x00aa, 0x00ba, 0x00e6, 0x00b8, 0x00c6, 0x20ac, 0x00b5, 0x007e, 0x0073, 0x0074, 0x0075,
        0x0076, 0x0077, 0x0078, 0x0079, 0x007a, 0x00a1, 0x00bf, 0x00d0, 0x00dd, 0x00de, 0x00ae,
        0x005e, 0x00a3, 0x00a5, 0x00b7, 0x00a9, 0x00a7, 0x00b6, 0x00bc, 0x00bd, 0x00be, 0x005b,
        0x005d, 0x00af, 0x00a8, 0x00b4, 0x00d7, 0x007b, 0x0041, 0x0042, 0x0043, 0x0044, 0x0045,
        0x0046, 0x0047, 0x0048, 0x0049, 0x00ad, 0x00f4, 0x00f6, 0x00f2, 0x00f3, 0x00f5, 0x007d,
        0x004a, 0x004b, 0x004c, 0x004d, 0x004e, 0x004f, 0x0050, 0x0051, 0x0052, 0x00b9, 0x00fb,
        0x00fc, 0x00f9, 0x00fa, 0x00ff, 0x005c, 0x00f7, 0x0053, 0x0054, 0x0055, 0x0056, 0x0057,
        0x0058, 0x0059, 0x005a, 0x00b2, 0x00d4, 0x00d6, 0x00d2, 0x00d3, 0x00d5, 0x0030, 0x0031,
        0x0032, 0x0033, 0x0034, 0x0035, 0x0036, 0x0037, 0x0038, 0x0039, 0x00b3, 0x00db, 0x00dc,
        0x00d9, 0x00da, 0x009f,
    ],
    [
        0x0000, 0x0001, 0x0002, 0x0003, 0x009c, 0x0009, 0x0086, 0x007f, 0x0097, 0x008d, 0x008e,
        0x000b, 0x000c, 0x000d, 0x000e, 0x000f, 0x0010, 0x0011, 0x0012, 0x0013, 0x009d, 0x0085,
        0x0008, 0x0087, 0x0018, 0x0019, 0x0092, 0x008f, 0x001c, 0x001d, 0x001e, 0x001f, 0x0080,
        0x0081, 0x0082, 0x0083, 0x0084, 0x000a, 0x0017, 0x001b, 0x0088, 0x0089, 0x008a, 0x008b,
        0x008c, 0x0005, 0x0006, 0x0007, 0x0090, 0x0091, 0x0016, 0x0093, 0x0094, 0x0095, 0x0096,
        0x0004, 0x0098, 0x0099, 0x009a, 0x009b, 0x0014, 0x0015, 0x009e, 0x001a, 0x0020, 0x00a0,
        0x00e2, 0x007b, 0x00e0, 0x00e1, 0x00e3, 0x00e5, 0x00e7, 0x00f1, 0x00c4, 0x002e, 0x003c,
        0x0028, 0x002b, 0x0021, 0x0026, 0x00e9, 0x00ea, 0x00eb, 0x00e8, 0x00ed, 0x00ee, 0x00ef,
        0x00ec, 0x007e, 0x00dc, 0x0024, 0x002a, 0x0029, 0x003b, 0x005e, 0x002d, 0x002f, 0x00c2,
        0x005b, 0x00c0, 0x00c1, 0x00c3, 0x00c5, 0x00c7, 0x00d1, 0x00f6, 0x002c, 0x0025, 0x005f,
        0x003e, 0x003f, 0x00f8, 0x00c9, 0x00ca, 0x00cb, 0x00c8, 0x00cd, 0x00ce, 0x00cf, 0x00cc,
        0x0060, 0x003a, 0x0023, 0x00a7, 0x0027, 0x003d, 0x0022, 0x00d8, 0x0061, 0x0062, 0x0063,
        0x0064, 0x0065, 0x0066, 0x0067, 0x0068, 0x0069, 0x00ab, 0x00bb, 0x00f0, 0x00fd, 0x00fe,
        0x00b1, 0x00b0, 0x006a, 0x006b, 0x006c, 0x006d, 0x006e, 0x006f, 0x0070, 0x0071, 0x0072,
        0x00aa, 0x00ba, 0x00e6, 0x00b8, 0x00c6, 0x20ac, 0x00b5, 0x00df, 0x0073, 0x0074, 0x0075,
        0x0076, 0x0077, 0x0078, 0x0079, 0x007a, 0x00a1, 0x00bf, 0x00d0, 0x00dd, 0x00de, 0x00ae,
        0x00a2, 0x00a3, 0x00a5, 0x00b7, 0x00a9, 0x0040, 0x00b6, 0x00bc, 0x00bd, 0x00be, 0x00ac,
        0x007c, 0x00af, 0x00a8, 0x00b4, 0x00d7, 0x00e4, 0x0041, 0x0042, 0x0043, 0x0044, 0x0045,
        0x0046, 0x0047, 0x0048, 0x0049, 0x00ad, 0x00f4, 0x00a6, 0x00f2, 0x00f3, 0x00f5, 0x00fc,
        0x004a, 0x004b, 0x004c, 0x004d, 0x004e, 0x004f, 0x0050, 0x0051, 0x0052, 0x00b9, 0x00fb,
        0x007d, 0x00f9, 0x00fa, 0x00ff, 0x00d6, 0x00f7, 0x0053, 0x0054, 0x0055, 0x0056, 0x0057,
        0x0058, 0x0059, 0x005a, 0x00b2, 0x00d4, 0x005c, 0x00d2, 0x00d3, 0x00d5, 0x0030, 0x0031,
        0x0032, 0x0033, 0x0034, 0x0035, 0x0036, 0x0037, 0x0038, 0x0039, 0x00b3, 0x00db, 0x005d,
        0x00d9, 0x00da, 0x009f,
    ],
    [
        0x0000, 0x0001, 0x0002, 0x0003, 0x009c, 0x0009, 0x0086, 0x007f, 0x0097, 0x008d, 0x008e,
        0x000b, 0x000c, 0x000d, 0x000e, 0x000f, 0x0010, 0x0011, 0x0012, 0x0013, 0x009d, 0x0085,
        0x0008, 0x0087, 0x0018, 0x0019, 0x0092, 0x008f, 0x001c, 0x001d, 0x001e, 0x001f, 0x0080,
        0x0081, 0x0082, 0x0083, 0x0084, 0x000a, 0x0017, 0x001b, 0x0088, 0x0089, 0x008a, 0x008b,
        0x008c, 0x0005, 0x0006, 0x0007, 0x0090, 0x0091, 0x0016, 0x0093, 0x0094, 0x0095, 0x0096,
        0x0004, 0x0098, 0x0099, 0x009a, 0x009b, 0x0014, 0x0015, 0x009e, 0x001a, 0x0020, 0x00a0,
        0x00e2, 0x00e4, 0x00e0, 0x00e1, 0x00e3, 0x007d, 0x00e7, 0x00f1, 0x0023, 0x002e, 0x003c,
        0x0028, 0x002b, 0x0021, 0x0026, 0x00e9, 0x00ea, 0x00eb, 0x00e8, 0x00ed, 0x00ee, 0x00ef,
        0x00ec, 0x00df, 0x20ac, 0x00c5, 0x002a, 0x0029, 0x003b, 0x005e, 0x002d, 0x002f, 0x00c2,
        0x00c4, 0x00c0, 0x00c1, 0x00c3, 0x0024, 0x00c7, 0x00d1, 0x00f8, 0x002c, 0x0025, 0x005f,
        0x003e, 0x003f, 0x00a6, 0x00c9, 0x00ca, 0x00cb, 0x00c8, 0x00cd, 0x00ce, 0x00cf, 0x00cc,
        0x0060, 0x003a, 0x00c6, 0x00d8, 0x0027, 0x003d, 0x0022, 0x0040, 0x0061, 0x0062, 0x0063,
        0x0064, 0x0065, 0x0066, 0x0067, 0x0068, 0x0069, 0x00ab, 0x00bb, 0x00f0, 0x00fd, 0x00fe,
        0x00b1, 0x00b0, 0x006a, 0x006b, 0x006c, 0x006d, 0x006e, 0x006f, 0x0070, 0x0071, 0x0072,
        0x00aa, 0x00ba, 0x007b, 0x00b8, 0x005b, 0x005d, 0x00b5, 0x00fc, 0x0073, 0x0074, 0x0075,
        0x0076, 0x0077, 0x0078, 0x0079, 0x007a, 0x00a1, 0x00bf, 0x00d0, 0x00dd, 0x00de, 0x00ae,
        0x00a2, 0x00a3, 0x00a5, 0x00b7, 0x00a9, 0x00a7, 0x00b6, 0x00bc, 0x00bd, 0x00be, 0x00ac,
        0x007c, 0x00af, 0x00a8, 0x00b4, 0x00d7, 0x00e6, 0x0041, 0x0042, 0x0043, 0x0044, 0x0045,
        0x0046, 0x0047, 0x0048, 0x0049, 0x00ad, 0x00f4, 0x00f6, 0x00f2, 0x00f3, 0x00f5, 0x00e5,
        0x004a, 0x004b, 0x004c, 0x004d, 0x004e, 0x004f, 0x0050, 0x0051, 0x0052, 0x00b9, 0x00fb,
        0x007e, 0x00f9, 0x00fa, 0x00ff, 0x005c, 0x00f7, 0x0053, 0x0054, 0x0055, 0x0056, 0x0057,
        0x0058, 0x0059, 0x005a, 0x00b2, 0x00d4, 0x00d6, 0x00d2, 0x00d3, 0x00d5, 0x0030, 0x0031,
        0x0032, 0x0033, 0x0034, 0x0035, 0x0036, 0x0037, 0x0038, 0x0039, 0x00b3, 0x00db, 0x00dc,
        0x00d9, 0x00da, 0x009f,
    ],
    [
        0x0000, 0x0001, 0x0002, 0x0003, 0x009c, 0x0009, 0x0086, 0x007f, 0x0097, 0x008d, 0x008e,
        0x000b, 0x000c, 0x000d, 0x000e, 0x000f, 0x0010, 0x0011, 0x0012, 0x0013, 0x009d, 0x0085,
        0x0008, 0x0087, 0x0018, 0x0019, 0x0092, 0x008f, 0x001c, 0x001d, 0x001e, 0x001f, 0x0080,
        0x0081, 0x0082, 0x0083, 0x0084, 0x000a, 0x0017, 0x001b, 0x0088, 0x0089, 0x008a, 0x008b,
        0x008c, 0x0005, 0x0006, 0x0007, 0x0090, 0x0091, 0x0016, 0x0093, 0x0094, 0x0095, 0x0096,
        0x0004, 0x0098, 0x0099, 0x009a, 0x009b, 0x0014, 0x0015, 0x009e, 0x001a, 0x0020, 0x00a0,
        0x00e2, 0x007b, 0x00e0, 0x00e1, 0x00e3, 0x007d, 0x00e7, 0x00f1, 0x00a7, 0x002e, 0x003c,
        0x0028, 0x002b, 0x0021, 0x0026, 0x0060, 0x00ea, 0x00eb, 0x00e8, 0x00ed, 0x00ee, 0x00ef,
        0x00ec, 0x00df, 0x20ac, 0x00c5, 0x002a, 0x0029, 0x003b, 0x005e, 0x002d, 0x002f, 0x00c2,
        0x0023, 0x00c0, 0x00c1, 0x00c3, 0x0024, 0x00c7, 0x00d1, 0x00f6, 0x002c, 0x0025, 0x005f,
        0x003e, 0x003f, 0x00f8, 0x005c, 0x00ca, 0x00cb, 0x00c8, 0x00cd, 0x00ce, 0x00cf, 0x00cc,
        0x00e9, 0x003a, 0x00c4, 0x00d6, 0x0027, 0x003d, 0x0022, 0x00d8, 0x0061, 0x0062, 0x0063,
        0x0064, 0x0065, 0x0066, 0x0067, 0x0068, 0x0069, 0x00ab, 0x00bb, 0x00f0, 0x00fd, 0x00fe,
        0x00b1, 0x00b0, 0x006a, 0x006b, 0x006c, 0x006d, 0x006e, 0x006f, 0x0070, 0x0071, 0x0072,
        0x00aa, 0x00ba, 0x00e6, 0x00b8, 0x00c6, 0x005d, 0x00b5, 0x00fc, 0x0073, 0x0074, 0x0075,
        0x0076, 0x0077, 0x0078, 0x0079, 0x007a, 0x00a1, 0x00bf, 0x00d0, 0x00dd, 0x00de, 0x00ae,
        0x00a2, 0x00a3, 0x00a5, 0x00b7, 0x00a9, 0x005b, 0x00b6, 0x00bc, 0x00bd, 0x00be, 0x00ac,
        0x007c, 0x00af, 0x00a8, 0x00b4, 0x00d7, 0x00e4, 0x0041, 0x0042, 0x0043, 0x0044, 0x0045,
        0x0046, 0x0047, 0x0048, 0x0049, 0x00ad, 0x00f4, 0x00a6, 0x00f2, 0x00f3, 0x00f5, 0x00e5,
        0x004a, 0x004b, 0x004c, 0x004d, 0x004e, 0x004f, 0x0050, 0x0051, 0x0052, 0x00b9, 0x00fb,
        0x007e, 0x00f9, 0x00fa, 0x00ff, 0x00c9, 0x00f7, 0x0053, 0x0054, 0x0055, 0x0056, 0x0057,
        0x0058, 0x0059, 0x005a, 0x00b2, 0x00d4, 0x0040, 0x00d2, 0x00d3, 0x00d5, 0x0030, 0x0031,
        0x0032, 0x0033, 0x0034, 0x0035, 0x0036, 0x0037, 0x0038, 0x0039, 0x00b3, 0x00db, 0x00dc,
        0x00d9, 0x00da, 0x009f,
    ],
    [
        0x0000, 0x0001, 0x0002, 0x0003, 0x009c, 0x0009, 0x0086, 0x007f, 0x0097, 0x008d, 0x008e,
        0x000b, 0x000c, 0x000d, 0x000e, 0x000f, 0x0010, 0x0011, 0x0012, 0x0013, 0x009d, 0x0085,
        0x0008, 0x0087, 0x0018, 0x0019, 0x0092, 0x008f, 0x001c, 0x001d, 0x001e, 0x001f, 0x0080,
        0x0081, 0x0082, 0x0083, 0x0084, 0x000a, 0x0017, 0x001b, 0x0088, 0x0089, 0x008a, 0x008b,
        0x008c, 0x0005, 0x0006, 0x0007, 0x0090, 0x0091, 0x0016, 0x0093, 0x0094, 0x0095, 0x0096,
        0x0004, 0x0098, 0x0099, 0x009a, 0x009b, 0x0014, 0x0015, 0x009e, 0x001a, 0x0020, 0x00a0,
        0x00e2, 0x00e4, 0x007b, 0x00e1, 0x00e3, 0x00e5, 0x005c, 0x00f1, 0x00b0, 0x002e, 0x003c,
        0x0028, 0x002b, 0x0021, 0x0026, 0x005d, 0x00ea, 0x00eb, 0x007d, 0x00ed, 0x00ee, 0x00ef,
        0x007e, 0x00df, 0x00e9, 0x0024, 0x002a, 0x0029, 0x003b, 0x005e, 0x002d, 0x002f, 0x00c2,
        0x00c4, 0x00c0, 0x00c1, 0x00c3, 0x00c5, 0x00c7, 0x00d1, 0x00f2, 0x002c, 0x0025, 0x005f,
        0x003e, 0x003f, 0x00f8, 0x00c9, 0x00ca, 0x00cb, 0x00c8, 0x00cd, 0x00ce, 0x00cf, 0x00cc,
        0x00f9, 0x003a, 0x00a3, 0x00a7, 0x0027, 0x003d, 0x0022, 0x00d8, 0x0061, 0x0062, 0x0063,
        0x0064, 0x0065, 0x0066, 0x0067, 0x0068, 0x0069, 0x00ab, 0x00bb, 0x00f0, 0x00fd, 0x00fe,
        0x00b1, 0x005b, 0x006a, 0x006b, 0x006c, 0x006d, 0x006e, 0x006f, 0x0070, 0x0071, 0x0072,
        0x00aa, 0x00ba, 0x00e6, 0x00b8, 0x00c6, 0x20ac, 0x00b5, 0x00ec, 0x0073, 0x0074, 0x0075,
        0x0076, 0x0077, 0x0078, 0x0079, 0x007a, 0x00a1, 0x00bf, 0x00d0, 0x00dd, 0x00de, 0x00ae,
        0x00a2, 0x0023, 0x00a5, 0x00b7, 0x00a9, 0x0040, 0x00b6, 0x00bc, 0x00bd, 0x00be, 0x00ac,
        0x007c, 0x00af, 0x00a8, 0x00b4, 0x00d7, 0x00e0, 0x0041, 0x0042, 0x0043, 0x0044, 0x0045,
        0x0046, 0x0047, 0x0048, 0x0049, 0x00ad, 0x00f4, 0x00f6, 0x00a6, 0x00f3, 0x00f5, 0x00e8,
        0x004a, 0x004b, 0x004c, 0x004d, 0x004e, 0x004f, 0x0050, 0x0051, 0x0052, 0x00b9, 0x00fb,
        0x00fc, 0x0060, 0x00fa, 0x00ff, 0x00e7, 0x00f7, 0x0053, 0x0054, 0x0055, 0x0056, 0x0057,
        0x0058, 0x0059, 0x005a, 0x00b2, 0x00d4, 0x00d6, 0x00d2, 0x00d3, 0x00d5, 0x0030, 0x0031,
        0x0032, 0x0033, 0x0034, 0x0035, 0x0036, 0x0037, 0x0038, 0x0039, 0x00b3, 0x00db, 0x00dc,
        0x00d9, 0x00da, 0x009f,
    ],
    [
        0x0000, 0x0001, 0x0002, 0x0003, 0x009c, 0x0009, 0x0086, 0x007f, 0x0097, 0x008d, 0x008e,
        0x000b, 0x000c, 0x000d, 0x000e, 0x000f, 0x0010, 0x0011, 0x0012, 0x0013, 0x009d, 0x0085,
        0x0008, 0x0087, 0x0018, 0x0019, 0x0092, 0x008f, 0x001c, 0x001d, 0x001e, 0x001f, 0x0080,
        0x0081, 0x0082, 0x0083, 0x0084, 0x000a, 0x0017, 0x001b, 0x0088, 0x0089, 0x008a, 0x008b,
        0x008c, 0x0005, 0x0006, 0x0007, 0x0090, 0x0091, 0x0016, 0x0093, 0x0094, 0x0095, 0x0096,
        0x0004, 0x0098, 0x0099, 0x009a, 0x009b, 0x0014, 0x0015, 0x009e, 0x001a, 0x0020, 0x00a0,
        0x00e2, 0x00e4, 0x00e0, 0x00e1, 0x00e3, 0x00e5, 0x00e7, 0x00a6, 0x005b, 0x002e, 0x003c,
        0x0028, 0x002b, 0x007c, 0x0026, 0x00e9, 0x00ea, 0x00eb, 0x00e8, 0x00ed, 0x00ee, 0x00ef,
        0x00ec, 0x00df, 0x005d, 0x0024, 0x002a, 0x0029, 0x003b, 0x00ac, 0x002d, 0x002f, 0x00c2,
        0x00c4, 0x00c0, 0x00c1, 0x00c3, 0x00c5, 0x00c7, 0x0023, 0x00f1, 0x002c, 0x0025, 0x005f,
        0x003e, 0x003f, 0x00f8, 0x00c9, 0x00ca, 0x00cb, 0x00c8, 0x00cd, 0x00ce, 0x00cf, 0x00cc,
        0x0060, 0x003a, 0x00d1, 0x0040, 0x0027, 0x003d, 0x0022, 0x00d8, 0x0061, 0x0062, 0x0063,
        0x0064, 0x0065, 0x0066, 0x0067, 0x0068, 0x0069, 0x00ab, 0x00bb, 0x00f0, 0x00fd, 0x00fe,
        0x00b1, 0x00b0, 0x006a, 0x006b, 0x006c, 0x006d, 0x006e, 0x006f, 0x0070, 0x0071, 0x0072,
        0x00aa, 0x00ba, 0x00e6, 0x00b8, 0x00c6, 0x20ac, 0x00b5, 0x00a8, 0x0073, 0x0074, 0x0075,
        0x0076, 0x0077, 0x0078, 0x0079, 0x007a, 0x00a1, 0x00bf, 0x00d0, 0x00dd, 0x00de, 0x00ae,
        0x00a2, 0x00a3, 0x00a5, 0x00b7, 0x00a9, 0x00a7, 0x00b6, 0x00bc, 0x00bd, 0x00be, 0x005e,
        0x0021, 0x00af, 0x007e, 0x00b4, 0x00d7, 0x007b, 0x0041, 0x0042, 0x0043, 0x0044, 0x0045,
        0x0046, 0x0047, 0x0048, 0x0049, 0x00ad, 0x00f4, 0x00f6, 0x00f2, 0x00f3, 0x00f5, 0x007d,
        0x004a, 0x004b, 0x004c, 0x004d, 0x004e, 0x004f, 0x0050, 0x0051, 0x0052, 0x00b9, 0x00fb,
        0x00fc, 0x00f9, 0x00fa, 0x00ff, 0x005c, 0x00f7, 0x0053, 0x0054, 0x0055, 0x0056, 0x0057,
        0x0058, 0x0059, 0x005a, 0x00b2, 0x00d4, 0x00d6, 0x00d2, 0x00d3, 0x00d5, 0x0030, 0x0031,
        0x0032, 0x0033, 0x0034, 0x0035, 0x0036, 0x0037, 0x0038, 0x0039, 0x00b3, 0x00db, 0x00dc,
        0x00d9, 0x00da, 0x009f,
    ],
    [
        0x0000, 0x0001, 0x0002, 0x0003, 0x009c, 0x0009, 0x0086, 0x007f, 0x0097, 0x008d, 0x008e,
        0x000b, 0x000c, 0x000d, 0x000e, 0x000f, 0x0010, 0x0011, 0x0012, 0x0013, 0x009d, 0x0085,
        0x0008, 0x0087, 0x0018, 0x0019, 0x0092, 0x008f, 0x001c, 0x001d, 0x001e, 0x001f, 0x0080,
        0x0081, 0x0082, 0x0083, 0x0084, 0x000a, 0x0017, 0x001b, 0x0088, 0x0089, 0x008a, 0x008b,
        0x008c, 0x0005, 0x0006, 0x0007, 0x0090, 0x0091, 0x0016, 0x0093, 0x0094, 0x0095, 0x0096,
        0x0004, 0x0098, 0x0099, 0x009a, 0x009b, 0x0014, 0x0015, 0x009e, 0x001a, 0x0020, 0x00a0,
        0x00e2, 0x00e4, 0x00e0, 0x00e1, 0x00e3, 0x00e5, 0x00e7, 0x00f1, 0x0024, 0x002e, 0x003c,
        0x0028, 0x002b, 0x007c, 0x0026, 0x00e9, 0x00ea, 0x00eb, 0x00e8, 0x00ed, 0x00ee, 0x00ef,
        0x00ec, 0x00df, 0x0021, 0x00a3, 0x002a, 0x0029, 0x003b, 0x00ac, 0x002d, 0x002f, 0x00c2,
        0x00c4, 0x00c0, 0x00c1, 0x00c3, 0x00c5, 0x00c7, 0x00d1, 0x00a6, 0x002c, 0x0025, 0x005f,
        0x003e, 0x003f, 0x00f8, 0x00c9, 0x00ca, 0x00cb, 0x00c8, 0x00cd, 0x00ce, 0x00cf, 0x00cc,
        0x0060, 0x003a, 0x0023, 0x0040, 0x0027, 0x003d, 0x0022, 0x00d8, 0x0061, 0x0062, 0x0063,
        0x0064, 0x0065, 0x0066, 0x0067, 0x0068, 0x0069, 0x00ab, 0x00bb, 0x00f0, 0x00fd, 0x00fe,
        0x00b1, 0x00b0, 0x006a, 0x006b, 0x006c, 0x006d, 0x006e, 0x006f, 0x0070, 0x0071, 0x0072,
        0x00aa, 0x00ba, 0x00e6, 0x00b8, 0x00c6, 0x20ac, 0x00b5, 0x00af, 0x0073, 0x0074, 0x0075,
        0x0076, 0x0077, 0x0078, 0x0079, 0x007a, 0x00a1, 0x00bf, 0x00d0, 0x00dd, 0x00de, 0x00ae,
        0x00a2, 0x005b, 0x00a5, 0x00b7, 0x00a9, 0x00a7, 0x00b6, 0x00bc, 0x00bd, 0x00be, 0x005e,
        0x005d, 0x007e, 0x00a8, 0x00b4, 0x00d7, 0x007b, 0x0041, 0x0042, 0x0043, 0x0044, 0x0045,
        0x0046, 0x0047, 0x0048, 0x0049, 0x00ad, 0x00f4, 0x00f6, 0x00f2, 0x00f3, 0x00f5, 0x007d,
        0x004a, 0x004b, 0x004c, 0x004d, 0x004e, 0x004f, 0x0050, 0x0051, 0x0052, 0x00b9, 0x00fb,
        0x00fc, 0x00f9, 0x00fa, 0x00ff, 0x005c, 0x00f7, 0x0053, 0x0054, 0x0055, 0x0056, 0x0057,
        0x0058, 0x0059, 0x005a, 0x00b2, 0x00d4, 0x00d6, 0x00d2, 0x00d3, 0x00d5, 0x0030, 0x0031,
        0x0032, 0x0033, 0x0034, 0x0035, 0x0036, 0x0037, 0x0038, 0x0039, 0x00b3, 0x00db, 0x00dc,
        0x00d9, 0x00da, 0x009f,
    ],
    [
        0x0000, 0x0001, 0x0002, 0x0003, 0x009c, 0x0009, 0x0086, 0x007f, 0x0097, 0x008d, 0x008e,
        0x000b, 0x000c, 0x000d, 0x000e, 0x000f, 0x0010, 0x0011, 0x0012, 0x0013, 0x009d, 0x0085,
        0x0008, 0x0087, 0x0018, 0x0019, 0x0092, 0x008f, 0x001c, 0x001d, 0x001e, 0x001f, 0x0080,
        0x0081, 0x0082, 0x0083, 0x0084, 0x000a, 0x0017, 0x001b, 0x0088, 0x0089, 0x008a, 0x008b,
        0x008c, 0x0005, 0x0006, 0x0007, 0x0090, 0x0091, 0x0016, 0x0093, 0x0094, 0x0095, 0x0096,
        0x0004, 0x0098, 0x0099, 0x009a, 0x009b, 0x0014, 0x0015, 0x009e, 0x001a, 0x0020, 0x00a0,
        0x00e2, 0x00e4, 0x0040, 0x00e1, 0x00e3, 0x00e5, 0x005c, 0x00f1, 0x00b0, 0x002e, 0x003c,
        0x0028, 0x002b, 0x0021, 0x0026, 0x007b, 0x00ea, 0x00eb, 0x007d, 0x00ed, 0x00ee, 0x00ef,
        0x00ec, 0x00df, 0x00a7, 0x0024, 0x002a, 0x0029, 0x003b, 0x005e, 0x002d, 0x002f, 0x00c2,
        0x00c4, 0x00c0, 0x00c1, 0x00c3, 0x00c5, 0x00c7, 0x00d1, 0x00f9, 0x002c, 0x0025, 0x005f,
        0x003e, 0x003f, 0x00f8, 0x00c9, 0x00ca, 0x00cb, 0x00c8, 0x00cd, 0x00ce, 0x00cf, 0x00cc,
        0x00b5, 0x003a, 0x00a3, 0x00e0, 0x0027, 0x003d, 0x0022, 0x00d8, 0x0061, 0x0062, 0x0063,
        0x0064, 0x0065, 0x0066, 0x0067, 0x0068, 0x0069, 0x00ab, 0x00bb, 0x00f0, 0x00fd, 0x00fe,
        0x00b1, 0x005b, 0x006a, 0x006b, 0x006c, 0x006d, 0x006e, 0x006f, 0x0070, 0x0071, 0x0072,
        0x00aa, 0x00ba, 0x00e6, 0x00b8, 0x00c6, 0x20ac, 0x0060, 0x00a8, 0x0073, 0x0074, 0x0075,
        0x0076, 0x0077, 0x0078, 0x0079, 0x007a, 0x00a1, 0x00bf, 0x00d0, 0x00dd, 0x00de, 0x00ae,
        0x00a2, 0x0023, 0x00a5, 0x00b7, 0x00a9, 0x005d, 0x00b6, 0x00bc, 0x00bd, 0x00be, 0x00ac,
        0x007c, 0x00af, 0x007e, 0x00b4, 0x00d7, 0x00e9, 0x0041, 0x0042, 0x0043, 0x0044, 0x0045,
        0x0046, 0x0047, 0x0048, 0x0049, 0x00ad, 0x00f4, 0x00f6, 0x00f2, 0x00f3, 0x00f5, 0x00e8,
        0x004a, 0x004b, 0x004c, 0x004d, 0x004e, 0x004f, 0x0050, 0x0051, 0x0052, 0x00b9, 0x00fb,
        0x00fc, 0x00a6, 0x00fa, 0x00ff, 0x00e7, 0x00f7, 0x0053, 0x0054, 0x0055, 0x0056, 0x0057,
        0x0058, 0x0059, 0x005a, 0x00b2, 0x00d4, 0x00d6, 0x00d2, 0x00d3, 0x00d5, 0x0030, 0x0031,
        0x0032, 0x0033, 0x0034, 0x0035, 0x0036, 0x0037, 0x0038, 0x0039, 0x00b3, 0x00db, 0x00dc,
        0x00d9, 0x00da, 0x009f,
    ],
    [
        0x0000, 0x0001, 0x0002, 0x0003, 0x009c, 0x0009, 0x0086, 0x007f, 0x0097, 0x008d, 0x008e,
        0x000b, 0x000c, 0x000d, 0x000e, 0x000f, 0x0010, 0x0011, 0x0012, 0x0013, 0x009d, 0x0085,
        0x0008, 0x0087, 0x0018, 0x0019, 0x0092, 0x008f, 0x001c, 0x001d, 0x001e, 0x001f, 0x0080,
        0x0081, 0x0082, 0x0083, 0x0084, 0x000a, 0x0017, 0x001b, 0x0088, 0x0089, 0x008a, 0x008b,
        0x008c, 0x0005, 0x0006, 0x0007, 0x0090, 0x0091, 0x0016, 0x0093, 0x0094, 0x0095, 0x0096,
        0x0004, 0x0098, 0x0099, 0x009a, 0x009b, 0x0014, 0x0015, 0x009e, 0x001a, 0x0020, 0x00a0,
        0x00e2, 0x00e4, 0x00e0, 0x00e1, 0x00e3, 0x00e5, 0x00e7, 0x00f1, 0x005b, 0x002e, 0x003c,
        0x0028, 0x002b, 0x0021, 0x0026, 0x00e9, 0x00ea, 0x00eb, 0x00e8, 0x00ed, 0x00ee, 0x00ef,
        0x00ec, 0x00df, 0x005d, 0x0024, 0x002a, 0x0029, 0x003b, 0x005e, 0x002d, 0x002f, 0x00c2,
        0x00c4, 0x00c0, 0x00c1, 0x00c3, 0x00c5, 0x00c7, 0x00d1, 0x00a6, 0x002c, 0x0025, 0x005f,
        0x003e, 0x003f, 0x00f8, 0x00c9, 0x00ca, 0x00cb, 0x00c8, 0x00cd, 0x00ce, 0x00cf, 0x00cc,
        0x0060, 0x003a, 0x0023, 0x0040, 0x0027, 0x003d, 0x0022, 0x00d8, 0x0061, 0x0062, 0x0063,
        0x0064, 0x0065, 0x0066, 0x0067, 0x0068, 0x0069, 0x00ab, 0x00bb, 0x00f0, 0x00fd, 0x00fe,
        0x00b1, 0x00b0, 0x006a, 0x006b, 0x006c, 0x006d, 0x006e, 0x006f, 0x0070, 0x0071, 0x0072,
        0x00aa, 0x00ba, 0x00e6, 0x00b8, 0x00c6, 0x20ac, 0x00b5, 0x007e, 0x0073, 0x0074, 0x0075,
        0x0076, 0x0077, 0x0078, 0x0079, 0x007a, 0x00a1, 0x00bf, 0x00d0, 0x00dd, 0x00de, 0x00ae,
        0x00a2, 0x00a3, 0x00a5, 0x00b7, 0x00a9, 0x00a7, 0x00b6, 0x00bc, 0x00bd, 0x00be, 0x00ac,
        0x007c, 0x00af, 0x00a8, 0x00b4, 0x00d7, 0x007b, 0x0041, 0x0042, 0x0043, 0x0044, 0x0045,
        0x0046, 0x0047, 0x0048, 0x0049, 0x00ad, 0x00f4, 0x00f6, 0x00f2, 0x00f3, 0x00f5, 0x007d,
        0x004a, 0x004b, 0x004c, 0x004d, 0x004e, 0x004f, 0x0050, 0x0051, 0x0052, 0x00b9, 0x00fb,
        0x00fc, 0x00f9, 0x00fa, 0x00ff, 0x005c, 0x00f7, 0x0053, 0x0054, 0x0055, 0x0056, 0x0057,
        0x0058, 0x0059, 0x005a, 0x00b2, 0x00d4, 0x00d6, 0x00d2, 0x00d3, 0x00d5, 0x0030, 0x0031,
        0x0032, 0x0033, 0x0034, 0x0035, 0x0036, 0x0037, 0x0038, 0x0039, 0x00b3, 0x00db, 0x00dc,
        0x00d9, 0x00da, 0x009f,
    ],
    [
        0x0000, 0x0001, 0x0002, 0x0003, 0x009c, 0x0009, 0x0086, 0x007f, 0x0097, 0x008d, 0x008e,
        0x000b, 0x000c, 0x000d, 0x000e, 0x000f, 0x0010, 0x0011, 0x0012, 0x0013, 0x009d, 0x0085,
        0x0008, 0x0087, 0x0018, 0x0019, 0x0092, 0x008f, 0x001c, 0x001d, 0x001e, 0x001f, 0x0080,
        0x0081, 0x0082, 0x0083, 0x0084, 0x000a, 0x0017, 0x001b, 0x0088, 0x0089, 0x008a, 0x008b,
        0x008c, 0x0005, 0x0006, 0x0007, 0x0090, 0x0091, 0x0016, 0x0093, 0x0094, 0x0095, 0x0096,
        0x0004, 0x0098, 0x0099, 0x009a, 0x009b, 0x0014, 0x0015, 0x009e, 0x001a, 0x0020, 0x00a0,
        0x00e2, 0x00e4, 0x00e0, 0x00e1, 0x00e3, 0x00e5, 0x00e7, 0x00f1, 0x00de, 0x002e, 0x003c,
        0x0028, 0x002b, 0x0021, 0x0026, 0x00e9, 0x00ea, 0x00eb, 0x00e8, 0x00ed, 0x00ee, 0x00ef,
        0x00ec, 0x00df, 0x00c6, 0x0024, 0x002a, 0x0029, 0x003b, 0x00d6, 0x002d, 0x002f, 0x00c2,
        0x00c4, 0x00c0, 0x00c1, 0x00c3, 0x00c5, 0x00c7, 0x00d1, 0x00a6, 0x002c, 0x0025, 0x005f,
        0x003e, 0x003f, 0x00f8, 0x00c9, 0x00ca, 0x00cb, 0x00c8, 0x00cd, 0x00ce, 0x00cf, 0x00cc,
        0x00f0, 0x003a, 0x0023, 0x00d0, 0x0027, 0x003d, 0x0022, 0x00d8, 0x0061, 0x0062, 0x0063,
        0x0064, 0x0065, 0x0066, 0x0067, 0x0068, 0x0069, 0x00ab, 0x00bb, 0x0060, 0x00fd, 0x007b,
        0x00b1, 0x00b0, 0x006a, 0x006b, 0x006c, 0x006d, 0x006e, 0x006f, 0x0070, 0x0071, 0x0072,
        0x00aa, 0x00ba, 0x007d, 0x00b8, 0x005d, 0x20ac, 0x00b5, 0x00f6, 0x0073, 0x0074, 0x0075,
        0x0076, 0x0077, 0x0078, 0x0079, 0x007a, 0x00a1, 0x00bf, 0x0040, 0x00dd, 0x005b, 0x00ae,
        0x00a2, 0x00a3, 0x00a5, 0x00b7, 0x00a9, 0x00a7, 0x00b6, 0x00bc, 0x00bd, 0x00be, 0x00ac,
        0x007c, 0x00af, 0x00a8, 0x005c, 0x00d7, 0x00fe, 0x0041, 0x0042, 0x0043, 0x0044, 0x0045,
        0x0046, 0x0047, 0x0048, 0x0049, 0x00ad, 0x00f4, 0x007e, 0x00f2, 0x00f3, 0x00f5, 0x00e6,
        0x004a, 0x004b, 0x004c, 0x004d, 0x004e, 0x004f, 0x0050, 0x0051, 0x0052, 0x00b9, 0x00fb,
        0x00fc, 0x00f9, 0x00fa, 0x00ff, 0x00b4, 0x00f7, 0x0053, 0x0054, 0x0055, 0x0056, 0x0057,
        0x0058, 0x0059, 0x005a, 0x00b2, 0x00d4, 0x005e, 0x00d2, 0x00d3, 0x00d5, 0x0030, 0x0031,
        0x0032, 0x0033, 0x0034, 0x0035, 0x0036, 0x0037, 0x0038, 0x0039, 0x00b3, 0x00db, 0x00dc,
        0x00d9, 0x00da, 0x009f,
    ],
    [
        0x0000, 0x0001, 0x0002, 0x0003, 0x009c, 0x0009, 0x0086, 0x007f, 0x0097, 0x008d, 0x008e,
        0x000b, 0x000c, 0x000d, 0x000e, 0x000f, 0x0010, 0x0011, 0x0012, 0x0013, 0x009d, 0x0085,
        0x0008, 0x0087, 0x0018, 0x0019, 0x0092, 0x008f, 0x001c, 0x001d, 0x001e, 0x001f, 0x0080,
        0x0081, 0x0082, 0x0083, 0x0084, 0x000a, 0x0017, 0x001b, 0x0088, 0x0089, 0x008a, 0x008b,
        0x008c, 0x0005, 0x0006, 0x0007, 0x0090, 0x0091, 0x0016, 0x0093, 0x0094, 0x0095, 0x0096,
        0x0004, 0x0098, 0x0099, 0x009a, 0x009b, 0x0014, 0x0015, 0x009e, 0x001a, 0x0020, 0x00a0,
        0x00e2, 0x00e4, 0x0163, 0x00e1, 0x0103, 0x010d, 0x00e7, 0x0107, 0x005b, 0x002e, 0x003c,
        0x0028, 0x002b, 0x0021, 0x0026, 0x00e9, 0x0119, 0x00eb, 0x016f, 0x00ed, 0x00ee, 0x013e,
        0x013a, 0x00df, 0x005d, 0x0024, 0x002a, 0x0029, 0x003b, 0x005e, 0x002d, 0x002f, 0x00c2,
        0x00c4, 0x02dd, 0x00c1, 0x0102, 0x010c, 0x00c7, 0x0106, 0x007c, 0x002c, 0x0025, 0x005f,
        0x003e, 0x003f, 0x02c7, 0x00c9, 0x0118, 0x00cb, 0x016e, 0x00cd, 0x00ce, 0x013d, 0x0139,
        0x0060, 0x003a, 0x0023, 0x0040, 0x0027, 0x003d, 0x0022, 0x02d8, 0x0061, 0x0062, 0x0063,
        0x0064, 0x0065, 0x0066, 0x0067, 0x0068, 0x0069, 0x015b, 0x0148, 0x0111, 0x00fd, 0x0159,
        0x015f, 0x00b0, 0x006a, 0x006b, 0x006c, 0x006d, 0x006e, 0x006f, 0x0070, 0x0071, 0x0072,
        0x0142, 0x0144, 0x0161, 0x00b8, 0x02db, 0x20ac, 0x0105, 0x007e, 0x0073, 0x0074, 0x0075,
        0x0076, 0x0077, 0x0078, 0x0079, 0x007a, 0x015a, 0x0147, 0x0110, 0x00dd, 0x0158, 0x015e,
        0x02d9, 0x0104, 0x017c, 0x0162, 0x017b, 0x00a7, 0x017e, 0x017a, 0x017d, 0x0179, 0x0141,
        0x0143, 0x0160, 0x00a8, 0x00b4, 0x00d7, 0x007b, 0x0041, 0x0042, 0x0043, 0x0044, 0x0045,
        0x0046, 0x0047, 0x0048, 0x0049, 0x00ad, 0x00f4, 0x00f6, 0x0155, 0x00f3, 0x0151, 0x007d,
        0x004a, 0x004b, 0x004c, 0x004d, 0x004e, 0x004f, 0x0050, 0x0051, 0x0052, 0x011a, 0x0171,
        0x00fc, 0x0165, 0x00fa, 0x011b, 0x005c, 0x00f7, 0x0053, 0x0054, 0x0055, 0x0056, 0x0057,
        0x0058, 0x0059, 0x005a, 0x010f, 0x00d4, 0x00d6, 0x0154, 0x00d3, 0x0150, 0x0030, 0x0031,
        0x0032, 0x0033, 0x0034, 0x0035, 0x0036, 0x0037, 0x0038, 0x0039, 0x010e, 0x0170, 0x00dc,
        0x0164, 0x00da, 0x009f,
    ],
    [
        0x0000, 0x0001, 0x0002, 0x0003, 0x009c, 0x0009, 0x0086, 0x007f, 0x0097, 0x008d, 0x008e,
        0x000b, 0x000c, 0x000d, 0x000e, 0x000f, 0x0010, 0x0011, 0x0012, 0x0013, 0x009d, 0x0085,
        0x0008, 0x0087, 0x0018, 0x0019, 0x0092, 0x008f, 0x001c, 0x001d, 0x001e, 0x001f, 0x0080,
        0x0081, 0x0082, 0x0083, 0x0084, 0x000a, 0x0017, 0x001b, 0x0088, 0x0089, 0x008a, 0x008b,
        0x008c, 0x0005, 0x0006, 0x0007, 0x0090, 0x0091, 0x0016, 0x0093, 0x0094, 0x0095, 0x0096,
        0x0004, 0x0098, 0x0099, 0x009a, 0x009b, 0x0014, 0x0015, 0x009e, 0x001a, 0x0020, 0x00a0,
        0x0452, 0x0453, 0x0451, 0x0454, 0x0455, 0x0456, 0x0457, 0x0458, 0x005b, 0x002e, 0x003c,
        0x0028, 0x002b, 0x0021, 0x0026, 0x0459, 0x045a, 0x045b, 0x045c, 0x045e, 0x045f, 0x042a,
        0x2116, 0x0402, 0x005d, 0x0024, 0x002a, 0x0029, 0x003b, 0x005e, 0x002d, 0x002f, 0x0403,
        0x0401, 0x0404, 0x0405, 0x0406, 0x0407, 0x0408, 0x0409, 0x007c, 0x002c, 0x0025, 0x005f,
        0x003e, 0x003f, 0x040a, 0x040b, 0x040c, 0x00ad, 0x040e, 0x040f, 0x044e, 0x0430, 0x0431,
        0x0060, 0x003a, 0x0023, 0x0040, 0x0027, 0x003d, 0x0022, 0x0446, 0x0061, 0x0062, 0x0063,
        0x0064, 0x0065, 0x0066, 0x0067, 0x0068, 0x0069, 0x0434, 0x0435, 0x0444, 0x0433, 0x0445,
        0x0438, 0x0439, 0x006a, 0x006b, 0x006c, 0x006d, 0x006e, 0x006f, 0x0070, 0x0071, 0x0072,
        0x043a, 0x043b, 0x043c, 0x043d, 0x043e, 0x043f, 0x044f, 0x007e, 0x0073, 0x0074, 0x0075,
        0x0076, 0x0077, 0x0078, 0x0079, 0x007a, 0x0440, 0x0441, 0x0442, 0x0443, 0x0436, 0x0432,
        0x044c, 0x044b, 0x0437, 0x0448, 0x044d, 0x0449, 0x0447, 0x044a, 0x042e, 0x0410, 0x0411,
        0x0426, 0x0414, 0x0415, 0x0424, 0x0413, 0x007b, 0x0041, 0x0042, 0x0043, 0x0044, 0x0045,
        0x0046, 0x0047, 0x0048, 0x0049, 0x0425, 0x0418, 0x0419, 0x041a, 0x041b, 0x041c, 0x007d,
        0x004a, 0x004b, 0x004c, 0x004d, 0x004e, 0x004f, 0x0050, 0x0051, 0x0052, 0x041d, 0x041e,
        0x041f, 0x042f, 0x0420, 0x0421, 0x005c, 0x20ac, 0x0053, 0x0054, 0x0055, 0x0056, 0x0057,
        0x0058, 0x0059, 0x005a, 0x0422, 0x0423, 0x0416, 0x0412, 0x042c, 0x042b, 0x0030, 0x0031,
        0x0032, 0x0033, 0x0034, 0x0035, 0x0036, 0x0037, 0x0038, 0x0039, 0x0417, 0x0428, 0x042d,
        0x0429, 0x0427, 0x009f,
    ],
    [
        0x0000, 0x0001, 0x0002, 0x0003, 0x009c, 0x0009, 0x0086, 0x007f, 0x0097, 0x008d, 0x008e,
        0x000b, 0x000c, 0x000d, 0x000e, 0x000f, 0x0010, 0x0011, 0x0012, 0x0013, 0x009d, 0x0085,
        0x0008, 0x0087, 0x0018, 0x0019, 0x0092, 0x008f, 0x001c, 0x001d, 0x001e, 0x001f, 0x0080,
        0x0081, 0x0082, 0x0083, 0x0084, 0x000a, 0x0017, 0x001b, 0x0088, 0x0089, 0x008a, 0x008b,
        0x008c, 0x0005, 0x0006, 0x0007, 0x0090, 0x0091, 0x0016, 0x0093, 0x0094, 0x0095, 0x0096,
        0x0004, 0x0098, 0x0099, 0x009a, 0x009b, 0x0014, 0x0015, 0x009e, 0x001a, 0x0020, 0x00a0,
        0x00e2, 0x00e4, 0x00e0, 0x00e1, 0x00e3, 0x00e5, 0x007b, 0x00f1, 0x00c7, 0x002e, 0x003c,
        0x0028, 0x002b, 0x0021, 0x0026, 0x00e9, 0x00ea, 0x00eb, 0x00e8, 0x00ed, 0x00ee, 0x00ef,
        0x00ec, 0x00df, 0x011e, 0x0130, 0x002a, 0x0029, 0x003b, 0x005e, 0x002d, 0x002f, 0x00c2,
        0x00c4, 0x00c0, 0x00c1, 0x00c3, 0x00c5, 0x005b, 0x00d1, 0x015f, 0x002c, 0x0025, 0x005f,
        0x003e, 0x003f, 0x00f8, 0x00c9, 0x00ca, 0x00cb, 0x00c8, 0x00cd, 0x00ce, 0x00cf, 0x00cc,
        0x0131, 0x003a, 0x00d6, 0x015e, 0x0027, 0x003d, 0x00dc, 0x00d8, 0x0061, 0x0062, 0x0063,
        0x0064, 0x0065, 0x0066, 0x0067, 0x0068, 0x0069, 0x00ab, 0x00bb, 0x007d, 0x0060, 0x00a6,
        0x00b1, 0x00b0, 0x006a, 0x006b, 0x006c, 0x006d, 0x006e, 0x006f, 0x0070, 0x0071, 0x0072,
        0x20ba, 0x00ba, 0x00e6, 0x00b8, 0x00c6, 0x20ac, 0x00b5, 0x00f6, 0x0073, 0x0074, 0x0075,
        0x0076, 0x0077, 0x0078, 0x0079, 0x007a, 0x00a1, 0x00bf, 0x005d, 0x0024, 0x0040, 0x00ae,
        0x00a2, 0x00a3, 0x00a5, 0x00b7, 0x00a9, 0x00a7, 0x00b6, 0x00bc, 0x00bd, 0x00be, 0x00ac,
        0x007c, 0x00af, 0x00a8, 0x00b4, 0x00d7, 0x00e7, 0x0041, 0x0042, 0x0043, 0x0044, 0x0045,
        0x0046, 0x0047, 0x0048, 0x0049, 0x00ad, 0x00f4, 0x007e, 0x00f2, 0x00f3, 0x00f5, 0x011f,
        0x004a, 0x004b, 0x004c, 0x004d, 0x004e, 0x004f, 0x0050, 0x0051, 0x0052, 0x00b9, 0x00fb,
        0x005c, 0x00f9, 0x00fa, 0x00ff, 0x00fc, 0x00f7, 0x0053, 0x0054, 0x0055, 0x0056, 0x0057,
        0x0058, 0x0059, 0x005a, 0x00b2, 0x00d4, 0x0023, 0x00d2, 0x00d3, 0x00d5, 0x0030, 0x0031,
        0x0032, 0x0033, 0x0034, 0x0035, 0x0036, 0x0037, 0x0038, 0x0039, 0x00b3, 0x00db, 0x0022,
        0x00d9, 0x00da, 0x009f,
    ],
    [
        0x0000, 0x0001, 0x0002, 0x0003, 0x009c, 0x0009, 0x0086, 0x007f, 0x0097, 0x008d, 0x008e,
        0x000b, 0x000c, 0x000d, 0x000e, 0x000f, 0x0010, 0x0011, 0x0012, 0x0013, 0x009d, 0x0085,
        0x0008, 0x0087, 0x0018, 0x0019, 0x0092, 0x008f, 0x001c, 0x001d, 0x001e, 0x001f, 0x0080,
        0x0081, 0x0082, 0x0083, 0x0084, 0x000a, 0x0017, 0x001b, 0x0088, 0x0089, 0x008a, 0x008b,
        0x008c, 0x0005, 0x0006, 0x0007, 0x0090, 0x0091, 0x0016, 0x0093, 0x0094, 0x0095, 0x0096,
        0x0004, 0x0098, 0x0099, 0x009a, 0x009b, 0x0014, 0x0015, 0x009e, 0x001a, 0x0020, 0x00a0,
        0x0161, 0x00e4, 0x0105, 0x012f, 0x016b, 0x00e5, 0x0113, 0x017e, 0x00a2, 0x002e, 0x003c,
        0x0028, 0x002b, 0x007c, 0x0026, 0x00e9, 0x0119, 0x0117, 0x010d, 0x0173, 0x201e, 0x201c,
        0x0123, 0x00df, 0x0021, 0x0024, 0x002a, 0x0029, 0x003b, 0x00ac, 0x002d, 0x002f, 0x0160,
        0x00c4, 0x0104, 0x012e, 0x016a, 0x00c5, 0x0112, 0x017d, 0x00a6, 0x002c, 0x0025, 0x005f,
        0x003e, 0x003f, 0x00f8, 0x00c9, 0x0118, 0x0116, 0x010c, 0x0172, 0x012a, 0x013b, 0x0122,
        0x0060, 0x003a, 0x0023, 0x0040, 0x0027, 0x003d, 0x0022, 0x00d8, 0x0061, 0x0062, 0x0063,
        0x0064, 0x0065, 0x0066, 0x0067, 0x0068, 0x0069, 0x00ab, 0x00bb, 0x0101, 0x017c, 0x0144,
        0x00b1, 0x00b0, 0x006a, 0x006b, 0x006c, 0x006d, 0x006e, 0x006f, 0x0070, 0x0071, 0x0072,
        0x0156, 0x0157, 0x00e6, 0x0137, 0x00c6, 0x20ac, 0x00b5, 0x007e, 0x0073, 0x0074, 0x0075,
        0x0076, 0x0077, 0x0078, 0x0079, 0x007a, 0x201d, 0x017a, 0x0100, 0x017b, 0x0143, 0x00ae,
        0x005e, 0x00a3, 0x012b, 0x00b7, 0x00a9, 0x00a7, 0x00b6, 0x00bc, 0x00bd, 0x00be, 0x005b,
        0x005d, 0x0179, 0x0136, 0x013c, 0x00d7, 0x007b, 0x0041, 0x0042, 0x0043, 0x0044, 0x0045,
        0x0046, 0x0047, 0x0048, 0x0049, 0x00ad, 0x014d, 0x00f6, 0x0146, 0x00f3, 0x00f5, 0x007d,
        0x004a, 0x004b, 0x004c, 0x004d, 0x004e, 0x004f, 0x0050, 0x0051, 0x0052, 0x00b9, 0x0107,
        0x00fc, 0x0142, 0x015b, 0x2019, 0x005c, 0x00f7, 0x0053, 0x0054, 0x0055, 0x0056, 0x0057,
        0x0058, 0x0059, 0x005a, 0x00b2, 0x014c, 0x00d6, 0x0145, 0x00d3, 0x00d5, 0x0030, 0x0031,
        0x0032, 0x0033, 0x0034, 0x0035, 0x0036, 0x0037, 0x0038, 0x0039, 0x00b3, 0x0106, 0x00dc,
        0x0141, 0x015a, 0x009f,
    ],
    [
        0x0000, 0x0001, 0x0002, 0x0003, 0x009c, 0x0009, 0x0086, 0x007f, 0x0097, 0x008d, 0x008e,
        0x000b, 0x000c, 0x000d, 0x000e, 0x000f, 0x0010, 0x0011, 0x0012, 0x0013, 0x009d, 0x0085,
        0x0008, 0x0087, 0x0018, 0x0019, 0x0092, 0x008f, 0x001c, 0x001d, 0x001e, 0x001f, 0x0080,
        0x0081, 0x0082, 0x0083, 0x0084, 0x000a, 0x0017, 0x001b, 0x0088, 0x0089, 0x008a, 0x008b,
        0x008c, 0x0005, 0x0006, 0x0007, 0x0090, 0x0091, 0x0016, 0x0093, 0x0094, 0x0095, 0x0096,
        0x0004, 0x0098, 0x0099, 0x009a, 0x009b, 0x0014, 0x0015, 0x009e, 0x001a, 0x0020, 0x00a0,
        0x00e2, 0x007b, 0x00e0, 0x00e1, 0x00e3, 0x007d, 0x00e7, 0x00f1, 0x00a7, 0x002e, 0x003c,
        0x0028, 0x002b, 0x0021, 0x0026, 0x0060, 0x00ea, 0x00eb, 0x00e8, 0x00ed, 0x00ee, 0x00ef,
        0x00ec, 0x00df, 0x20ac, 0x00c5, 0x002a, 0x0029, 0x003b, 0x005e, 0x002d, 0x002f, 0x00c2,
        0x0023, 0x00c0, 0x00c1, 0x00c3, 0x0024, 0x00c7, 0x00d1, 0x00f6, 0x002c, 0x0025, 0x005f,
        0x003e, 0x003f, 0x00f8, 0x005c, 0x00ca, 0x00cb, 0x00c8, 0x00cd, 0x00ce, 0x00cf, 0x00cc,
        0x00e9, 0x003a, 0x00c4, 0x00d6, 0x0027, 0x003d, 0x0022, 0x00d8, 0x0061, 0x0062, 0x0063,
        0x0064, 0x0065, 0x0066, 0x0067, 0x0068, 0x0069, 0x00ab, 0x00bb, 0x0161, 0x00fd, 0x017e,
        0x00b1, 0x00b0, 0x006a, 0x006b, 0x006c, 0x006d, 0x006e, 0x006f, 0x0070, 0x0071, 0x0072,
        0x00aa, 0x00ba, 0x00e6, 0x00b8, 0x00c6, 0x005d, 0x00b5, 0x00fc, 0x0073, 0x0074, 0x0075,
        0x0076, 0x0077, 0x0078, 0x0079, 0x007a, 0x00a1, 0x00bf, 0x0160, 0x00dd, 0x017d, 0x00ae,
        0x00a2, 0x00a3, 0x00a5, 0x00b7, 0x00a9, 0x005b, 0x00b6, 0x00bc, 0x00bd, 0x00be, 0x00ac,
        0x007c, 0x00af, 0x00a8, 0x00b4, 0x00d7, 0x00e4, 0x0041, 0x0042, 0x0043, 0x0044, 0x0045,
        0x0046, 0x0047, 0x0048, 0x0049, 0x00ad, 0x00f4, 0x00a6, 0x00f2, 0x00f3, 0x00f5, 0x00e5,
        0x004a, 0x004b, 0x004c, 0x004d, 0x004e, 0x004f, 0x0050, 0x0051, 0x0052, 0x00b9, 0x00fb,
        0x007e, 0x00f9, 0x00fa, 0x00ff, 0x00c9, 0x00f7, 0x0053, 0x0054, 0x0055, 0x0056, 0x0057,
        0x0058, 0x0059, 0x005a, 0x00b2, 0x00d4, 0x0040, 0x00d2, 0x00d3, 0x00d5, 0x0030, 0x0031,
        0x0032, 0x0033, 0x0034, 0x0035, 0x0036, 0x0037, 0x0038, 0x0039, 0x00b3, 0x00db, 0x00dc,
        0x00d9, 0x00da, 0x009f,
    ],
    [
        0x0000, 0x0001, 0x0002, 0x0003, 0x009c, 0x0009, 0x0086, 0x007f, 0x0097, 0x008d, 0x008e,
        0x000b, 0x000c, 0x000d, 0x000e, 0x000f, 0x0010, 0x0011, 0x0012, 0x0013, 0x009d, 0x0085,
        0x0008, 0x0087, 0x0018, 0x0019, 0x0092, 0x008f, 0x001c, 0x001d, 0x001e, 0x001f, 0x0080,
        0x0081, 0x0082, 0x0083, 0x0084, 0x000a, 0x0017, 0x001b, 0x0088, 0x0089, 0x008a, 0x008b,
        0x008c, 0x0005, 0x0006, 0x0007, 0x0090, 0x0091, 0x0016, 0x0093, 0x0094, 0x0095, 0x0096,
        0x0004, 0x0098, 0x0099, 0x009a, 0x009b, 0x0014, 0x0015, 0x009e, 0x001a, 0x0020, 0x00a0,
        0x0452, 0x0491, 0x0451, 0x0454, 0x0455, 0x0456, 0x0457, 0x0458, 0x005b, 0x002e, 0x003c,
        0x0028, 0x002b, 0x0021, 0x0026, 0x0459, 0x045a, 0x045b, 0x045c, 0x045e, 0x045f, 0x042a,
        0x2116, 0x0402, 0x005d, 0x0024, 0x002a, 0x0029, 0x003b, 0x005e, 0x002d, 0x002f, 0x0490,
        0x0401, 0x0404, 0x0405, 0x0406, 0x0407, 0x0408, 0x0409, 0x007c, 0x002c, 0x0025, 0x005f,
        0x003e, 0x003f, 0x040a, 0x040b, 0x040c, 0x00ad, 0x040e, 0x040f, 0x044e, 0x0430, 0x0431,
        0x0060, 0x003a, 0x0023, 0x0040, 0x0027, 0x003d, 0x0022, 0x0446, 0x0061, 0x0062, 0x0063,
        0x0064, 0x0065, 0x0066, 0x0067, 0x0068, 0x0069, 0x0434, 0x0435, 0x0444, 0x0433, 0x0445,
        0x0438, 0x0439, 0x006a, 0x006b, 0x006c, 0x006d, 0x006e, 0x006f, 0x0070, 0x0071, 0x0072,
        0x043a, 0x043b, 0x043c, 0x043d, 0x043e, 0x043f, 0x044f, 0x007e, 0x0073, 0x0074, 0x0075,
        0x0076, 0x0077, 0x0078, 0x0079, 0x007a, 0x0440, 0x0441, 0x0442, 0x0443, 0x0436, 0x0432,
        0x044c, 0x044b, 0x0437, 0x0448, 0x044d, 0x0449, 0x0447, 0x044a, 0x042e, 0x0410, 0x0411,
        0x0426, 0x0414, 0x0415, 0x0424, 0x0413, 0x007b, 0x0041, 0x0042, 0x0043, 0x0044, 0x0045,
        0x0046, 0x0047, 0x0048, 0x0049, 0x0425, 0x0418, 0x0419, 0x041a, 0x041b, 0x041c, 0x007d,
        0x004a, 0x004b, 0x004c, 0x004d, 0x004e, 0x004f, 0x0050, 0x0051, 0x0052, 0x041d, 0x041e,
        0x041f, 0x042f, 0x0420, 0x0421, 0x005c, 0x20ac, 0x0053, 0x0054, 0x0055, 0x0056, 0x0057,
        0x0058, 0x0059, 0x005a, 0x0422, 0x0423, 0x0416, 0x0412, 0x042c, 0x042b, 0x0030, 0x0031,
        0x0032, 0x0033, 0x0034, 0x0035, 0x0036, 0x0037, 0x0038, 0x0039, 0x0417, 0x0428, 0x042d,
        0x0429, 0x0427, 0x009f,
    ],
    [
        0x0000, 0x0001, 0x0002, 0x0003, 0x009c, 0x0009, 0x0086, 0x007f, 0x0097, 0x008d, 0x008e,
        0x000b, 0x000c, 0x000d, 0x000e, 0x000f, 0x0010, 0x0011, 0x0012, 0x0013, 0x009d, 0x0085,
        0x0008, 0x0087, 0x0018, 0x0019, 0x0092, 0x008f, 0x001c, 0x001d, 0x001e, 0x001f, 0x0080,
        0x0081, 0x0082, 0x0083, 0x0084, 0x000a, 0x0017, 0x001b, 0x0088, 0x0089, 0x008a, 0x008b,
        0x008c, 0x0005, 0x0006, 0x0007, 0x0090, 0x0091, 0x0016, 0x0093, 0x0094, 0x0095, 0x0096,
        0x0004, 0x0098, 0x0099, 0x009a, 0x009b, 0x0014, 0x0015, 0x009e, 0x001a, 0x0020, 0x00a0,
        0x0e01, 0x0e02, 0x0e03, 0x0e04, 0x0e05, 0x0e06, 0x0e07, 0x005b, 0x00a2, 0x002e, 0x003c,
        0x0028, 0x002b, 0x007c, 0x0026, 0x0e48, 0x0e08, 0x0e09, 0x0e0a, 0x0e0b, 0x0e0c, 0x0e0d,
        0x0e0e, 0x005d, 0x0021, 0x0024, 0x002a, 0x0029, 0x003b, 0x00ac, 0x002d, 0x002f, 0x0e0f,
        0x0e10, 0x0e11, 0x0e12, 0x0e13, 0x0e14, 0x0e15, 0x005e, 0x00a6, 0x002c, 0x0025, 0x005f,
        0x003e, 0x003f, 0x0e3f, 0x0e4e, 0x0e16, 0x0e17, 0x0e18, 0x0e19, 0x0e1a, 0x0e1b, 0x0e1c,
        0x0060, 0x003a, 0x0023, 0x0040, 0x0027, 0x003d, 0x0022, 0x0e4f, 0x0061, 0x0062, 0x0063,
        0x0064, 0x0065, 0x0066, 0x0067, 0x0068, 0x0069, 0x0e1d, 0x0e1e, 0x0e1f, 0x0e20, 0x0e21,
        0x0e22, 0x0e5a, 0x006a, 0x006b, 0x006c, 0x006d, 0x006e, 0x006f, 0x0070, 0x0071, 0x0072,
        0x0e23, 0x0e24, 0x0e25, 0x0e26, 0x0e27, 0x0e28, 0x0e5b, 0x007e, 0x0073, 0x0074, 0x0075,
        0x0076, 0x0077, 0x0078, 0x0079, 0x007a, 0x0e29, 0x0e2a, 0x0e2b, 0x0e2c, 0x0e2d, 0x0e2e,
        0x0e50, 0x0e51, 0x0e52, 0x0e53, 0x0e54, 0x0e55, 0x0e56, 0x0e57, 0x0e58, 0x0e59, 0x0e2f,
        0x0e30, 0x0e31, 0x0e32, 0x0e33, 0x0e34, 0x007b, 0x0041, 0x0042, 0x0043, 0x0044, 0x0045,
        0x0046, 0x0047, 0x0048, 0x0049, 0x0e49, 0x0e35, 0x0e36, 0x0e37, 0x0e38, 0x0e39, 0x007d,
        0x004a, 0x004b, 0x004c, 0x004d, 0x004e, 0x004f, 0x0050, 0x0051, 0x0052, 0x0e3a, 0x0e40,
        0x0e41, 0x0e42, 0x0e43, 0x0e44, 0x005c, 0x0e4a, 0x0053, 0x0054, 0x0055, 0x0056, 0x0057,
        0x0058, 0x0059, 0x005a, 0x0e45, 0x0e46, 0x0e47, 0x0e48, 0x0e49, 0x0e4a, 0x0030, 0x0031,
        0x0032, 0x0033, 0x0034, 0x0035, 0x0036, 0x0037, 0x0038, 0x0039, 0x0e4b, 0x0e4c, 0x0e4d,
        0x0e4b, 0x20ac, 0x009f,
    ],
    [
        0x0000, 0x0001, 0x0002, 0x0003, 0x009c, 0x0009, 0x0086, 0x007f, 0x0097, 0x008d, 0x008e,
        0x000b, 0x000c, 0x000d, 0x000e, 0x000f, 0x0010, 0x0011, 0x0012, 0x0013, 0x009d, 0x0085,
        0x0008, 0x0087, 0x0018, 0x0019, 0x0092, 0x008f, 0x001c, 0x001d, 0x001e, 0x001f, 0x0080,
        0x0081, 0x0082, 0x0083, 0x0084, 0x000a, 0x0017, 0x001b, 0x0088, 0x0089, 0x008a, 0x008b,
        0x008c, 0x0005, 0x0006, 0x0007, 0x0090, 0x0091, 0x0016, 0x0093, 0x0094, 0x0095, 0x0096,
        0x0004, 0x0098, 0x0099, 0x009a, 0x009b, 0x0014, 0x0015, 0x009e, 0x001a, 0x0020, 0x00a0,
        0x00e2, 0x00e4, 0x00e0, 0x00e1, 0x0103, 0x00e5, 0x00e7, 0x00f1, 0x005b, 0x002e, 0x003c,
        0x0028, 0x002b, 0x0021, 0x0026, 0x00e9, 0x00ea, 0x00eb, 0x00e8, 0x00ed, 0x00ee, 0x00ef,
        0x0303, 0x00df, 0x005d, 0x0024, 0x002a, 0x0029, 0x003b, 0x005e, 0x002d, 0x002f, 0x00c2,
        0x00c4, 0x00c0, 0x00c1, 0x0102, 0x00c5, 0x00c7, 0x00d1, 0x00a6, 0x002c, 0x0025, 0x005f,
        0x003e, 0x003f, 0x00f8, 0x00c9, 0x00ca, 0x00cb, 0x00c8, 0x00cd, 0x00ce, 0x00cf, 0x20ab,
        0x0060, 0x003a, 0x0023, 0x0040, 0x0027, 0x003d, 0x0022, 0x00d8, 0x0061, 0x0062, 0x0063,
        0x0064, 0x0065, 0x0066, 0x0067, 0x0068, 0x0069, 0x00ab, 0x00bb, 0x0111, 0x0309, 0x0300,
        0x00b1, 0x00b0, 0x006a, 0x006b, 0x006c, 0x006d, 0x006e, 0x006f, 0x0070, 0x0071, 0x0072,
        0x00aa, 0x00ba, 0x00e6, 0x0152, 0x00c6, 0x20ac, 0x00b5, 0x007e, 0x0073, 0x0074, 0x0075,
        0x0076, 0x0077, 0x0078, 0x0079, 0x007a, 0x00a1, 0x00bf, 0x0110, 0x0323, 0x0301, 0x00ae,
        0x00a2, 0x00a3, 0x00a5, 0x00b7, 0x00a9, 0x00a7, 0x00b6, 0x00bc, 0x00bd, 0x00be, 0x00ac,
        0x007c, 0x00af, 0x0153, 0x0178, 0x00d7, 0x007b, 0x0041, 0x0042, 0x0043, 0x0044, 0x0045,
        0x0046, 0x0047, 0x0048, 0x0049, 0x00ad, 0x00f4, 0x00f6, 0x01b0, 0x00f3, 0x01a1, 0x007d,
        0x004a, 0x004b, 0x004c, 0x004d, 0x004e, 0x004f, 0x0050, 0x0051, 0x0052, 0x00b9, 0x00fb,
        0x00fc, 0x00f9, 0x00fa, 0x00ff, 0x005c, 0x00f7, 0x0053, 0x0054, 0x0055, 0x0056, 0x0057,
        0x0058, 0x0059, 0x005a, 0x00b2, 0x00d4, 0x00d6, 0x01af, 0x00d3, 0x01a0, 0x0030, 0x0031,
        0x0032, 0x0033, 0x0034, 0x0035, 0x0036, 0x0037, 0x0038, 0x0039, 0x00b3, 0x00db, 0x00dc,
        0x00d9, 0x00da, 0x009f,
    ],
    [
        0x0000, 0x0001, 0x0002, 0x0003, 0x009c, 0x0009, 0x0086, 0x007f, 0x0097, 0x008d, 0x008e,
        0x000b, 0x000c, 0x000d, 0x000e, 0x000f, 0x0010, 0x0011, 0x0012, 0x0013, 0x009d, 0x0085,
        0x0008, 0x0087, 0x0018, 0x0019, 0x0092, 0x008f, 0x001c, 0x001d, 0x001e, 0x001f, 0x0080,
        0x0081, 0x0082, 0x0083, 0x0084, 0x000a, 0x0017, 0x001b, 0x0088, 0x0089, 0x008a, 0x008b,
        0x008c, 0x0005, 0x0006, 0x0007, 0x0090, 0x0091, 0x0016, 0x0093, 0x0094, 0x0095, 0x0096,
        0x0004, 0x0098, 0x0099, 0x009a, 0x009b, 0x0014, 0x0015, 0x009e, 0x001a, 0x0020, 0xfffd,
        0xff61, 0xff62, 0xff63, 0xff64, 0xff65, 0xff66, 0xff67, 0xff68, 0x00a2, 0x002e, 0x003c,
        0x0028, 0x002b, 0x007c, 0x0026, 0xff69, 0xff6a, 0xff6b, 0xff6c, 0xff6d, 0xff6e, 0xff6f,
        0xff70, 0xff71, 0x0021, 0x0024, 0x002a, 0x0029, 0x003b, 0x00ac, 0x002d, 0x002f, 0xff72,
        0xff73, 0xff74, 0xff75, 0xff76, 0xff77, 0xff78, 0xff79, 0xfffd, 0x002c, 0x0025, 0x005f,
        0x003e, 0x003f, 0xff7a, 0xff7b, 0xff7c, 0xff7d, 0xff7e, 0xff7f, 0xff80, 0xff81, 0xff82,
        0x0060, 0x003a, 0x0023, 0x0040, 0x0027, 0x003d, 0x0022, 0xfffd, 0x0061, 0x0062, 0x0063,
        0x0064, 0x0065, 0x0066, 0x0067, 0x0068, 0x0069, 0xff83, 0xff84, 0xff85, 0xff86, 0xff87,
        0xff88, 0xfffd, 0x006a, 0x006b, 0x006c, 0x006d, 0x006e, 0x006f, 0x0070, 0x0071, 0x0072,
        0xff89, 0xff8a, 0xff8b, 0xff8c, 0xff8d, 0xff8e, 0x203e, 0x007e, 0x0073, 0x0074, 0x0075,
        0x0076, 0x0077, 0x0078, 0x0079, 0x007a, 0xff8f, 0xff90, 0xff91, 0x005b, 0xff92, 0xff93,
        0x005e, 0x00a3, 0x00a5, 0xff94, 0xff95, 0xff96, 0xff97, 0xff98, 0xff99, 0xff9a, 0xff9b,
        0xff9c, 0xff9d, 0x005d, 0xff9e, 0xff9f, 0x007b, 0x0041, 0x0042, 0x0043, 0x0044, 0x0045,
        0x0046, 0x0047, 0x0048, 0x0049, 0xfffd, 0xfffd, 0xfffd, 0xfffd, 0xfffd, 0xfffd, 0x007d,
        0x004a, 0x004b, 0x004c, 0x004d, 0x004e, 0x004f, 0x0050, 0x0051, 0x0052, 0xfffd, 0xfffd,
        0xfffd, 0xfffd, 0xfffd, 0xfffd, 0x005c, 0x20ac, 0x0053, 0x0054, 0x0055, 0x0056, 0x0057,
        0x0058, 0x0059, 0x005a, 0xfffd, 0xfffd, 0xfffd, 0xfffd, 0xfffd, 0xfffd, 0x0030, 0x0031,
        0x0032, 0x0033, 0x0034, 0x0035, 0x0036, 0x0037, 0x0038, 0x0039, 0xfffd, 0xfffd, 0xfffd,
        0xfffd, 0xfffd, 0x009f,
    ],
    [
        0x0000, 0x0001, 0x0002, 0x0003, 0x009c, 0x0009, 0x0086, 0x007f, 0x0097, 0x008d, 0x008e,
        0x000b, 0x000c, 0x000d, 0x000e, 0x000f, 0x0010, 0x0011, 0x0012, 0x0013, 0x009d, 0x0085,
        0x0008, 0x0087, 0x0018, 0x0019, 0x0092, 0x008f, 0x001c, 0x001d, 0x001e, 0x001f, 0x0080,
        0x0081, 0x0082, 0x0083, 0x0084, 0x000a, 0x0017, 0x001b, 0x0088, 0x0089, 0x008a, 0x008b,
        0x008c, 0x0005, 0x0006, 0x0007, 0x0090, 0x0091, 0x0016, 0x0093, 0x0094, 0x0095, 0x0096,
        0x0004, 0x0098, 0x0099, 0x009a, 0x009b, 0x0014, 0x0015, 0x009e, 0x001a, 0x0020, 0xff61,
        0xff62, 0xff63, 0xff64, 0xff65, 0xff66, 0xff67, 0xff68, 0xff69, 0x00a3, 0x002e, 0x003c,
        0x0028, 0x002b, 0x007c, 0x0026, 0xff6a, 0xff6b, 0xff6c, 0xff6d, 0xff6e, 0xff6f, 0xfffd,
        0xff70, 0xfffd, 0x0021, 0x00a5, 0x002a, 0x0029, 0x003b, 0x00ac, 0x002d, 0x002f, 0x0061,
        0x0062, 0x0063, 0x0064, 0x0065, 0x0066, 0x0067, 0x0068, 0xfffd, 0x002c, 0x0025, 0x005f,
        0x003e, 0x003f, 0x005b, 0x0069, 0x006a, 0x006b, 0x006c, 0x006d, 0x006e, 0x006f, 0x0070,
        0x0060, 0x003a, 0x0023, 0x0040, 0x0027, 0x003d, 0x0022, 0x005d, 0xff71, 0xff72, 0xff73,
        0xff74, 0xff75, 0xff76, 0xff77, 0xff78, 0xff79, 0xff7a, 0x0071, 0xff7b, 0xff7c, 0xff7d,
        0xff7e, 0xff7f, 0xff80, 0xff81, 0xff82, 0xff83, 0xff84, 0xff85, 0xff86, 0xff87, 0xff88,
        0xff89, 0x0072, 0xfffd, 0xff8a, 0xff8b, 0xff8c, 0x007e, 0x203e, 0xff8d, 0xff8e, 0xff8f,
        0xff90, 0xff91, 0xff92, 0xff93, 0xff94, 0xff95, 0x0073, 0xff96, 0xff97, 0xff98, 0xff99,
        0x005e, 0x00a2, 0x005c, 0x0074, 0x0075, 0x0076, 0x0077, 0x0078, 0x0079, 0x007a, 0xff9a,
        0xff9b, 0xff9c, 0xff9d, 0xff9e, 0xff9f, 0x007b, 0x0041, 0x0042, 0x0043, 0x0044, 0x0045,
        0x0046, 0x0047, 0x0048, 0x0049, 0xfffd, 0xfffd, 0xfffd, 0xfffd, 0xfffd, 0xfffd, 0x007d,
        0x004a, 0x004b, 0x004c, 0x004d, 0x004e, 0x004f, 0x0050, 0x0051, 0x0052, 0xfffd, 0xfffd,
        0xfffd, 0xfffd, 0xfffd, 0xfffd, 0x0024, 0x20ac, 0x0053, 0x0054, 0x0055, 0x0056, 0x0057,
        0x0058, 0x0059, 0x005a, 0xfffd, 0xfffd, 0xfffd, 0xfffd, 0xfffd, 0xfffd, 0x0030, 0x0031,
        0x0032, 0x0033, 0x0034, 0x0035, 0x0036, 0x0037, 0x0038, 0x0039, 0xfffd, 0xfffd, 0xfffd,
        0xfffd, 0xfffd, 0x009f,
    ],
    [
        0x0000, 0x0001, 0x0002, 0x0003, 0x009c, 0x0009, 0x0086, 0x007f, 0x0097, 0x008d, 0x008e,
        0x000b, 0x000c, 0x000d, 0x000e, 0x000f, 0x0010, 0x0011, 0x0012, 0x0013, 0x009d, 0x0085,
        0x0008, 0x0087, 0x0018, 0x0019, 0x0092, 0x008f, 0x001c, 0x001d, 0x001e, 0x001f, 0x0080,
        0x0081, 0x0082, 0x0083, 0x0084, 0x000a, 0x0017, 0x001b, 0x0088, 0x0089, 0x008a, 0x008b,
        0x008c, 0x0005, 0x0006, 0x0007, 0x0090, 0x0091, 0x0016, 0x0093, 0x0094, 0x0095, 0x0096,
        0x0004, 0x0098, 0x0099, 0x009a, 0x009b, 0x0014, 0x0015, 0x009e, 0x001a, 0x0020, 0xfffd,
        0xfffd, 0xfffd, 0xfffd, 0xfffd, 0xfffd, 0xfffd, 0xfffd, 0xfffd, 0x0024, 0x002e, 0x003c,
        0x0028, 0x002b, 0x007c, 0x05d0, 0xfffd, 0xfffd, 0xfffd, 0xfffd, 0xfffd, 0xfffd, 0xfffd,
        0xfffd, 0xfffd, 0x0021, 0x00a2, 0x002a, 0x0029, 0x003b, 0x00ac, 0x002d, 0x002f, 0xfffd,
        0xfffd, 0xfffd, 0xfffd, 0xfffd, 0xfffd, 0xfffd, 0xfffd, 0xfffd, 0x002c, 0x0025, 0x005f,
        0x003e, 0x003f, 0xfffd, 0xfffd, 0xfffd, 0xfffd, 0xfffd, 0xfffd, 0xfffd, 0xfffd, 0xfffd,
        0xfffd, 0x003a, 0x0023, 0x0040, 0x0027, 0x003d, 0x0022, 0xfffd, 0x05d1, 0x05d2, 0x05d3,
        0x05d4, 0x05d5, 0x05d6, 0x05d7, 0x05d8, 0x05d9, 0xfffd, 0xfffd, 0xfffd, 0xfffd, 0xfffd,
        0xfffd, 0xfffd, 0x05da, 0x05db, 0x05dc, 0x05dd, 0x05de, 0x05df, 0x05e0, 0x05e1, 0x05e2,
        0xfffd, 0xfffd, 0x20ac, 0xfffd, 0x20aa, 0xfffd, 0xfffd, 0xfffd, 0x05e3, 0x05e4, 0x05e5,
        0x05e6, 0x05e7, 0x05e8, 0x05e9, 0x05ea, 0xfffd, 0xfffd, 0xfffd, 0xfffd, 0xfffd, 0xfffd,
        0xfffd, 0xfffd, 0xfffd, 0xfffd, 0xfffd, 0xfffd, 0xfffd, 0xfffd, 0xfffd, 0xfffd, 0xfffd,
        0xfffd, 0xfffd, 0xfffd, 0xfffd, 0xfffd, 0xfffd, 0x0041, 0x0042, 0x0043, 0x0044, 0x0045,
        0x0046, 0x0047, 0x0048, 0x0049, 0xfffd, 0xfffd, 0xfffd, 0xfffd, 0xfffd, 0xfffd, 0xfffd,
        0x004a, 0x004b, 0x004c, 0x004d, 0x004e, 0x004f, 0x0050, 0x0051, 0x0052, 0xfffd, 0x202d,
        0x202e, 0x202c, 0xfffd, 0xfffd, 0xfffd, 0xfffd, 0x0053, 0x0054, 0x0055, 0x0056, 0x0057,
        0x0058, 0x0059, 0x005a, 0xfffd, 0xfffd, 0xfffd, 0xfffd, 0xfffd, 0xfffd, 0x0030, 0x0031,
        0x0032, 0x0033, 0x0034, 0x0035, 0x0036, 0x0037, 0x0038, 0x0039, 0xfffd, 0x202a, 0x202b,
        0x200e, 0x200f, 0x009f,
    ],
    [
        0x0000, 0x0001, 0x0002, 0x0003, 0x009c, 0x0009, 0x0086, 0x007f, 0x0097, 0x008d, 0x008e,
        0x000b, 0x000c, 0x000d, 0x000e, 0x000f, 0x0010, 0x0011, 0x0012, 0x0013, 0x009d, 0x0085,
        0x0008, 0x0087, 0x0018, 0x0019, 0x0092, 0x008f, 0x001c, 0x001d, 0x001e, 0x001f, 0x0080,
        0x0081, 0x0082, 0x0083, 0x0084, 0x000a, 0x0017, 0x001b, 0x0088, 0x0089, 0x008a, 0x008b,
        0x008c, 0x0005, 0x0006, 0x0007, 0x0090, 0x0091, 0x0016, 0x0093, 0x0094, 0x0095, 0x0096,
        0x0004, 0x0098, 0x0099, 0x009a, 0x009b, 0x0014, 0x0015, 0x009e, 0x001a, 0x0020, 0x0391,
        0x0392, 0x0393, 0x0394, 0x0395, 0x0396, 0x0397, 0x0398, 0x0399, 0x005b, 0x002e, 0x003c,
        0x0028, 0x002b, 0x0021, 0x0026, 0x039a, 0x039b, 0x039c, 0x039d, 0x039e, 0x039f, 0x03a0,
        0x03a1, 0x03a3, 0x005d, 0x0024, 0x002a, 0x0029, 0x003b, 0x005e, 0x002d, 0x002f, 0x03a4,
        0x03a5, 0x03a6, 0x03a7, 0x03a8, 0x03a9, 0x03aa, 0x03ab, 0x007c, 0x002c, 0x0025, 0x005f,
        0x003e, 0x003f, 0x00a8, 0x0386, 0x0388, 0x0389, 0x00a0, 0x038a, 0x038c, 0x038e, 0x038f,
        0x0060, 0x003a, 0x0023, 0x0040, 0x0027, 0x003d, 0x0022, 0x0385, 0x0061, 0x0062, 0x0063,
        0x0064, 0x0065, 0x0066, 0x0067, 0x0068, 0x0069, 0x03b1, 0x03b2, 0x03b3, 0x03b4, 0x03b5,
        0x03b6, 0x00b0, 0x006a, 0x006b, 0x006c, 0x006d, 0x006e, 0x006f, 0x0070, 0x0071, 0x0072,
        0x03b7, 0x03b8, 0x03b9, 0x03ba, 0x03bb, 0x03bc, 0x00b4, 0x007e, 0x0073, 0x0074, 0x0075,
        0x0076, 0x0077, 0x0078, 0x0079, 0x007a, 0x03bd, 0x03be, 0x03bf, 0x03c0, 0x03c1, 0x03c3,
        0x00a3, 0x03ac, 0x03ad, 0x03ae, 0x03ca, 0x03af, 0x03cc, 0x03cd, 0x03cb, 0x03ce, 0x03c2,
        0x03c4, 0x03c5, 0x03c6, 0x03c7, 0x03c8, 0x007b, 0x0041, 0x0042, 0x0043, 0x0044, 0x0045,
        0x0046, 0x0047, 0x0048, 0x0049, 0x00ad, 0x03c9, 0x0390, 0x03b0, 0x2018, 0x2015, 0x007d,
        0x004a, 0x004b, 0x004c, 0x004d, 0x004e, 0x004f, 0x0050, 0x0051, 0x0052, 0x00b1, 0x00bd,
        0xfffd, 0x0387, 0x2019, 0x00a6, 0x005c, 0xfffd, 0x0053, 0x0054, 0x0055, 0x0056, 0x0057,
        0x0058, 0x0059, 0x005a, 0x00b2, 0x00a7, 0xfffd, 0xfffd, 0x00ab, 0x00ac, 0x0030, 0x0031,
        0x0032, 0x0033, 0x0034, 0x0035, 0x0036, 0x0037, 0x0038, 0x0039, 0x00b3, 0x00a9, 0x20ac,
        0xfffd, 0x00bb, 0x009f,
    ],
    [
        0x0000, 0x0001, 0x0002, 0x0003, 0x009c, 0x0009, 0x0086, 0x007f, 0x0097, 0x008d, 0x008e,
        0x000b, 0x000c, 0x000d, 0x000e, 0x000f, 0x0010, 0x0011, 0x0012, 0x0013, 0x009d, 0x0085,
        0x0008, 0x0087, 0x0018, 0x0019, 0x0092, 0x008f, 0x001c, 0x001d, 0x001e, 0x001f, 0x0080,
        0x0081, 0x0082, 0x0083, 0x0084, 0x000a, 0x0017, 0x001b, 0x0088, 0x0089, 0x008a, 0x008b,
        0x008c, 0x0005, 0x0006, 0x0007, 0x0090, 0x0091, 0x0016, 0x0093, 0x0094, 0x0095, 0x0096,
        0x0004, 0x0098, 0x0099, 0x009a, 0x009b, 0x0014, 0x0015, 0x009e, 0x001a, 0x0020, 0x0391,
        0x0392, 0x0393, 0x0394, 0x0395, 0x0396, 0x0397, 0x0398, 0x0399, 0x005b, 0x002e, 0x003c,
        0x0028, 0x002b, 0x0021, 0x0026, 0x039a, 0x039b, 0x039c, 0x039d, 0x039e, 0x039f, 0x03a0,
        0x03a1, 0x03a3, 0x005d, 0x0024, 0x002a, 0x0029, 0x003b, 0x005e, 0x002d, 0x002f, 0x03a4,
        0x03a5, 0x03a6, 0x03a7, 0x03a8, 0x03a9, 0x03aa, 0x03ab, 0x007c, 0x002c, 0x0025, 0x005f,
        0x003e, 0x003f, 0x00a8, 0x0386, 0x0388, 0x0389, 0x00a0, 0x038a, 0x038c, 0x038e, 0x038f,
        0x0060, 0x003a, 0x0023, 0x0040, 0x0027, 0x003d, 0x0022, 0x0385, 0x0061, 0x0062, 0x0063,
        0x0064, 0x0065, 0x0066, 0x0067, 0x0068, 0x0069, 0x03b1, 0x03b2, 0x03b3, 0x03b4, 0x03b5,
        0x03b6, 0x00b0, 0x006a, 0x006b, 0x006c, 0x006d, 0x006e, 0x006f, 0x0070, 0x0071, 0x0072,
        0x03b7, 0x03b8, 0x03b9, 0x03ba, 0x03bb, 0x03bc, 0x00b4, 0x007e, 0x0073, 0x0074, 0x0075,
        0x0076, 0x0077, 0x0078, 0x0079, 0x007a, 0x03bd, 0x03be, 0x03bf, 0x03c0, 0x03c1, 0x03c3,
        0x00a3, 0x03ac, 0x03ad, 0x03ae, 0x03ca, 0x03af, 0x03cc, 0x03cd, 0x03cb, 0x03ce, 0x03c2,
        0x03c4, 0x03c5, 0x03c6, 0x03c7, 0x03c8, 0x007b, 0x0041, 0x0042, 0x0043, 0x0044, 0x0045,
        0x0046, 0x0047, 0x0048, 0x0049, 0x00ad, 0x03c9, 0x0390, 0x03b0, 0x2018, 0x2015, 0x007d,
        0x004a, 0x004b, 0x004c, 0x004d, 0x004e, 0x004f, 0x0050, 0x0051, 0x0052, 0x00b1, 0x00bd,
        0xfffd, 0x0387, 0x2019, 0x00a6, 0x005c, 0x20af, 0x0053, 0x0054, 0x0055, 0x0056, 0x0057,
        0x0058, 0x0059, 0x005a, 0x00b2, 0x00a7, 0x037a, 0xfffd, 0x00ab, 0x00ac, 0x0030, 0x0031,
        0x0032, 0x0033, 0x0034, 0x0035, 0x0036, 0x0037, 0x0038, 0x0039, 0x00b3, 0x00a9, 0x20ac,
        0xfffd, 0x00bb, 0x009f,
    ],
    [
        0x0000, 0x0001, 0x0002, 0x0003, 0x009c, 0x0009, 0x0086, 0x007f, 0x0097, 0x008d, 0x008e,
        0x000b, 0x000c, 0x000d, 0x000e, 0x000f, 0x0010, 0x0011, 0x0012, 0x0013, 0x009d, 0x0085,
        0x0008, 0x0087, 0x0018, 0x0019, 0x0092, 0x008f, 0x001c, 0x001d, 0x001e, 0x001f, 0x0080,
        0x0081, 0x0082, 0x0083, 0x0084, 0x000a, 0x0017, 0x001b, 0x0088, 0x0089, 0x008a, 0x008b,
        0x008c, 0x0005, 0x0006, 0x0007, 0x0090, 0x0091, 0x0016, 0x0093, 0x0094, 0x0095, 0x0096,
        0x0004, 0x0098, 0x0099, 0x009a, 0x009b, 0x0014, 0x0015, 0x009e, 0x001a, 0x0020, 0x05d0,
        0x05d1, 0x05d2, 0x05d3, 0x05d4, 0x05d5, 0x05d6, 0x05d7, 0x05d8, 0x00a2, 0x002e, 0x003c,
        0x0028, 0x002b, 0x007c, 0x0026, 0x05d9, 0x05da, 0x05db, 0x05dc, 0x05dd, 0x05de, 0x05df,
        0x05e0, 0x05e1, 0x0021, 0x0024, 0x002a, 0x0029, 0x003b, 0x00ac, 0x002d, 0x002f, 0x05e2,
        0x05e3, 0x05e4, 0x05e5, 0x05e6, 0x05e7, 0x05e8, 0x05e9, 0x00a6, 0x002c, 0x0025, 0x005f,
        0x003e, 0x003f, 0xfffd, 0x05ea, 0xfffd, 0xfffd, 0x00a0, 0xfffd, 0xfffd, 0xfffd, 0x2017,
        0x0060, 0x003a, 0x0023, 0x0040, 0x0027, 0x003d, 0x0022, 0xfffd, 0x0061, 0x0062, 0x0063,
        0x0064, 0x0065, 0x0066, 0x0067, 0x0068, 0x0069, 0x00ab, 0x00bb, 0xfffd, 0xfffd, 0xfffd,
        0x00b1, 0x00b0, 0x006a, 0x006b, 0x006c, 0x006d, 0x006e, 0x006f, 0x0070, 0x0071, 0x0072,
        0xfffd, 0xfffd, 0x20ac, 0x00b8, 0x20aa, 0x00a4, 0x00b5, 0x007e, 0x0073, 0x0074, 0x0075,
        0x0076, 0x0077, 0x0078, 0x0079, 0x007a, 0xfffd, 0xfffd, 0xfffd, 0xfffd, 0xfffd, 0x00ae,
        0x005e, 0x00a3, 0x00a5, 0x2022, 0x00a9, 0x00a7, 0x00b6, 0x00bc, 0x00bd, 0x00be, 0x005b,
        0x005d, 0x203e, 0x00a8, 0x00b4, 0x00d7, 0x007b, 0x0041, 0x0042, 0x0043, 0x0044, 0x0045,
        0x0046, 0x0047, 0x0048, 0x0049, 0x00ad, 0xfffd, 0xfffd, 0xfffd, 0xfffd, 0xfffd, 0x007d,
        0x004a, 0x004b, 0x004c, 0x004d, 0x004e, 0x004f, 0x0050, 0x0051, 0x0052, 0x00b9, 0x202d,
        0x202e, 0x202c, 0xfffd, 0xfffd, 0x005c, 0x00f7, 0x0053, 0x0054, 0x0055, 0x0056, 0x0057,
        0x0058, 0x0059, 0x005a, 0x00b2, 0xfffd, 0xfffd, 0xfffd, 0xfffd, 0xfffd, 0x0030, 0x0031,
        0x0032, 0x0033, 0x0034, 0x0035, 0x0036, 0x0037, 0x0038, 0x0039, 0x00b3, 0x202a, 0x202b,
        0x200e, 0x200f, 0x009f,
    ],
    [
        0x0000, 0x0001, 0x0002, 0x0003, 0x009c, 0x0009, 0x0086, 0x007f, 0x0097, 0x008d, 0x008e,
        0x000b, 0x000c, 0x000d, 0x000e, 0x000f, 0x0010, 0x0011, 0x0012, 0x0013, 0x009d, 0x0085,
        0x0008, 0x0087, 0x0018, 0x0019, 0x0092, 0x008f, 0x001c, 0x001d, 0x001e, 0x001f, 0x0080,
        0x0081, 0x0082, 0x0083, 0x0084, 0x000a, 0x0017, 0x001b, 0x0088, 0x0089, 0x008a, 0x008b,
        0x008c, 0x0005, 0x0006, 0x0007, 0x0090, 0x0091, 0x0016, 0x0093, 0x0094, 0x0095, 0x0096,
        0x0004, 0x0098, 0x0099, 0x009a, 0x009b, 0x0014, 0x0015, 0x009e, 0x001a, 0x0020, 0x00a0,
        0x0651, 0xfe7d, 0x0640, 0x200b, 0x0621, 0x0622, 0xfe82, 0x0623, 0x00a2, 0x002e, 0x003c,
        0x0028, 0x002b, 0x007c, 0x0026, 0xfe84, 0x0624, 0xfffd, 0xfffd, 0x0626, 0x0627, 0xfe8e,
        0x0628, 0xfe91, 0x0021, 0x0024, 0x002a, 0x0029, 0x003b, 0x00ac, 0x002d, 0x002f, 0x0629,
        0x062a, 0xfe97, 0x062b, 0xfe9b, 0x062c, 0xfe9f, 0x062d, 0x00a6, 0x002c, 0x0025, 0x005f,
        0x003e, 0x003f, 0xfea3, 0x062e, 0xfea7, 0x062f, 0x0630, 0x0631, 0x0632, 0x0633, 0xfeb3,
        0x060c, 0x003a, 0x0023, 0x0040, 0x0027, 0x003d, 0x0022, 0x0634, 0x0061, 0x0062, 0x0063,
        0x0064, 0x0065, 0x0066, 0x0067, 0x0068, 0x0069, 0xfeb7, 0x0635, 0xfebb, 0x0636, 0xfebf,
        0x0637, 0x0638, 0x006a, 0x006b, 0x006c, 0x006d, 0x006e, 0x006f, 0x0070, 0x0071, 0x0072,
        0x0639, 0xfeca, 0xfecb, 0xfecc, 0x063a, 0xfece, 0xfecf, 0x00f7, 0x0073, 0x0074, 0x0075,
        0x0076, 0x0077, 0x0078, 0x0079, 0x007a, 0xfed0, 0x0641, 0xfed3, 0x0642, 0xfed7, 0x0643,
        0xfedb, 0x0644, 0xfef5, 0xfef6, 0xfef7, 0xfef8, 0xfffd, 0xfffd, 0xfefb, 0xfefc, 0xfedf,
        0x0645, 0xfee3, 0x0646, 0xfee7, 0x0647, 0x061b, 0x0041, 0x0042, 0x0043, 0x0044, 0x0045,
        0x0046, 0x0047, 0x0048, 0x0049, 0x00ad, 0xfeeb, 0xfffd, 0xfeec, 0xfffd, 0x0648, 0x061f,
        0x004a, 0x004b, 0x004c, 0x004d, 0x004e, 0x004f, 0x0050, 0x0051, 0x0052, 0x0649, 0xfef0,
        0x064a, 0xfef2, 0xfef3, 0x0660, 0x00d7, 0x2007, 0x0053, 0x0054, 0x0055, 0x0056, 0x0057,
        0x0058, 0x0059, 0x005a, 0x0661, 0x0662, 0xfffd, 0x0663, 0x0664, 0x0665, 0x0030, 0x0031,
        0x0032, 0x0033, 0x0034, 0x0035, 0x0036, 0x0037, 0x0038, 0x0039, 0x20ac, 0x0666, 0x0667,
        0x0668, 0x0669, 0x009f,
    ],
    [
        0x0000, 0x0001, 0x0002, 0x0003, 0x009c, 0x0009, 0x0086, 0x007f, 0x0097, 0x008d, 0x008e,
        0x000b, 0x000c, 0x000d, 0x000e, 0x000f, 0x0010, 0x0011, 0x0012, 0x0013, 0x009d, 0x000a,
        0x0008, 0x0087, 0x0018, 0x0019, 0x0092, 0x008f, 0x001c, 0x001d, 0x001e, 0x001f, 0x0080,
        0x0081, 0x0082, 0x0083, 0x0084, 0x0085, 0x0017, 0x001b, 0x0088, 0x0089, 0x008a, 0x008b,
        0x008c, 0x0005, 0x0006, 0x0007, 0x0090, 0x0091, 0x0016, 0x0093, 0x0094, 0x0095, 0x0096,
        0x0004, 0x0098, 0x0099, 0x009a, 0x009b, 0x0014, 0x0015, 0x009e, 0x001a, 0x0020, 0x00a0,
        0x00e2, 0x00e4, 0x00e0, 0x00e1, 0x00e3, 0x00e5, 0x00e7, 0x00f1, 0x00a2, 0x002e, 0x003c,
        0x0028, 0x002b, 0x007c, 0x0026, 0x00e9, 0x00ea, 0x00eb, 0x00e8, 0x00ed, 0x00ee, 0x00ef,
        0x00ec, 0x00df, 0x0021, 0x0024, 0x002a, 0x0029, 0x003b, 0x00ac, 0x002d, 0x002f, 0x00c2,
        0x00c4, 0x00c0, 0x00c1, 0x00c3, 0x00c5, 0x00c7, 0x00d1, 0x00a6, 0x002c, 0x0025, 0x005f,
        0x003e, 0x003f, 0x00f8, 0x00c9, 0x00ca, 0x00cb, 0x00c8, 0x00cd, 0x00ce, 0x00cf, 0x00cc,
        0x0060, 0x003a, 0x0023, 0x0040, 0x0027, 0x003d, 0x0022, 0x00d8, 0x0061, 0x0062, 0x0063,
        0x0064, 0x0065, 0x0066, 0x0067, 0x0068, 0x0069, 0x00ab, 0x00bb, 0x00f0, 0x00fd, 0x00fe,
        0x00b1, 0x00b0, 0x006a, 0x006b, 0x006c, 0x006d, 0x006e, 0x006f, 0x0070, 0x0071, 0x0072,
        0x00aa, 0x00ba, 0x00e6, 0x00b8, 0x00c6, 0x00a4, 0x00b5, 0x007e, 0x0073, 0x0074, 0x0075,
        0x0076, 0x0077, 0x0078, 0x0079, 0x007a, 0x00a1, 0x00bf, 0x00d0, 0x00dd, 0x00de, 0x00ae,
        0x005e, 0x00a3, 0x00a5, 0x00b7, 0x00a9, 0x00a7, 0x00b6, 0x00bc, 0x00bd, 0x00be, 0x005b,
        0x005d, 0x00af, 0x00a8, 0x00b4, 0x00d7, 0x007b, 0x0041, 0x0042, 0x0043, 0x0044, 0x0045,
        0x0046, 0x0047, 0x0048, 0x0049, 0x00ad, 0x00f4, 0x00f6, 0x00f2, 0x00f3, 0x00f5, 0x007d,
        0x004a, 0x004b, 0x004c, 0x004d, 0x004e, 0x004f, 0x0050, 0x0051, 0x0052, 0x00b9, 0x00fb,
        0x00fc, 0x00f9, 0x00fa, 0x00ff, 0x005c, 0x00f7, 0x0053, 0x0054, 0x0055, 0x0056, 0x0057,
        0x0058, 0x0059, 0x005a, 0x00b2, 0x00d4, 0x00d6, 0x00d2, 0x00d3, 0x00d5, 0x0030, 0x0031,
        0x0032, 0x0033, 0x0034, 0x0035, 0x0036, 0x0037, 0x0038, 0x0039, 0x00b3, 0x00db, 0x00dc,
        0x00d9, 0x00da, 0x009f,
    ],
    [
        0x0000, 0x0001, 0x0002, 0x0003, 0x009c, 0x0009, 0x0086, 0x007f, 0x0097, 0x008d, 0x008e,
        0x000b, 0x000c, 0x000d, 0x000e, 0x000f, 0x0010, 0x0011, 0x0012, 0x0013, 0x009d, 0x000a,
        0x0008, 0x0087, 0x0018, 0x0019, 0x0092, 0x008f, 0x001c, 0x001d, 0x001e, 0x001f, 0x0080,
        0x0081, 0x0082, 0x0083, 0x0084, 0x0085, 0x0017, 0x001b, 0x0088, 0x0089, 0x008a, 0x008b,
        0x008c, 0x0005, 0x0006, 0x0007, 0x0090, 0x0091, 0x0016, 0x0093, 0x0094, 0x0095, 0x0096,
        0x0004, 0x0098, 0x0099, 0x009a, 0x009b, 0x0014, 0x0015, 0x009e, 0x001a, 0x0020, 0x00a0,
        0x00e2, 0x00e4, 0x00e0, 0x00e1, 0x00e3, 0x00e5, 0x00e7, 0x00f1, 0x00a2, 0x002e, 0x003c,
        0x0028, 0x002b, 0x007c, 0x0026, 0x00e9, 0x00ea, 0x00eb, 0x00e8, 0x00ed, 0x00ee, 0x00ef,
        0x00ec, 0x00df, 0x0021, 0x0024, 0x002a, 0x0029, 0x003b, 0x005e, 0x002d, 0x002f, 0x00c2,
        0x00c4, 0x00c0, 0x00c1, 0x00c3, 0x00c5, 0x00c7, 0x00d1, 0x00a6, 0x002c, 0x0025, 0x005f,
        0x003e, 0x003f, 0x00f8, 0x00c9, 0x00ca, 0x00cb, 0x00c8, 0x00cd, 0x00ce, 0x00cf, 0x00cc,
        0x0060, 0x003a, 0x0023, 0x0040, 0x0027, 0x003d, 0x0022, 0x00d8, 0x0061, 0x0062, 0x0063,
        0x0064, 0x0065, 0x0066, 0x0067, 0x0068, 0x0069, 0x00ab, 0x00bb, 0x00f0, 0x00fd, 0x00fe,
        0x00b1, 0x00b0, 0x006a, 0x006b, 0x006c, 0x006d, 0x006e, 0x006f, 0x0070, 0x0071, 0x0072,
        0x00aa, 0x00ba, 0x00e6, 0x00b8, 0x00c6, 0x00a4, 0x00b5, 0x007e, 0x0073, 0x0074, 0x0075,
        0x0076, 0x0077, 0x0078, 0x0079, 0x007a, 0x00a1, 0x00bf, 0x00d0, 0x005b, 0x00de, 0x00ae,
        0x00ac, 0x00a3, 0x00a5, 0x00b7, 0x00a9, 0x00a7, 0x00b6, 0x00bc, 0x00bd, 0x00be, 0x00dd,
        0x00a8, 0x00af, 0x005d, 0x00b4, 0x00d7, 0x007b, 0x0041, 0x0042, 0x0043, 0x0044, 0x0045,
        0x0046, 0x0047, 0x0048, 0x0049, 0x00ad, 0x00f4, 0x00f6, 0x00f2, 0x00f3, 0x00f5, 0x007d,
        0x004a, 0x004b, 0x004c, 0x004d, 0x004e, 0x004f, 0x0050, 0x0051, 0x0052, 0x00b9, 0x00fb,
        0x00fc, 0x00f9, 0x00fa, 0x00ff, 0x005c, 0x00f7, 0x0053, 0x0054, 0x0055, 0x0056, 0x0057,
        0x0058, 0x0059, 0x005a, 0x00b2, 0x00d4, 0x00d6, 0x00d2, 0x00d3, 0x00d5, 0x0030, 0x0031,
        0x0032, 0x0033, 0x0034, 0x0035, 0x0036, 0x0037, 0x0038, 0x0039, 0x00b3, 0x00db, 0x00dc,
        0x00d9, 0x00da, 0x009f,
    ],
    [
        0x0000, 0x0001, 0x0002, 0x0003, 0x009c, 0x0009, 0x0086, 0x007f, 0x0097, 0x008d, 0x008e,
        0x000b, 0x000c, 0x000d, 0x000e, 0x000f, 0x0010, 0x0011, 0x0012, 0x0013, 0x009d, 0x000a,
        0x0008, 0x0087, 0x0018, 0x0019, 0x0092, 0x008f, 0x001c, 0x001d, 0x001e, 0x001f, 0x0080,
        0x0081, 0x0082, 0x0083, 0x0084, 0x0085, 0x0017, 0x001b, 0x0088, 0x0089, 0x008a, 0x008b,
        0x008c, 0x0005, 0x0006, 0x0007, 0x0090, 0x0091, 0x0016, 0x0093, 0x0094, 0x0095, 0x0096,
        0x0004, 0x0098, 0x0099, 0x009a, 0x009b, 0x0014, 0x0015, 0x009e, 0x001a, 0x0020, 0x00a0,
        0x00e2, 0x00e4, 0x00e0, 0x00e1, 0x00e3, 0x00e5, 0x00e7, 0x00f1, 0x00a2, 0x002e, 0x003c,
        0x0028, 0x002b, 0x007c, 0x0026, 0x00e9, 0x00ea, 0x00eb, 0x00e8, 0x00ed, 0x00ee, 0x00ef,
        0x00ec, 0x00df, 0x0021, 0x0024, 0x002a, 0x0029, 0x003b, 0x00ac, 0x002d, 0x002f, 0x00c2,
        0x00c4, 0x00c0, 0x00c1, 0x00c3, 0x00c5, 0x00c7, 0x00d1, 0x00a6, 0x002c, 0x0025, 0x005f,
        0x003e, 0x003f, 0x00f8, 0x00c9, 0x00ca, 0x00cb, 0x00c8, 0x00cd, 0x00ce, 0x00cf, 0x00cc,
        0x0060, 0x003a, 0x0023, 0x0040, 0x0027, 0x003d, 0x0022, 0x00d8, 0x0061, 0x0062, 0x0063,
        0x0064, 0x0065, 0x0066, 0x0067, 0x0068, 0x0069, 0x00ab, 0x00bb, 0x00f0, 0x00fd, 0x00fe,
        0x00b1, 0x00b0, 0x006a, 0x006b, 0x006c, 0x006d, 0x006e, 0x006f, 0x0070, 0x0071, 0x0072,
        0x00aa, 0x00ba, 0x00e6, 0x00b8, 0x00c6, 0x20ac, 0x00b5, 0x007e, 0x0073, 0x0074, 0x0075,
        0x0076, 0x0077, 0x0078, 0x0079, 0x007a, 0x00a1, 0x00bf, 0x00d0, 0x00dd, 0x00de, 0x00ae,
        0x005e, 0x00a3, 0x00a5, 0x00b7, 0x00a9, 0x00a7, 0x00b6, 0x00bc, 0x00bd, 0x00be, 0x005b,
        0x005d, 0x00af, 0x00a8, 0x00b4, 0x00d7, 0x007b, 0x0041, 0x0042, 0x0043, 0x0044, 0x0045,
        0x0046, 0x0047, 0x0048, 0x0049, 0x00ad, 0x00f4, 0x00f6, 0x00f2, 0x00f3, 0x00f5, 0x007d,
        0x004a, 0x004b, 0x004c, 0x004d, 0x004e, 0x004f, 0x0050, 0x0051, 0x0052, 0x00b9, 0x00fb,
        0x00fc, 0x00f9, 0x00fa, 0x00ff, 0x005c, 0x00f7, 0x0053, 0x0054, 0x0055, 0x0056, 0x0057,
        0x0058, 0x0059, 0x005a, 0x00b2, 0x00d4, 0x00d6, 0x00d2, 0x00d3, 0x00d5, 0x0030, 0x0031,
        0x0032, 0x0033, 0x0034, 0x0035, 0x0036, 0x0037, 0x0038, 0x0039, 0x00b3, 0x00db, 0x00dc,
        0x00d9, 0x00da, 0x009f,
    ],
    [
        0x0000, 0x0001, 0x0002, 0x0003, 0x009c, 0x0009, 0x0086, 0x007f, 0x0097, 0x008d, 0x008e,
        0x000b, 0x000c, 0x000d, 0x000e, 0x000f, 0x0010, 0x0011, 0x0012, 0x0013, 0x009d, 0x000a,
        0x0008, 0x0087, 0x0018, 0x0019, 0x0092, 0x008f, 0x001c, 0x001d, 0x001e, 0x001f, 0x0080,
        0x0081, 0x0082, 0x0083, 0x0084, 0x0085, 0x0017, 0x001b, 0x0088, 0x0089, 0x008a, 0x008b,
        0x008c, 0x0005, 0x0006, 0x0007, 0x0090, 0x0091, 0x0016, 0x0093, 0x0094, 0x0095, 0x0096,
        0x0004, 0x0098, 0x0099, 0x009a, 0x009b, 0x0014, 0x0015, 0x009e, 0x001a, 0x0020, 0x00a0,
        0x00e2, 0x007b, 0x00e0, 0x00e1, 0x00e3, 0x00e5, 0x00e7, 0x00f1, 0x00c4, 0x002e, 0x003c,
        0x0028, 0x002b, 0x0021, 0x0026, 0x00e9, 0x00ea, 0x00eb, 0x00e8, 0x00ed, 0x00ee, 0x00ef,
        0x00ec, 0x007e, 0x00dc, 0x0024, 0x002a, 0x0029, 0x003b, 0x005e, 0x002d, 0x002f, 0x00c2,
        0x005b, 0x00c0, 0x00c1, 0x00c3, 0x00c5, 0x00c7, 0x00d1, 0x00f6, 0x002c, 0x0025, 0x005f,
        0x003e, 0x003f, 0x00f8, 0x00c9, 0x00ca, 0x00cb, 0x00c8, 0x00cd, 0x00ce, 0x00cf, 0x00cc,
        0x0060, 0x003a, 0x0023, 0x00a7, 0x0027, 0x003d, 0x0022, 0x00d8, 0x0061, 0x0062, 0x0063,
        0x0064, 0x0065, 0x0066, 0x0067, 0x0068, 0x0069, 0x00ab, 0x00bb, 0x00f0, 0x00fd, 0x00fe,
        0x00b1, 0x00b0, 0x006a, 0x006b, 0x006c, 0x006d, 0x006e, 0x006f, 0x0070, 0x0071, 0x0072,
        0x00aa, 0x00ba, 0x00e6, 0x00b8, 0x00c6, 0x20ac, 0x00b5, 0x00df, 0x0073, 0x0074, 0x0075,
        0x0076, 0x0077, 0x0078, 0x0079, 0x007a, 0x00a1, 0x00bf, 0x00d0, 0x00dd, 0x00de, 0x00ae,
        0x00a2, 0x00a3, 0x00a5, 0x00b7, 0x00a9, 0x0040, 0x00b6, 0x00bc, 0x00bd, 0x00be, 0x00ac,
        0x007c, 0x00af, 0x00a8, 0x00b4, 0x00d7, 0x00e4, 0x0041, 0x0042, 0x0043, 0x0044, 0x0045,
        0x0046, 0x0047, 0x0048, 0x0049, 0x00ad, 0x00f4, 0x00a6, 0x00f2, 0x00f3, 0x00f5, 0x00fc,
        0x004a, 0x004b, 0x004c, 0x004d, 0x004e, 0x004f, 0x0050, 0x0051, 0x0052, 0x00b9, 0x00fb,
        0x007d, 0x00f9, 0x00fa, 0x00ff, 0x00d6, 0x00f7, 0x0053, 0x0054, 0x0055, 0x0056, 0x0057,
        0x0058, 0x0059, 0x005a, 0x00b2, 0x00d4, 0x005c, 0x00d2, 0x00d3, 0x00d5, 0x0030, 0x0031,
        0x0032, 0x0033, 0x0034, 0x0035, 0x0036, 0x0037, 0x0038, 0x0039, 0x00b3, 0x00db, 0x005d,
        0x00d9, 0x00da, 0x009f,
    ],
    [
        0x0000, 0x0001, 0x0002, 0x0003, 0x009c, 0x0009, 0x0086, 0x007f, 0x0097, 0x008d, 0x008e,
        0x000b, 0x000c, 0x000d, 0x000e, 0x000f, 0x0010, 0x0011, 0x0012, 0x0013, 0x009d, 0x000a,
        0x0008, 0x0087, 0x0018, 0x0019, 0x0092, 0x008f, 0x001c, 0x001d, 0x001e, 0x001f, 0x0080,
        0x0081, 0x0082, 0x0083, 0x0084, 0x0085, 0x0017, 0x001b, 0x0088, 0x0089, 0x008a, 0x008b,
        0x008c, 0x0005, 0x0006, 0x0007, 0x0090, 0x0091, 0x0016, 0x0093, 0x0094, 0x0095, 0x0096,
        0x0004, 0x0098, 0x0099, 0x009a, 0x009b, 0x0014, 0x0015, 0x009e, 0x001a, 0x0020, 0x00a0,
        0x00e2, 0x00e4, 0x00e0, 0x00e1, 0x00e3, 0x007d, 0x00e7, 0x00f1, 0x0023, 0x002e, 0x003c,
        0x0028, 0x002b, 0x0021, 0x0026, 0x00e9, 0x00ea, 0x00eb, 0x00e8, 0x00ed, 0x00ee, 0x00ef,
        0x00ec, 0x00df, 0x20ac, 0x00c5, 0x002a, 0x0029, 0x003b, 0x005e, 0x002d, 0x002f, 0x00c2,
        0x00c4, 0x00c0, 0x00c1, 0x00c3, 0x0024, 0x00c7, 0x00d1, 0x00f8, 0x002c, 0x0025, 0x005f,
        0x003e, 0x003f, 0x00a6, 0x00c9, 0x00ca, 0x00cb, 0x00c8, 0x00cd, 0x00ce, 0x00cf, 0x00cc,
        0x0060, 0x003a, 0x00c6, 0x00d8, 0x0027, 0x003d, 0x0022, 0x0040, 0x0061, 0x0062, 0x0063,
        0x0064, 0x0065, 0x0066, 0x0067, 0x0068, 0x0069, 0x00ab, 0x00bb, 0x00f0, 0x00fd, 0x00fe,
        0x00b1, 0x00b0, 0x006a, 0x006b, 0x006c, 0x006d, 0x006e, 0x006f, 0x0070, 0x0071, 0x0072,
        0x00aa, 0x00ba, 0x007b, 0x00b8, 0x005b, 0x005d, 0x00b5, 0x00fc, 0x0073, 0x0074, 0x0075,
        0x0076, 0x0077, 0x0078, 0x0079, 0x007a, 0x00a1, 0x00bf, 0x00d0, 0x00dd, 0x00de, 0x00ae,
        0x00a2, 0x00a3, 0x00a5, 0x00b7, 0x00a9, 0x00a7, 0x00b6, 0x00bc, 0x00bd, 0x00be, 0x00ac,
        0x007c, 0x00af, 0x00a8, 0x00b4, 0x00d7, 0x00e6, 0x0041, 0x0042, 0x0043, 0x0044, 0x0045,
        0x0046, 0x0047, 0x0048, 0x0049, 0x00ad, 0x00f4, 0x00f6, 0x00f2, 0x00f3, 0x00f5, 0x00e5,
        0x004a, 0x004b, 0x004c, 0x004d, 0x004e, 0x004f, 0x0050, 0x0051, 0x0052, 0x00b9, 0x00fb,
        0x007e, 0x00f9, 0x00fa, 0x00ff, 0x005c, 0x00f7, 0x0053, 0x0054, 0x0055, 0x0056, 0x0057,
        0x0058, 0x0059, 0x005a, 0x00b2, 0x00d4, 0x00d6, 0x00d2, 0x00d3, 0x00d5, 0x0030, 0x0031,
        0x0032, 0x0033, 0x0034, 0x0035, 0x0036, 0x0037, 0x0038, 0x0039, 0x00b3, 0x00db, 0x00dc,
        0x00d9, 0x00da, 0x009f,
    ],
    [
        0x0000, 0x0001, 0x0002, 0x0003, 0x009c, 0x0009, 0x0086, 0x007f, 0x0097, 0x008d, 0x008e,
        0x000b, 0x000c, 0x000d, 0x000e, 0x000f, 0x0010, 0x0011, 0x0012, 0x0013, 0x009d, 0x000a,
        0x0008, 0x0087, 0x0018, 0x0019, 0x0092, 0x008f, 0x001c, 0x001d, 0x001e, 0x001f, 0x0080,
        0x0081, 0x0082, 0x0083, 0x0084, 0x0085, 0x0017, 0x001b, 0x0088, 0x0089, 0x008a, 0x008b,
        0x008c, 0x0005, 0x0006, 0x0007, 0x0090, 0x0091, 0x0016, 0x0093, 0x0094, 0x0095, 0x0096,
        0x0004, 0x0098, 0x0099, 0x009a, 0x009b, 0x0014, 0x0015, 0x009e, 0x001a, 0x0020, 0x00a0,
        0x00e2, 0x007b, 0x00e0, 0x00e1, 0x00e3, 0x007d, 0x00e7, 0x00f1, 0x00a7, 0x002e, 0x003c,
        0x0028, 0x002b, 0x0021, 0x0026, 0x0060, 0x00ea, 0x00eb, 0x00e8, 0x00ed, 0x00ee, 0x00ef,
        0x00ec, 0x00df, 0x20ac, 0x00c5, 0x002a, 0x0029, 0x003b, 0x005e, 0x002d, 0x002f, 0x00c2,
        0x0023, 0x00c0, 0x00c1, 0x00c3, 0x0024, 0x00c7, 0x00d1, 0x00f6, 0x002c, 0x0025, 0x005f,
        0x003e, 0x003f, 0x00f8, 0x005c, 0x00ca, 0x00cb, 0x00c8, 0x00cd, 0x00ce, 0x00cf, 0x00cc,
        0x00e9, 0x003a, 0x00c4, 0x00d6, 0x0027, 0x003d, 0x0022, 0x00d8, 0x0061, 0x0062, 0x0063,
        0x0064, 0x0065, 0x0066, 0x0067, 0x0068, 0x0069, 0x00ab, 0x00bb, 0x00f0, 0x00fd, 0x00fe,
        0x00b1, 0x00b0, 0x006a, 0x006b, 0x006c, 0x006d, 0x006e, 0x006f, 0x0070, 0x0071, 0x0072,
        0x00aa, 0x00ba, 0x00e6, 0x00b8, 0x00c6, 0x005d, 0x00b5, 0x00fc, 0x0073, 0x0074, 0x0075,
        0x0076, 0x0077, 0x0078, 0x0079, 0x007a, 0x00a1, 0x00bf, 0x00d0, 0x00dd, 0x00de, 0x00ae,
        0x00a2, 0x00a3, 0x00a5, 0x00b7, 0x00a9, 0x005b, 0x00b6, 0x00bc, 0x00bd, 0x00be, 0x00ac,
        0x007c, 0x00af, 0x00a8, 0x00b4, 0x00d7, 0x00e4, 0x0041, 0x0042, 0x0043, 0x0044, 0x0045,
        0x0046, 0x0047, 0x0048, 0x0049, 0x00ad, 0x00f4, 0x00a6, 0x00f2, 0x00f3, 0x00f5, 0x00e5,
        0x004a, 0x004b, 0x004c, 0x004d, 0x004e, 0x004f, 0x0050, 0x0051, 0x0052, 0x00b9, 0x00fb,
        0x007e, 0x00f9, 0x00fa, 0x00ff, 0x00c9, 0x00f7, 0x0053, 0x0054, 0x0055, 0x0056, 0x0057,
        0x0058, 0x0059, 0x005a, 0x00b2, 0x00d4, 0x0040, 0x00d2, 0x00d3, 0x00d5, 0x0030, 0x0031,
        0x0032, 0x0033, 0x0034, 0x0035, 0x0036, 0x0037, 0x0038, 0x0039, 0x00b3, 0x00db, 0x00dc,
        0x00d9, 0x00da, 0x009f,
    ],
    [
        0x0000, 0x0001, 0x0002, 0x0003, 0x009c, 0x0009, 0x0086, 0x007f, 0x0097, 0x008d, 0x008e,
        0x000b, 0x000c, 0x000d, 0x000e, 0x000f, 0x0010, 0x0011, 0x0012, 0x0013, 0x009d, 0x000a,
        0x0008, 0x0087, 0x0018, 0x0019, 0x0092, 0x008f, 0x001c, 0x001d, 0x001e, 0x001f, 0x0080,
        0x0081, 0x0082, 0x0083, 0x0084, 0x0085, 0x0017, 0x001b, 0x0088, 0x0089, 0x008a, 0x008b,
        0x008c, 0x0005, 0x0006, 0x0007, 0x0090, 0x0091, 0x0016, 0x0093, 0x0094, 0x0095, 0x0096,
        0x0004, 0x0098, 0x0099, 0x009a, 0x009b, 0x0014, 0x0015, 0x009e, 0x001a, 0x0020, 0x00a0,
        0x00e2, 0x00e4, 0x007b, 0x00e1, 0x00e3, 0x00e5, 0x005c, 0x00f1, 0x00b0, 0x002e, 0x003c,
        0x0028, 0x002b, 0x0021, 0x0026, 0x005d, 0x00ea, 0x00eb, 0x007d, 0x00ed, 0x00ee, 0x00ef,
        0x007e, 0x00df, 0x00e9, 0x0024, 0x002a, 0x0029, 0x003b, 0x005e, 0x002d, 0x002f, 0x00c2,
        0x00c4, 0x00c0, 0x00c1, 0x00c3, 0x00c5, 0x00c7, 0x00d1, 0x00f2, 0x002c, 0x0025, 0x005f,
        0x003e, 0x003f, 0x00f8, 0x00c9, 0x00ca, 0x00cb, 0x00c8, 0x00cd, 0x00ce, 0x00cf, 0x00cc,
        0x00f9, 0x003a, 0x00a3, 0x00a7, 0x0027, 0x003d, 0x0022, 0x00d8, 0x0061, 0x0062, 0x0063,
        0x0064, 0x0065, 0x0066, 0x0067, 0x0068, 0x0069, 0x00ab, 0x00bb, 0x00f0, 0x00fd, 0x00fe,
        0x00b1, 0x005b, 0x006a, 0x006b, 0x006c, 0x006d, 0x006e, 0x006f, 0x0070, 0x0071, 0x0072,
        0x00aa, 0x00ba, 0x00e6, 0x00b8, 0x00c6, 0x20ac, 0x00b5, 0x00ec, 0x0073, 0x0074, 0x0075,
        0x0076, 0x0077, 0x0078, 0x0079, 0x007a, 0x00a1, 0x00bf, 0x00d0, 0x00dd, 0x00de, 0x00ae,
        0x00a2, 0x0023, 0x00a5, 0x00b7, 0x00a9, 0x0040, 0x00b6, 0x00bc, 0x00bd, 0x00be, 0x00ac,
        0x007c, 0x00af, 0x00a8, 0x00b4, 0x00d7, 0x00e0, 0x0041, 0x0042, 0x0043, 0x0044, 0x0045,
        0x0046, 0x0047, 0x0048, 0x0049, 0x00ad, 0x00f4, 0x00f6, 0x00a6, 0x00f3, 0x00f5, 0x00e8,
        0x004a, 0x004b, 0x004c, 0x004d, 0x004e, 0x004f, 0x0050, 0x0051, 0x0052, 0x00b9, 0x00fb,
        0x00fc, 0x0060, 0x00fa, 0x00ff, 0x00e7, 0x00f7, 0x0053, 0x0054, 0x0055, 0x0056, 0x0057,
        0x0058, 0x0059, 0x005a, 0x00b2, 0x00d4, 0x00d6, 0x00d2, 0x00d3, 0x00d5, 0x0030, 0x0031,
        0x0032, 0x0033, 0x0034, 0x0035, 0x0036, 0x0037, 0x0038, 0x0039, 0x00b3, 0x00db, 0x00dc,
        0x00d9, 0x00da, 0x009f,
    ],
    [
        0x0000, 0x0001, 0x0002, 0x0003, 0x009c, 0x0009, 0x0086, 0x007f, 0x0097, 0x008d, 0x008e,
        0x000b, 0x000c, 0x000d, 0x000e, 0x000f, 0x0010, 0x0011, 0x0012, 0x0013, 0x009d, 0x000a,
        0x0008, 0x0087, 0x0018, 0x0019, 0x0092, 0x008f, 0x001c, 0x001d, 0x001e, 0x001f, 0x0080,
        0x0081, 0x0082, 0x0083, 0x0084, 0x0085, 0x0017, 0x001b, 0x0088, 0x0089, 0x008a, 0x008b,
        0x008c, 0x0005, 0x0006, 0x0007, 0x0090, 0x0091, 0x0016, 0x0093, 0x0094, 0x0095, 0x0096,
        0x0004, 0x0098, 0x0099, 0x009a, 0x009b, 0x0014, 0x0015, 0x009e, 0x001a, 0x0020, 0x00a0,
        0x00e2, 0x00e4, 0x00e0, 0x00e1, 0x00e3, 0x00e5, 0x00e7, 0x00a6, 0x005b, 0x002e, 0x003c,
        0x0028, 0x002b, 0x007c, 0x0026, 0x00e9, 0x00ea, 0x00eb, 0x00e8, 0x00ed, 0x00ee, 0x00ef,
        0x00ec, 0x00df, 0x005d, 0x0024, 0x002a, 0x0029, 0x003b, 0x00ac, 0x002d, 0x002f, 0x00c2,
        0x00c4, 0x00c0, 0x00c1, 0x00c3, 0x00c5, 0x00c7, 0x0023, 0x00f1, 0x002c, 0x0025, 0x005f,
        0x003e, 0x003f, 0x00f8, 0x00c9, 0x00ca, 0x00cb, 0x00c8, 0x00cd, 0x00ce, 0x00cf, 0x00cc,
        0x0060, 0x003a, 0x00d1, 0x0040, 0x0027, 0x003d, 0x0022, 0x00d8, 0x0061, 0x0062, 0x0063,
        0x0064, 0x0065, 0x0066, 0x0067, 0x0068, 0x0069, 0x00ab, 0x00bb, 0x00f0, 0x00fd, 0x00fe,
        0x00b1, 0x00b0, 0x006a, 0x006b, 0x006c, 0x006d, 0x006e, 0x006f, 0x0070, 0x0071, 0x0072,
        0x00aa, 0x00ba, 0x00e6, 0x00b8, 0x00c6, 0x20ac, 0x00b5, 0x00a8, 0x0073, 0x0074, 0x0075,
        0x0076, 0x0077, 0x0078, 0x0079, 0x007a, 0x00a1, 0x00bf, 0x00d0, 0x00dd, 0x00de, 0x00ae,
        0x00a2, 0x00a3, 0x00a5, 0x00b7, 0x00a9, 0x00a7, 0x00b6, 0x00bc, 0x00bd, 0x00be, 0x005e,
        0x0021, 0x00af, 0x007e, 0x00b4, 0x00d7, 0x007b, 0x0041, 0x0042, 0x0043, 0x0044, 0x0045,
        0x0046, 0x0047, 0x0048, 0x0049, 0x00ad, 0x00f4, 0x00f6, 0x00f2, 0x00f3, 0x00f5, 0x007d,
        0x004a, 0x004b, 0x004c, 0x004d, 0x004e, 0x004f, 0x0050, 0x0051, 0x0052, 0x00b9, 0x00fb,
        0x00fc, 0x00f9, 0x00fa, 0x00ff, 0x005c, 0x00f7, 0x0053, 0x0054, 0x0055, 0x0056, 0x0057,
        0x0058, 0x0059, 0x005a, 0x00b2, 0x00d4, 0x00d6, 0x00d2, 0x00d3, 0x00d5, 0x0030, 0x0031,
        0x0032, 0x0033, 0x0034, 0x0035, 0x0036, 0x0037, 0x0038, 0x0039, 0x00b3, 0x00db, 0x00dc,
        0x00d9, 0x00da, 0x009f,
    ],
    [
        0x0000, 0x0001, 0x0002, 0x0003, 0x009c, 0x0009, 0x0086, 0x007f, 0x0097, 0x008d, 0x008e,
        0x000b, 0x000c, 0x000d, 0x000e, 0x000f, 0x0010, 0x0011, 0x0012, 0x0013, 0x009d, 0x000a,
        0x0008, 0x0087, 0x0018, 0x0019, 0x0092, 0x008f, 0x001c, 0x001d, 0x001e, 0x001f, 0x0080,
        0x0081, 0x0082, 0x0083, 0x0084, 0x0085, 0x0017, 0x001b, 0x0088, 0x0089, 0x008a, 0x008b,
        0x008c, 0x0005, 0x0006, 0x0007, 0x0090, 0x0091, 0x0016, 0x0093, 0x0094, 0x0095, 0x0096,
        0x0004, 0x0098, 0x0099, 0x009a, 0x009b, 0x0014, 0x0015, 0x009e, 0x001a, 0x0020, 0x00a0,
        0x00e2, 0x00e4, 0x00e0, 0x00e1, 0x00e3, 0x00e5, 0x00e7, 0x00f1, 0x0024, 0x002e, 0x003c,
        0x0028, 0x002b, 0x007c, 0x0026, 0x00e9, 0x00ea, 0x00eb, 0x00e8, 0x00ed, 0x00ee, 0x00ef,
        0x00ec, 0x00df, 0x0021, 0x00a3, 0x002a, 0x0029, 0x003b, 0x00ac, 0x002d, 0x002f, 0x00c2,
        0x00c4, 0x00c0, 0x00c1, 0x00c3, 0x00c5, 0x00c7, 0x00d1, 0x00a6, 0x002c, 0x0025, 0x005f,
        0x003e, 0x003f, 0x00f8, 0x00c9, 0x00ca, 0x00cb, 0x00c8, 0x00cd, 0x00ce, 0x00cf, 0x00cc,
        0x0060, 0x003a, 0x0023, 0x0040, 0x0027, 0x003d, 0x0022, 0x00d8, 0x0061, 0x0062, 0x0063,
        0x0064, 0x0065, 0x0066, 0x0067, 0x0068, 0x0069, 0x00ab, 0x00bb, 0x00f0, 0x00fd, 0x00fe,
        0x00b1, 0x00b0, 0x006a, 0x006b, 0x006c, 0x006d, 0x006e, 0x006f, 0x0070, 0x0071, 0x0072,
        0x00aa, 0x00ba, 0x00e6, 0x00b8, 0x00c6, 0x20ac, 0x00b5, 0x00af, 0x0073, 0x0074, 0x0075,
        0x0076, 0x0077, 0x0078, 0x0079, 0x007a, 0x00a1, 0x00bf, 0x00d0, 0x00dd, 0x00de, 0x00ae,
        0x00a2, 0x005b, 0x00a5, 0x00b7, 0x00a9, 0x00a7, 0x00b6, 0x00bc, 0x00bd, 0x00be, 0x005e,
        0x005d, 0x007e, 0x00a8, 0x00b4, 0x00d7, 0x007b, 0x0041, 0x0042, 0x0043, 0x0044, 0x0045,
        0x0046, 0x0047, 0x0048, 0x0049, 0x00ad, 0x00f4, 0x00f6, 0x00f2, 0x00f3, 0x00f5, 0x007d,
        0x004a, 0x004b, 0x004c, 0x004d, 0x004e, 0x004f, 0x0050, 0x0051, 0x0052, 0x00b9, 0x00fb,
        0x00fc, 0x00f9, 0x00fa, 0x00ff, 0x005c, 0x00f7, 0x0053, 0x0054, 0x0055, 0x0056, 0x0057,
        0x0058, 0x0059, 0x005a, 0x00b2, 0x00d4, 0x00d6, 0x00d2, 0x00d3, 0x00d5, 0x0030, 0x0031,
        0x0032, 0x0033, 0x0034, 0x0035, 0x0036, 0x0037, 0x0038, 0x0039, 0x00b3, 0x00db, 0x00dc,
        0x00d9, 0x00da, 0x009f,
    ],
    [
        0x0000, 0x0001, 0x0002, 0x0003, 0x009c, 0x0009, 0x0086, 0x007f, 0x0097, 0x008d, 0x008e,
        0x000b, 0x000c, 0x000d, 0x000e, 0x000f, 0x0010, 0x0011, 0x0012, 0x0013, 0x009d, 0x000a,
        0x0008, 0x0087, 0x0018, 0x0019, 0x0092, 0x008f, 0x001c, 0x001d, 0x001e, 0x001f, 0x0080,
        0x0081, 0x0082, 0x0083, 0x0084, 0x0085, 0x0017, 0x001b, 0x0088, 0x0089, 0x008a, 0x008b,
        0x008c, 0x0005, 0x0006, 0x0007, 0x0090, 0x0091, 0x0016, 0x0093, 0x0094, 0x0095, 0x0096,
        0x0004, 0x0098, 0x0099, 0x009a, 0x009b, 0x0014, 0x0015, 0x009e, 0x001a, 0x0020, 0x00a0,
        0x00e2, 0x00e4, 0x0040, 0x00e1, 0x00e3, 0x00e5, 0x005c, 0x00f1, 0x00b0, 0x002e, 0x003c,
        0x0028, 0x002b, 0x0021, 0x0026, 0x007b, 0x00ea, 0x00eb, 0x007d, 0x00ed, 0x00ee, 0x00ef,
        0x00ec, 0x00df, 0x00a7, 0x0024, 0x002a, 0x0029, 0x003b, 0x005e, 0x002d, 0x002f, 0x00c2,
        0x00c4, 0x00c0, 0x00c1, 0x00c3, 0x00c5, 0x00c7, 0x00d1, 0x00f9, 0x002c, 0x0025, 0x005f,
        0x003e, 0x003f, 0x00f8, 0x00c9, 0x00ca, 0x00cb, 0x00c8, 0x00cd, 0x00ce, 0x00cf, 0x00cc,
        0x00b5, 0x003a, 0x00a3, 0x00e0, 0x0027, 0x003d, 0x0022, 0x00d8, 0x0061, 0x0062, 0x0063,
        0x0064, 0x0065, 0x0066, 0x0067, 0x0068, 0x0069, 0x00ab, 0x00bb, 0x00f0, 0x00fd, 0x00fe,
        0x00b1, 0x005b, 0x006a, 0x006b, 0x006c, 0x006d, 0x006e, 0x006f, 0x0070, 0x0071, 0x0072,
        0x00aa, 0x00ba, 0x00e6, 0x00b8, 0x00c6, 0x20ac, 0x0060, 0x00a8, 0x0073, 0x0074, 0x0075,
        0x0076, 0x0077, 0x0078, 0x0079, 0x007a, 0x00a1, 0x00bf, 0x00d0, 0x00dd, 0x00de, 0x00ae,
        0x00a2, 0x0023, 0x00a5, 0x00b7, 0x00a9, 0x005d, 0x00b6, 0x00bc, 0x00bd, 0x00be, 0x00ac,
        0x007c, 0x00af, 0x007e, 0x00b4, 0x00d7, 0x00e9, 0x0041, 0x0042, 0x0043, 0x0044, 0x0045,
        0x0046, 0x0047, 0x0048, 0x0049, 0x00ad, 0x00f4, 0x00f6, 0x00f2, 0x00f3, 0x00f5, 0x00e8,
        0x004a, 0x004b, 0x004c, 0x004d, 0x004e, 0x004f, 0x0050, 0x0051, 0x0052, 0x00b9, 0x00fb,
        0x00fc, 0x00a6, 0x00fa, 0x00ff, 0x00e7, 0x00f7, 0x0053, 0x0054, 0x0055, 0x0056, 0x0057,
        0x0058, 0x0059, 0x005a, 0x00b2, 0x00d4, 0x00d6, 0x00d2, 0x00d3, 0x00d5, 0x0030, 0x0031,
        0x0032, 0x0033, 0x0034, 0x0035, 0x0036, 0x0037, 0x0038, 0x0039, 0x00b3, 0x00db, 0x00dc,
        0x00d9, 0x00da, 0x009f,
    ],
    [
        0x0000, 0x0001, 0x0002, 0x0003, 0x009c, 0x0009, 0x0086, 0x007f, 0x0097, 0x008d, 0x008e,
        0x000b, 0x000c, 0x000d, 0x000e, 0x000f, 0x0010, 0x0011, 0x0012, 0x0013, 0x009d, 0x000a,
        0x0008, 0x0087, 0x0018, 0x0019, 0x0092, 0x008f, 0x001c, 0x001d, 0x001e, 0x001f, 0x0080,
        0x0081, 0x0082, 0x0083, 0x0084, 0x0085, 0x0017, 0x001b, 0x0088, 0x0089, 0x008a, 0x008b,
        0x008c, 0x0005, 0x0006, 0x0007, 0x0090, 0x0091, 0x0016, 0x0093, 0x0094, 0x0095, 0x0096,
        0x0004, 0x0098, 0x0099, 0x009a, 0x009b, 0x0014, 0x0015, 0x009e, 0x001a, 0x0020, 0x00a0,
        0x00e2, 0x00e4, 0x00e0, 0x00e1, 0x00e3, 0x00e5, 0x00e7, 0x00f1, 0x005b, 0x002e, 0x003c,
        0x0028, 0x002b, 0x0021, 0x0026, 0x00e9, 0x00ea, 0x00eb, 0x00e8, 0x00ed, 0x00ee, 0x00ef,
        0x00ec, 0x00df, 0x005d, 0x0024, 0x002a, 0x0029, 0x003b, 0x005e, 0x002d, 0x002f, 0x00c2,
        0x00c4, 0x00c0, 0x00c1, 0x00c3, 0x00c5, 0x00c7, 0x00d1, 0x00a6, 0x002c, 0x0025, 0x005f,
        0x003e, 0x003f, 0x00f8, 0x00c9, 0x00ca, 0x00cb, 0x00c8, 0x00cd, 0x00ce, 0x00cf, 0x00cc,
        0x0060, 0x003a, 0x0023, 0x0040, 0x0027, 0x003d, 0x0022, 0x00d8, 0x0061, 0x0062, 0x0063,
        0x0064, 0x0065, 0x0066, 0x0067, 0x0068, 0x0069, 0x00ab, 0x00bb, 0x00f0, 0x00fd, 0x00fe,
        0x00b1, 0x00b0, 0x006a, 0x006b, 0x006c, 0x006d, 0x006e, 0x006f, 0x0070, 0x0071, 0x0072,
        0x00aa, 0x00ba, 0x00e6, 0x00b8, 0x00c6, 0x20ac, 0x00b5, 0x007e, 0x0073, 0x0074, 0x0075,
        0x0076, 0x0077, 0x0078, 0x0079, 0x007a, 0x00a1, 0x00bf, 0x00d0, 0x00dd, 0x00de, 0x00ae,
        0x00a2, 0x00a3, 0x00a5, 0x00b7, 0x00a9, 0x00a7, 0x00b6, 0x00bc, 0x00bd, 0x00be, 0x00ac,
        0x007c, 0x00af, 0x00a8, 0x00b4, 0x00d7, 0x007b, 0x0041, 0x0042, 0x0043, 0x0044, 0x0045,
        0x0046, 0x0047, 0x0048, 0x0049, 0x00ad, 0x00f4, 0x00f6, 0x00f2, 0x00f3, 0x00f5, 0x007d,
        0x004a, 0x004b, 0x004c, 0x004d, 0x004e, 0x004f, 0x0050, 0x0051, 0x0052, 0x00b9, 0x00fb,
        0x00fc, 0x00f9, 0x00fa, 0x00ff, 0x005c, 0x00f7, 0x0053, 0x0054, 0x0055, 0x0056, 0x0057,
        0x0058, 0x0059, 0x005a, 0x00b2, 0x00d4, 0x00d6, 0x00d2, 0x00d3, 0x00d5, 0x0030, 0x0031,
        0x0032, 0x0033, 0x0034, 0x0035, 0x0036, 0x0037, 0x0038, 0x0039, 0x00b3, 0x00db, 0x00dc,
        0x00d9, 0x00da, 0x009f,
    ],
    [
        0x0000, 0x0001, 0x0002, 0x0003, 0x009c, 0x0009, 0x0086, 0x007f, 0x0097, 0x008d, 0x008e,
        0x000b, 0x000c, 0x000d, 0x000e, 0x000f, 0x0010, 0x0011, 0x0012, 0x0013, 0x009d, 0x000a,
        0x0008, 0x0087, 0x0018, 0x0019, 0x0092, 0x008f, 0x001c, 0x001d, 0x001e, 0x001f, 0x0080,
        0x0081, 0x0082, 0x0083, 0x0084, 0x0085, 0x0017, 0x001b, 0x0088, 0x0089, 0x008a, 0x008b,
        0x008c, 0x0005, 0x0006, 0x0007, 0x0090, 0x0091, 0x0016, 0x0093, 0x0094, 0x0095, 0x0096,
        0x0004, 0x0098, 0x0099, 0x009a, 0x009b, 0x0014, 0x0015, 0x009e, 0x001a, 0x0020, 0x00a0,
        0x00e2, 0x00e4, 0x00e0, 0x00e1, 0x00e3, 0x00e5, 0x00e7, 0x00f1, 0x00de, 0x002e, 0x003c,
        0x0028, 0x002b, 0x0021, 0x0026, 0x00e9, 0x00ea, 0x00eb, 0x00e8, 0x00ed, 0x00ee, 0x00ef,
        0x00ec, 0x00df, 0x00c6, 0x0024, 0x002a, 0x0029, 0x003b, 0x00d6, 0x002d, 0x002f, 0x00c2,
        0x00c4, 0x00c0, 0x00c1, 0x00c3, 0x00c5, 0x00c7, 0x00d1, 0x00a6, 0x002c, 0x0025, 0x005f,
        0x003e, 0x003f, 0x00f8, 0x00c9, 0x00ca, 0x00cb, 0x00c8, 0x00cd, 0x00ce, 0x00cf, 0x00cc,
        0x00f0, 0x003a, 0x0023, 0x00d0, 0x0027, 0x003d, 0x0022, 0x00d8, 0x0061, 0x0062, 0x0063,
        0x0064, 0x0065, 0x0066, 0x0067, 0x0068, 0x0069, 0x00ab, 0x00bb, 0x0060, 0x00fd, 0x007b,
        0x00b1, 0x00b0, 0x006a, 0x006b, 0x006c, 0x006d, 0x006e, 0x006f, 0x0070, 0x0071, 0x0072,
        0x00aa, 0x00ba, 0x007d, 0x00b8, 0x005d, 0x20ac, 0x00b5, 0x00f6, 0x0073, 0x0074, 0x0075,
        0x0076, 0x0077, 0x0078, 0x0079, 0x007a, 0x00a1, 0x00bf, 0x0040, 0x00dd, 0x005b, 0x00ae,
        0x00a2, 0x00a3, 0x00a5, 0x00b7, 0x00a9, 0x00a7, 0x00b6, 0x00bc, 0x00bd, 0x00be, 0x00ac,
        0x007c, 0x00af, 0x00a8, 0x005c, 0x00d7, 0x00fe, 0x0041, 0x0042, 0x0043, 0x0044, 0x0045,
        0x0046, 0x0047, 0x0048, 0x0049, 0x00ad, 0x00f4, 0x007e, 0x00f2, 0x00f3, 0x00f5, 0x00e6,
        0x004a, 0x004b, 0x004c, 0x004d, 0x004e, 0x004f, 0x0050, 0x0051, 0x0052, 0x00b9, 0x00fb,
        0x00fc, 0x00f9, 0x00fa, 0x00ff, 0x00b4, 0x00f7, 0x0053, 0x0054, 0x0055, 0x0056, 0x0057,
        0x0058, 0x0059, 0x005a, 0x00b2, 0x00d4, 0x005e, 0x00d2, 0x00d3, 0x00d5, 0x0030, 0x0031,
        0x0032, 0x0033, 0x0034, 0x0035, 0x0036, 0x0037, 0x0038, 0x0039, 0x00b3, 0x00db, 0x00dc,
        0x00d9, 0x00da, 0x009f,
    ],
    [
        0x0000, 0x0001, 0x0002, 0x0003, 0x009c, 0x0009, 0x0086, 0x007f, 0x0097, 0x008d, 0x008e,
        0x000b, 0x000c, 0x000d, 0x000e, 0x000f, 0x0010, 0x0011, 0x0012, 0x0013, 0x009d, 0x000a,
        0x0008, 0x0087, 0x0018, 0x0019, 0x0092, 0x008f, 0x001c, 0x001d, 0x001e, 0x001f, 0x0080,
        0x0081, 0x0082, 0x0083, 0x0084, 0x0085, 0x0017, 0x001b, 0x0088, 0x0089, 0x008a, 0x008b,
        0x008c, 0x0005, 0x0006, 0x0007, 0x0090, 0x0091, 0x0016, 0x0093, 0x0094, 0x0095, 0x0096,
        0x0004, 0x0098, 0x0099, 0x009a, 0x009b, 0x0014, 0x0015, 0x009e, 0x001a, 0x0020, 0x00a0,
        0x00e2, 0x00e4, 0x0163, 0x00e1, 0x0103, 0x010d, 0x00e7, 0x0107, 0x005b, 0x002e, 0x003c,
        0x0028, 0x002b, 0x0021, 0x0026, 0x00e9, 0x0119, 0x00eb, 0x016f, 0x00ed, 0x00ee, 0x013e,
        0x013a, 0x00df, 0x005d, 0x0024, 0x002a, 0x0029, 0x003b, 0x005e, 0x002d, 0x002f, 0x00c2,
        0x00c4, 0x02dd, 0x00c1, 0x0102, 0x010c, 0x00c7, 0x0106, 0x007c, 0x002c, 0x0025, 0x005f,
        0x003e, 0x003f, 0x02c7, 0x00c9, 0x0118, 0x00cb, 0x016e, 0x00cd, 0x00ce, 0x013d, 0x0139,
        0x0060, 0x003a, 0x0023, 0x0040, 0x0027, 0x003d, 0x0022, 0x02d8, 0x0061, 0x0062, 0x0063,
        0x0064, 0x0065, 0x0066, 0x0067, 0x0068, 0x0069, 0x015b, 0x0148, 0x0111, 0x00fd, 0x0159,
        0x015f, 0x00b0, 0x006a, 0x006b, 0x006c, 0x006d, 0x006e, 0x006f, 0x0070, 0x0071, 0x0072,
        0x0142, 0x0144, 0x0161, 0x00b8, 0x02db, 0x20ac, 0x0105, 0x007e, 0x0073, 0x0074, 0x0075,
        0x0076, 0x0077, 0x0078, 0x0079, 0x007a, 0x015a, 0x0147, 0x0110, 0x00dd, 0x0158, 0x015e,
        0x02d9, 0x0104, 0x017c, 0x0162, 0x017b, 0x00a7, 0x017e, 0x017a, 0x017d, 0x0179, 0x0141,
        0x0143, 0x0160, 0x00a8, 0x00b4, 0x00d7, 0x007b, 0x0041, 0x0042, 0x0043, 0x0044, 0x0045,
        0x0046, 0x0047, 0x0048, 0x0049, 0x00ad, 0x00f4, 0x00f6, 0x0155, 0x00f3, 0x0151, 0x007d,
        0x004a, 0x004b, 0x004c, 0x004d, 0x004e, 0x004f, 0x0050, 0x0051, 0x0052, 0x011a, 0x0171,
        0x00fc, 0x0165, 0x00fa, 0x011b, 0x005c, 0x00f7, 0x0053, 0x0054, 0x0055, 0x0056, 0x0057,
        0x0058, 0x0059, 0x005a, 0x010f, 0x00d4, 0x00d6, 0x0154, 0x00d3, 0x0150, 0x0030, 0x0031,
        0x0032, 0x0033, 0x0034, 0x0035, 0x0036, 0x0037, 0x0038, 0x0039, 0x010e, 0x0170, 0x00dc,
        0x0164, 0x00da, 0x009f,
    ],
    [
        0x0000, 0x0001, 0x0002, 0x0003, 0x009c, 0x0009, 0x0086, 0x007f, 0x0097, 0x008d, 0x008e,
        0x000b, 0x000c, 0x000d, 0x000e, 0x000f, 0x0010, 0x0011, 0x0012, 0x0013, 0x009d, 0x000a,
        0x0008, 0x0087, 0x0018, 0x0019, 0x0092, 0x008f, 0x001c, 0x001d, 0x001e, 0x001f, 0x0080,
        0x0081, 0x0082, 0x0083, 0x0084, 0x0085, 0x0017, 0x001b, 0x0088, 0x0089, 0x008a, 0x008b,
        0x008c, 0x0005, 0x0006, 0x0007, 0x0090, 0x0091, 0x0016, 0x0093, 0x0094, 0x0095, 0x0096,
        0x0004, 0x0098, 0x0099, 0x009a, 0x009b, 0x0014, 0x0015, 0x009e, 0x001a, 0x0020, 0x05d0,
        0x05d1, 0x05d2, 0x05d3, 0x05d4, 0x05d5, 0x05d6, 0x05d7, 0x05d8, 0x00a2, 0x002e, 0x003c,
        0x0028, 0x002b, 0x007c, 0x0026, 0x05d9, 0x05da, 0x05db, 0x05dc, 0x05dd, 0x05de, 0x05df,
        0x05e0, 0x05e1, 0x0021, 0x0024, 0x002a, 0x0029, 0x003b, 0x00ac, 0x002d, 0x002f, 0x05e2,
        0x05e3, 0x05e4, 0x05e5, 0x05e6, 0x05e7, 0x05e8, 0x05e9, 0x00a6, 0x002c, 0x0025, 0x005f,
        0x003e, 0x003f, 0xfffd, 0x05ea, 0xfffd, 0xfffd, 0x00a0, 0xfffd, 0xfffd, 0xfffd, 0x2017,
        0x0060, 0x003a, 0x0023, 0x0040, 0x0027, 0x003d, 0x0022, 0xfffd, 0x0061, 0x0062, 0x0063,
        0x0064, 0x0065, 0x0066, 0x0067, 0x0068, 0x0069, 0x00ab, 0x00bb, 0xfffd, 0xfffd, 0xfffd,
        0x00b1, 0x00b0, 0x006a, 0x006b, 0x006c, 0x006d, 0x006e, 0x006f, 0x0070, 0x0071, 0x0072,
        0xfffd, 0xfffd, 0x20ac, 0x00b8, 0x20aa, 0x00a4, 0x00b5, 0x007e, 0x0073, 0x0074, 0x0075,
        0x0076, 0x0077, 0x0078, 0x0079, 0x007a, 0xfffd, 0xfffd, 0xfffd, 0xfffd, 0xfffd, 0x00ae,
        0x005e, 0x00a3, 0x00a5, 0x2022, 0x00a9, 0x00a7, 0x00b6, 0x00bc, 0x00bd, 0x00be, 0x005b,
        0x005d, 0x203e, 0x00a8, 0x00b4, 0x00d7, 0x007b, 0x0041, 0x0042, 0x0043, 0x0044, 0x0045,
        0x0046, 0x0047, 0x0048, 0x0049, 0x00ad, 0xfffd, 0xfffd, 0xfffd, 0xfffd, 0xfffd, 0x007d,
        0x004a, 0x004b, 0x004c, 0x004d, 0x004e, 0x004f, 0x0050, 0x0051, 0x0052, 0x00b9, 0x202d,
        0x202e, 0x202c, 0xfffd, 0xfffd, 0x005c, 0x00f7, 0x0053, 0x0054, 0x0055, 0x0056, 0x0057,
        0x0058, 0x0059, 0x005a, 0x00b2, 0xfffd, 0xfffd, 0xfffd, 0xfffd, 0xfffd, 0x0030, 0x0031,
        0x0032, 0x0033, 0x0034, 0x0035, 0x0036, 0x0037, 0x0038, 0x0039, 0x00b3, 0x202a, 0x202b,
        0x200e, 0x200f, 0x009f,
    ],
    [
        0x0000, 0x0001, 0x0002, 0x0003, 0x009c, 0x0009, 0x0086, 0x007f, 0x0097, 0x008d, 0x008e,
        0x000b, 0x000c, 0x000d, 0x000e, 0x000f, 0x0010, 0x0011, 0x0012, 0x0013, 0x009d, 0x000a,
        0x0008, 0x0087, 0x0018, 0x0019, 0x0092, 0x008f, 0x001c, 0x001d, 0x001e, 0x001f, 0x0080,
        0x0081, 0x0082, 0x0083, 0x0084, 0x0085, 0x0017, 0x001b, 0x0088, 0x0089, 0x008a, 0x008b,
        0x008c, 0x0005, 0x0006, 0x0007, 0x0090, 0x0091, 0x0016, 0x0093, 0x0094, 0x0095, 0x0096,
        0x0004, 0x0098, 0x0099, 0x009a, 0x009b, 0x0014, 0x0015, 0x009e, 0x001a, 0x0020, 0x00a0,
        0x0651, 0xfe7d, 0x0640, 0x200b, 0x0621, 0x0622, 0xfe82, 0x0623, 0x00a2, 0x002e, 0x003c,
        0x0028, 0x002b, 0x007c, 0x0026, 0xfe84, 0x0624, 0xfffd, 0xfffd, 0x0626, 0x0627, 0xfe8e,
        0x0628, 0xfe91, 0x0021, 0x0024, 0x002a, 0x0029, 0x003b, 0x00ac, 0x002d, 0x002f, 0x0629,
        0x062a, 0xfe97, 0x062b, 0xfe9b, 0x062c, 0xfe9f, 0x062d, 0x00a6, 0x002c, 0x0025, 0x005f,
        0x003e, 0x003f, 0xfea3, 0x062e, 0xfea7, 0x062f, 0x0630, 0x0631, 0x0632, 0x0633, 0xfeb3,
        0x060c, 0x003a, 0x0023, 0x0040, 0x0027, 0x003d, 0x0022, 0x0634, 0x0061, 0x0062, 0x0063,
        0x0064, 0x0065, 0x0066, 0x0067, 0x0068, 0x0069, 0xfeb7, 0x0635, 0xfebb, 0x0636, 0xfebf,
        0x0637, 0x0638, 0x006a, 0x006b, 0x006c, 0x006d, 0x006e, 0x006f, 0x0070, 0x0071, 0x0072,
        0x0639, 0xfeca, 0xfecb, 0xfecc, 0x063a, 0xfece, 0xfecf, 0x00f7, 0x0073, 0x0074, 0x0075,
        0x0076, 0x0077, 0x0078, 0x0079, 0x007a, 0xfed0, 0x0641, 0xfed3, 0x0642, 0xfed7, 0x0643,
        0xfedb, 0x0644, 0xfef5, 0xfef6, 0xfef7, 0xfef8, 0xfffd, 0xfffd, 0xfefb, 0xfefc, 0xfedf,
        0x0645, 0xfee3, 0x0646, 0xfee7, 0x0647, 0x061b, 0x0041, 0x0042, 0x0043, 0x0044, 0x0045,
        0x0046, 0x0047, 0x0048, 0x0049, 0x00ad, 0xfeeb, 0xfffd, 0xfeec, 0xfffd, 0x0648, 0x061f,
        0x004a, 0x004b, 0x004c, 0x004d, 0x004e, 0x004f, 0x0050, 0x0051, 0x0052, 0x0649, 0xfef0,
        0x064a, 0xfef2, 0xfef3, 0x0660, 0x00d7, 0x2007, 0x0053, 0x0054, 0x0055, 0x0056, 0x0057,
        0x0058, 0x0059, 0x005a, 0x0661, 0x0662, 0xfffd, 0x0663, 0x0664, 0x0665, 0x0030, 0x0031,
        0x0032, 0x0033, 0x0034, 0x0035, 0x0036, 0x0037, 0x0038, 0x0039, 0x20ac, 0x0666, 0x0667,
        0x0668, 0x0669, 0x009f,
    ],
    [
        0x0000, 0x0001, 0x0002, 0x0003, 0x009c, 0x0009, 0x0086, 0x007f, 0x0097, 0x008d, 0x008e,
        0x000b, 0x000c, 0x000d, 0x000e, 0x000f, 0x0010, 0x0011, 0x0012, 0x0013, 0x009d, 0x000a,
        0x0008, 0x0087, 0x0018, 0x0019, 0x0092, 0x008f, 0x001c, 0x001d, 0x001e, 0x001f, 0x0080,
        0x0081, 0x0082, 0x0083, 0x0084, 0x000a, 0x0017, 0x001b, 0x0088, 0x0089, 0x008a, 0x008b,
        0x008c, 0x0005, 0x0006, 0x0007, 0x0090, 0x0091, 0x0016, 0x0093, 0x0094, 0x0095, 0x0096,
        0x0004, 0x0098, 0x0099, 0x009a, 0x009b, 0x0014, 0x0015, 0x009e, 0x001a, 0x0020, 0x00a0,
        0x00e2, 0x00e4, 0x00e0, 0x00e1, 0x00e3, 0x00e5, 0x00e7, 0x00f1, 0x00a2, 0x002e, 0x003c,
        0x0028, 0x002b, 0x007c, 0x0026, 0x00e9, 0x00ea, 0x00eb, 0x00e8, 0x00ed, 0x00ee, 0x00ef,
        0x00ec, 0x00df, 0x0021, 0x0024, 0x002a, 0x0029, 0x003b, 0x00ac, 0x002d, 0x002f, 0x00c2,
        0x00c4, 0x00c0, 0x00c1, 0x00c3, 0x00c5, 0x00c7, 0x00d1, 0x00a6, 0x002c, 0x0025, 0x005f,
        0x003e, 0x003f, 0x00f8, 0x00c9, 0x00ca, 0x00cb, 0x00c8, 0x00cd, 0x00ce, 0x00cf, 0x00cc,
        0x0060, 0x003a, 0x0023, 0x0040, 0x0027, 0x003d, 0x0022, 0x00d8, 0x0061, 0x0062, 0x0063,
        0x0064, 0x0065, 0x0066, 0x0067, 0x0068, 0x0069, 0x00ab, 0x00bb, 0x00f0, 0x00fd, 0x00fe,
        0x00b1, 0x00b0, 0x006a, 0x006b, 0x006c, 0x006d, 0x006e, 0x006f, 0x0070, 0x0071, 0x0072,
        0x00aa, 0x00ba, 0x00e6, 0x00b8, 0x00c6, 0x20ac, 0x00b5, 0x007e, 0x0073, 0x0074, 0x0075,
        0x0076, 0x0077, 0x0078, 0x0079, 0x007a, 0x00a1, 0x00bf, 0x00d0, 0x00dd, 0x00de, 0x00ae,
        0x005e, 0x00a3, 0x00a5, 0x00b7, 0x00a9, 0x00a7, 0x00b6, 0x00bc, 0x00bd, 0x00be, 0x005b,
        0x005d, 0x00af, 0x00a8, 0x00b4, 0x00d7, 0x007b, 0x0041, 0x0042, 0x0043, 0x0044, 0x0045,
        0x0046, 0x0047, 0x0048, 0x0049, 0x00ad, 0x00f4, 0x00f6, 0x00f2, 0x00f3, 0x00f5, 0x007d,
        0x004a, 0x004b, 0x004c, 0x004d, 0x004e, 0x004f, 0x0050, 0x0051, 0x0052, 0x00b9, 0x00fb,
        0x00fc, 0x00f9, 0x00fa, 0x00ff, 0x005c, 0x00f7, 0x0053, 0x0054, 0x0055, 0x0056, 0x0057,
        0x0058, 0x0059, 0x005a, 0x00b2, 0x00d4, 0x00d6, 0x00d2, 0x00d3, 0x00d5, 0x0030, 0x0031,
        0x0032, 0x0033, 0x0034, 0x0035, 0x0036, 0x0037, 0x0038, 0x0039, 0x00b3, 0x00db, 0x00dc,
        0x00d9, 0x00da, 0x009f,
    ],
];

/// What a name (as `norm_name` leaves it) opens: a table of `SBCS`,
/// `UTF8`, or `OTHER` (a converter partex does not have).
pub(crate) const UTF8: u16 = 0xffff;
pub(crate) const OTHER: u16 = 0xfffe;

pub(crate) static NAMES: [(&str, u16); 1130] = [
    ("1006", 76),
    ("1025", 105),
    ("1026", 106),
    ("1047", 107),
    ("1089", 7),
    ("1097", 108),
    ("1098", 77),
    ("1112", 109),
    ("1122", 110),
    ("1123", 111),
    ("1124", 78),
    ("1383", OTHER),
    ("273", 88),
    ("277", 89),
    ("278", 90),
    ("280", 91),
    ("284", 92),
    ("285", 93),
    ("297", 95),
    ("33722", OTHER),
    ("37", 87),
    ("420", 96),
    ("424", 97),
    ("437", 21),
    ("500", 98),
    ("5601", OTHER),
    ("646", 0),
    ("737", 23),
    ("775", 24),
    ("813", 9),
    ("819", 2),
    ("838", 100),
    ("850", 25),
    ("851", 26),
    ("852", 27),
    ("855", 28),
    ("856", 29),
    ("857", 30),
    ("860", 32),
    ("861", 33),
    ("862", 34),
    ("863", 35),
    ("865", 37),
    ("866", 38),
    ("868", 40),
    ("869", 41),
    ("871", 102),
    ("875", 103),
    ("88591", 2),
    ("885913", 15),
    ("885915", 17),
    ("88592", 3),
    ("88593", 4),
    ("88594", 5),
    ("88595", 6),
    ("88596", 7),
    ("88597", 8),
    ("88598", 10),
    ("88599", 12),
    ("912", 3),
    ("913", 4),
    ("914", 5),
    ("915", 6),
    ("916", 11),
    ("920", 12),
    ("921", 15),
    ("922", 45),
    ("923", 17),
    ("930", OTHER),
    ("933", OTHER),
    ("935", OTHER),
    ("937", OTHER),
    ("939", OTHER),
    ("943", OTHER),
    ("949", OTHER),
    ("950", OTHER),
    ("964", OTHER),
    ("970", OTHER),
    ("adobestandardencoding", 75),
    ("ansi1251", 49),
    ("ansix341968", 0),
    ("ansix341986", 0),
    ("arabic", 7),
    ("ascii", 0),
    ("ascii7", 0),
    ("asmo708", 7),
    ("big5", OTHER),
    ("big5hk", OTHER),
    ("big5hkscs", OTHER),
    ("big5hkscsunicode30", OTHER),
    ("bocu1", OTHER),
    ("ccsid1140", 116),
    ("ccsid1141", 117),
    ("ccsid1142", 118),
    ("ccsid1143", 119),
    ("ccsid1144", 120),
    ("ccsid1145", 121),
    ("ccsid1146", 122),
    ("ccsid1147", 123),
    ("ccsid1148", 124),
    ("ccsid1149", 125),
    ("ccsid858", 31),
    ("cesu8", 0),
    ("chinese", OTHER),
    ("cns11643", OTHER),
    ("compoundtext", 86),
    ("cp1006", 76),
    ("cp1025", 105),
    ("cp1026", 106),
    ("cp1047", 107),
    ("cp1089", 7),
    ("cp1097", 108),
    ("cp1098", 77),
    ("cp1112", 109),
    ("cp1122", 110),
    ("cp1123", 111),
    ("cp1124", 78),
    ("cp1125", 79),
    ("cp1131", 81),
    ("cp1140", 116),
    ("cp1141", 117),
    ("cp1142", 118),
    ("cp1143", 119),
    ("cp1144", 120),
    ("cp1145", 121),
    ("cp1146", 122),
    ("cp1147", 123),
    ("cp1148", 124),
    ("cp1149", 125),
    ("cp1200", OTHER),
    ("cp1201", OTHER),
    ("cp1208", UTF8),
    ("cp1250", 48),
    ("cp1251", 49),
    ("cp1252", 50),
    ("cp1253", 51),
    ("cp1254", 52),
    ("cp1255", 53),
    ("cp1256", 54),
    ("cp1257", 55),
    ("cp1258", 56),
    ("cp1363", OTHER),
    ("cp1383", OTHER),
    ("cp1386", OTHER),
    ("cp273", 88),
    ("cp277", 89),
    ("cp278", 90),
    ("cp280", 91),
    ("cp284", 92),
    ("cp285", 93),
    ("cp290", 94),
    ("cp297", 95),
    ("cp33722", OTHER),
    ("cp367", 0),
    ("cp37", 87),
    ("cp420", 96),
    ("cp424", 97),
    ("cp437", 21),
    ("cp500", 98),
    ("cp737", 23),
    ("cp775", 24),
    ("cp803", 99),
    ("cp813", 9),
    ("cp819", 2),
    ("cp838", 100),
    ("cp850", 25),
    ("cp851", 26),
    ("cp852", 27),
    ("cp855", 28),
    ("cp856", 29),
    ("cp857", 30),
    ("cp858", 31),
    ("cp860", 32),
    ("cp861", 33),
    ("cp862", 34),
    ("cp863", 35),
    ("cp864", 36),
    ("cp865", 37),
    ("cp866", 38),
    ("cp868", 40),
    ("cp869", 41),
    ("cp870", 101),
    ("cp871", 102),
    ("cp874", 19),
    ("cp875", 103),
    ("cp878", 42),
    ("cp912", 3),
    ("cp913", 4),
    ("cp914", 5),
    ("cp915", 6),
    ("cp916", 11),
    ("cp918", 104),
    ("cp920", 12),
    ("cp921", 15),
    ("cp922", 45),
    ("cp923", 17),
    ("cp930", OTHER),
    ("cp932", OTHER),
    ("cp933", OTHER),
    ("cp935", OTHER),
    ("cp936", OTHER),
    ("cp937", OTHER),
    ("cp939", OTHER),
    ("cp943", OTHER),
    ("cp943c", OTHER),
    ("cp949", OTHER),
    ("cp949c", OTHER),
    ("cp950", OTHER),
    ("cp964", OTHER),
    ("cp970", OTHER),
    ("cpar", 40),
    ("cpgr", 41),
    ("cpibm284", 92),
    ("cpibm285", 93),
    ("cpibm297", 95),
    ("cpibm37", 87),
    ("cpis", 33),
    ("csadobestandardencoding", 75),
    ("csascii", 0),
    ("csbig5", OTHER),
    ("csbocu1", OTHER),
    ("cseuckr", OTHER),
    ("cseucpkdfmtjapanese", OTHER),
    ("csgb2312", OTHER),
    ("cshproman8", 74),
    ("csibm1026", 106),
    ("csibm273", 88),
    ("csibm277", 89),
    ("csibm278", 90),
    ("csibm280", 91),
    ("csibm284", 92),
    ("csibm285", 93),
    ("csibm290", 94),
    ("csibm297", 95),
    ("csibm37", 87),
    ("csibm420", 96),
    ("csibm424", 97),
    ("csibm500", 98),
    ("csibm855", 28),
    ("csibm857", 30),
    ("csibm860", 32),
    ("csibm861", 33),
    ("csibm863", 35),
    ("csibm864", 36),
    ("csibm865", 37),
    ("csibm866", 38),
    ("csibm868", 40),
    ("csibm869", 41),
    ("csibm870", 101),
    ("csibm871", 102),
    ("csibm918", 104),
    ("csibmthai", 100),
    ("csiso2022cn", OTHER),
    ("csiso2022jp", 84),
    ("csiso2022jp2", 84),
    ("csiso2022kr", OTHER),
    ("csiso58gb231280", OTHER),
    ("csisolatin0", 17),
    ("csisolatin1", 2),
    ("csisolatin2", 3),
    ("csisolatin3", 4),
    ("csisolatin4", 5),
    ("csisolatin5", 12),
    ("csisolatin6", 13),
    ("csisolatin9", 17),
    ("csisolatinarabic", 7),
    ("csisolatincyrillic", 6),
    ("csisolatingreek", 8),
    ("csisolatinhebrew", 10),
    ("csjisencoding", 84),
    ("cskoi8r", 42),
    ("csksc56011987", OTHER),
    ("csmacintosh", 69),
    ("cspc775baltic", 24),
    ("cspc850multilingual", 25),
    ("cspc851", 26),
    ("cspc862latinhebrew", 34),
    ("cspc8codepage437", 21),
    ("cspcp852", 27),
    ("cspcp855", 28),
    ("csshiftjis", OTHER),
    ("csucs4", OTHER),
    ("csunicode", OTHER),
    ("cswindows31j", OTHER),
    ("cyrillic", 6),
    ("dos720", 22),
    ("dos862", 34),
    ("ebcdicar", 140),
    ("ebcdiccpar1", 96),
    ("ebcdiccpar2", 104),
    ("ebcdiccpbe", 98),
    ("ebcdiccpca", 87),
    ("ebcdiccpch", 98),
    ("ebcdiccpdk", 89),
    ("ebcdiccpes", 92),
    ("ebcdiccpfi", 90),
    ("ebcdiccpfr", 95),
    ("ebcdiccpgb", 93),
    ("ebcdiccphe", 97),
    ("ebcdiccpis", 102),
    ("ebcdiccpit", 91),
    ("ebcdiccpnl", 87),
    ("ebcdiccpno", 89),
    ("ebcdiccproece", 101),
    ("ebcdiccpse", 90),
    ("ebcdiccpus", 87),
    ("ebcdiccpwt", 87),
    ("ebcdiccpyu", 101),
    ("ebcdicde", 88),
    ("ebcdicde273euro", 117),
    ("ebcdicdk", 89),
    ("ebcdicdk277euro", 118),
    ("ebcdices284euro", 121),
    ("ebcdicfi278euro", 119),
    ("ebcdicfr297euro", 123),
    ("ebcdicgb", 93),
    ("ebcdicgb285euro", 122),
    ("ebcdiche", 139),
    ("ebcdicinternational500euro", 124),
    ("ebcdicis", 102),
    ("ebcdicis871euro", 125),
    ("ebcdicit280euro", 120),
    ("ebcdicjpkana", 94),
    ("ebcdicno277euro", 118),
    ("ebcdicse278euro", 119),
    ("ebcdicsv", 90),
    ("ebcdicus37euro", 116),
    ("ebcdicxmlus", 156),
    ("ecma114", 7),
    ("ecma118", 8),
    ("ecma128", 12),
    ("elot928", 8),
    ("euccn", OTHER),
    ("eucjis", OTHER),
    ("eucjp", OTHER),
    ("eucjp2007", OTHER),
    ("euckr", OTHER),
    ("eucth", 19),
    ("euctw", OTHER),
    ("euctw2014", OTHER),
    ("extendedunixcodepackedformatforjapanese", OTHER),
    ("gb18030", OTHER),
    ("gb180302022", OTHER),
    ("gb2312", OTHER),
    ("gb23121980", OTHER),
    ("gb231219800", OTHER),
    ("gb231280", OTHER),
    ("gbk", OTHER),
    ("greek", 8),
    ("greek8", 8),
    ("gsm338", 83),
    ("gsm3382009", 83),
    ("hebrew", 10),
    ("hebrew8", 10),
    ("hkbig5", OTHER),
    ("hkscsbig5", OTHER),
    ("hp15cn", OTHER),
    ("hproman8", 74),
    ("hz", OTHER),
    ("hzgb2312", OTHER),
    ("ibm1006", 76),
    ("ibm1006p1001995", 76),
    ("ibm1025", 105),
    ("ibm1025p1001995", 105),
    ("ibm1026", 106),
    ("ibm1026p1001995", 106),
    ("ibm1047", 107),
    ("ibm1047lf", 142),
    ("ibm1047p1001995", 107),
    ("ibm1047p1001995swaplfnl", 142),
    ("ibm1047s390", 142),
    ("ibm1051", 74),
    ("ibm1051p1001995", 74),
    ("ibm1089", 7),
    ("ibm1089p1001995", 7),
    ("ibm1097", 108),
    ("ibm1097p1001995", 108),
    ("ibm1098", 77),
    ("ibm1098p1001995", 77),
    ("ibm1112", 109),
    ("ibm1112p1001995", 109),
    ("ibm1122", 110),
    ("ibm1122p1001999", 110),
    ("ibm1123", 111),
    ("ibm1123p1001995", 111),
    ("ibm1124", 78),
    ("ibm1124p1001996", 78),
    ("ibm1125", 79),
    ("ibm1125p1001997", 79),
    ("ibm1129", 80),
    ("ibm1129p1001997", 80),
    ("ibm1130", 112),
    ("ibm1130p1001997", 112),
    ("ibm1131", 81),
    ("ibm1131p1001997", 81),
    ("ibm1132", 113),
    ("ibm1132p1001998", 113),
    ("ibm1133", 82),
    ("ibm1133p1001997", 82),
    ("ibm1137", 114),
    ("ibm1137p1001999", 114),
    ("ibm1140", 116),
    ("ibm1140p1001997", 116),
    ("ibm1140p1001997swaplfnl", 143),
    ("ibm1140s390", 143),
    ("ibm1141", 117),
    ("ibm1141lf", 144),
    ("ibm1141p1001997", 117),
    ("ibm1141p1001997swaplfnl", 144),
    ("ibm1141s390", 144),
    ("ibm1142", 118),
    ("ibm1142p1001997", 118),
    ("ibm1142p1001997swaplfnl", 145),
    ("ibm1142s390", 145),
    ("ibm1143", 119),
    ("ibm1143p1001997", 119),
    ("ibm1143p1001997swaplfnl", 146),
    ("ibm1143s390", 146),
    ("ibm1144", 120),
    ("ibm1144p1001997", 120),
    ("ibm1144p1001997swaplfnl", 147),
    ("ibm1144s390", 147),
    ("ibm1145", 121),
    ("ibm1145p1001997", 121),
    ("ibm1145p1001997swaplfnl", 148),
    ("ibm1145s390", 148),
    ("ibm1146", 122),
    ("ibm1146p1001997", 122),
    ("ibm1146p1001997swaplfnl", 149),
    ("ibm1146s390", 149),
    ("ibm1147", 123),
    ("ibm1147p1001997", 123),
    ("ibm1147p1001997swaplfnl", 150),
    ("ibm1147s390", 150),
    ("ibm1148", 124),
    ("ibm1148p1001997", 124),
    ("ibm1148p1001997swaplfnl", 151),
    ("ibm1148s390", 151),
    ("ibm1149", 125),
    ("ibm1149p1001997", 125),
    ("ibm1149p1001997swaplfnl", 152),
    ("ibm1149s390", 152),
    ("ibm1153", 126),
    ("ibm1153p1001999", 126),
    ("ibm1153p1001999swaplfnl", 153),
    ("ibm1153s390", 153),
    ("ibm1154", 127),
    ("ibm1154p1001999", 127),
    ("ibm1155", 128),
    ("ibm1155p1001999", 128),
    ("ibm1156", 129),
    ("ibm1156p1001999", 129),
    ("ibm1157", 130),
    ("ibm1157p1001999", 130),
    ("ibm1158", 131),
    ("ibm1158p1001999", 131),
    ("ibm1160", 132),
    ("ibm1160p1001999", 132),
    ("ibm1162", 20),
    ("ibm1162p1001999", 20),
    ("ibm1164", 133),
    ("ibm1164p1001999", 133),
    ("ibm1168", 46),
    ("ibm1168p1002002", 46),
    ("ibm1200", OTHER),
    ("ibm1201", OTHER),
    ("ibm1202", OTHER),
    ("ibm1203", OTHER),
    ("ibm1204", OTHER),
    ("ibm1205", OTHER),
    ("ibm1208", UTF8),
    ("ibm1209", UTF8),
    ("ibm1212", OTHER),
    ("ibm1213", OTHER),
    ("ibm1214", OTHER),
    ("ibm1215", OTHER),
    ("ibm1232", OTHER),
    ("ibm1233", OTHER),
    ("ibm1234", OTHER),
    ("ibm1235", OTHER),
    ("ibm1236", OTHER),
    ("ibm1237", OTHER),
    ("ibm1250", 57),
    ("ibm1250p1001995", 57),
    ("ibm1251", 58),
    ("ibm1251p1001995", 58),
    ("ibm1252", 59),
    ("ibm1252p1002000", 59),
    ("ibm1253", 60),
    ("ibm1253p1001995", 60),
    ("ibm1254", 61),
    ("ibm1254p1001995", 61),
    ("ibm1255", 62),
    ("ibm1255p1001995", 62),
    ("ibm1256", 64),
    ("ibm1256p1101997", 64),
    ("ibm1257", 66),
    ("ibm1257p1001995", 66),
    ("ibm1258", 68),
    ("ibm1258p1001997", 68),
    ("ibm12712", 139),
    ("ibm12712p1001998", 139),
    ("ibm12712p1001998swaplfnl", 154),
    ("ibm12712s390", 154),
    ("ibm1276", 75),
    ("ibm1276p1001995", 75),
    ("ibm13488", OTHER),
    ("ibm13489", OTHER),
    ("ibm13490", OTHER),
    ("ibm13491", OTHER),
    ("ibm13496", UTF8),
    ("ibm13497", UTF8),
    ("ibm1363", OTHER),
    ("ibm1363p1101997", OTHER),
    ("ibm1363p11b1998", OTHER),
    ("ibm1363vasciivsubvpua", OTHER),
    ("ibm1363vsubvpua", OTHER),
    ("ibm1364", OTHER),
    ("ibm1364p1102007", OTHER),
    ("ibm1371", OTHER),
    ("ibm1371p1001999", OTHER),
    ("ibm1373", OTHER),
    ("ibm1373p1002002", OTHER),
    ("ibm1375", OTHER),
    ("ibm1375p1002008", OTHER),
    ("ibm1383", OTHER),
    ("ibm1383p1101999", OTHER),
    ("ibm1383vpua", OTHER),
    ("ibm1386", OTHER),
    ("ibm1386p1002001", OTHER),
    ("ibm1386vsubvpua", OTHER),
    ("ibm1388", OTHER),
    ("ibm1388p1002024", OTHER),
    ("ibm1390", OTHER),
    ("ibm1390p1102003", OTHER),
    ("ibm1392", OTHER),
    ("ibm1399", OTHER),
    ("ibm1399p1102003", OTHER),
    ("ibm16684", OTHER),
    ("ibm16684p1102003", OTHER),
    ("ibm16804", 140),
    ("ibm16804s390", 155),
    ("ibm16804x1101999", 140),
    ("ibm16804x1101999swaplfnl", 155),
    ("ibm17584", OTHER),
    ("ibm17585", OTHER),
    ("ibm17586", OTHER),
    ("ibm17587", OTHER),
    ("ibm17592", UTF8),
    ("ibm17593", UTF8),
    ("ibm20780", OTHER),
    ("ibm21680", OTHER),
    ("ibm21681", OTHER),
    ("ibm21682", OTHER),
    ("ibm21683", OTHER),
    ("ibm25546", OTHER),
    ("ibm25776", OTHER),
    ("ibm25777", OTHER),
    ("ibm25778", OTHER),
    ("ibm25779", OTHER),
    ("ibm273", 88),
    ("ibm273p1001995", 88),
    ("ibm277", 89),
    ("ibm277p1001995", 89),
    ("ibm278", 90),
    ("ibm278p1001995", 90),
    ("ibm280", 91),
    ("ibm280p1001995", 91),
    ("ibm284", 92),
    ("ibm284p1001995", 92),
    ("ibm285", 93),
    ("ibm285p1001995", 93),
    ("ibm290", 94),
    ("ibm290p1001995", 94),
    ("ibm297", 95),
    ("ibm297p1001995", 95),
    ("ibm29872", OTHER),
    ("ibm29873", OTHER),
    ("ibm29874", OTHER),
    ("ibm29875", OTHER),
    ("ibm33722", OTHER),
    ("ibm33722p1201999", OTHER),
    ("ibm33722p12ap12a2009u2", OTHER),
    ("ibm33722vasciivpua", OTHER),
    ("ibm33722vpua", OTHER),
    ("ibm367", 0),
    ("ibm37", 87),
    ("ibm37p1001995", 87),
    ("ibm37p1001995swaplfnl", 141),
    ("ibm37s390", 141),
    ("ibm420", 96),
    ("ibm420x1201999", 96),
    ("ibm424", 97),
    ("ibm424p1001995", 97),
    ("ibm437", 21),
    ("ibm437p1001995", 21),
    ("ibm4517", 115),
    ("ibm4517p1002005", 115),
    ("ibm4899", 136),
    ("ibm4899p1001998", 136),
    ("ibm4902", OTHER),
    ("ibm4909", 47),
    ("ibm4909p1001999", 47),
    ("ibm4971", 137),
    ("ibm4971p1001999", 137),
    ("ibm500", 98),
    ("ibm500p1001995", 98),
    ("ibm5012", 10),
    ("ibm5012p1001999", 10),
    ("ibm5026", OTHER),
    ("ibm5035", OTHER),
    ("ibm5050", OTHER),
    ("ibm5054", 84),
    ("ibm5123", 134),
    ("ibm5123p1001999", 134),
    ("ibm5304", UTF8),
    ("ibm5305", UTF8),
    ("ibm5346", 48),
    ("ibm5346p1001998", 48),
    ("ibm5347", 49),
    ("ibm5347p1001998", 49),
    ("ibm5348", 50),
    ("ibm5348p1001997", 50),
    ("ibm5349", 51),
    ("ibm5349p1001998", 51),
    ("ibm5350", 52),
    ("ibm5350p1001998", 52),
    ("ibm5351", 63),
    ("ibm5351p1001998", 63),
    ("ibm5352", 65),
    ("ibm5352p1001998", 65),
    ("ibm5353", 67),
    ("ibm5353p1001998", 67),
    ("ibm5354", 56),
    ("ibm5354p1001998", 56),
    ("ibm5471", OTHER),
    ("ibm5471p1002006", OTHER),
    ("ibm5478", OTHER),
    ("ibm5478p1001995", OTHER),
    ("ibm61955", OTHER),
    ("ibm61956", OTHER),
    ("ibm65025", OTHER),
    ("ibm720", 22),
    ("ibm720p1001997", 22),
    ("ibm737", 23),
    ("ibm737p1001997", 23),
    ("ibm775", 24),
    ("ibm775p1001996", 24),
    ("ibm803", 99),
    ("ibm803p1001999", 99),
    ("ibm813", 9),
    ("ibm813p1001995", 9),
    ("ibm819", 2),
    ("ibm838", 100),
    ("ibm838p1001995", 100),
    ("ibm8482", 135),
    ("ibm8482p1001999", 135),
    ("ibm850", 25),
    ("ibm850p1001995", 25),
    ("ibm851", 26),
    ("ibm851p1001995", 26),
    ("ibm852", 27),
    ("ibm852p1001995", 27),
    ("ibm855", 28),
    ("ibm855p1001995", 28),
    ("ibm856", 29),
    ("ibm856p1001995", 29),
    ("ibm857", 30),
    ("ibm857p1001995", 30),
    ("ibm858", 31),
    ("ibm858p1001997", 31),
    ("ibm860", 32),
    ("ibm860p1001995", 32),
    ("ibm861", 33),
    ("ibm861p1001995", 33),
    ("ibm862", 34),
    ("ibm862p1001995", 34),
    ("ibm863", 35),
    ("ibm863p1001995", 35),
    ("ibm864", 36),
    ("ibm864x1101999", 36),
    ("ibm865", 37),
    ("ibm865p1001995", 37),
    ("ibm866", 38),
    ("ibm866p1001995", 38),
    ("ibm867", 39),
    ("ibm867p1001998", 39),
    ("ibm868", 40),
    ("ibm868p1001995", 40),
    ("ibm869", 41),
    ("ibm869p1001995", 41),
    ("ibm870", 101),
    ("ibm870p1001995", 101),
    ("ibm871", 102),
    ("ibm871p1001995", 102),
    ("ibm874", 19),
    ("ibm874p1001995", 19),
    ("ibm875", 103),
    ("ibm875p1001995", 103),
    ("ibm878", 42),
    ("ibm878p1001996", 42),
    ("ibm9005", 8),
    ("ibm9005x1102007", 8),
    ("ibm901", 43),
    ("ibm901p1001999", 43),
    ("ibm902", 44),
    ("ibm902p1001999", 44),
    ("ibm9030", 100),
    ("ibm9066", 19),
    ("ibm9067", 138),
    ("ibm9067x1002005", 138),
    ("ibm912", 3),
    ("ibm912p1001995", 3),
    ("ibm913", 4),
    ("ibm913p1002000", 4),
    ("ibm914", 5),
    ("ibm914p1001995", 5),
    ("ibm915", 6),
    ("ibm915p1001995", 6),
    ("ibm916", 11),
    ("ibm916p1001995", 11),
    ("ibm918", 104),
    ("ibm918p1001995", 104),
    ("ibm920", 12),
    ("ibm920p1001995", 12),
    ("ibm921", 15),
    ("ibm921p1001995", 15),
    ("ibm922", 45),
    ("ibm922p1001999", 45),
    ("ibm923", 17),
    ("ibm923p1001998", 17),
    ("ibm930", OTHER),
    ("ibm930p1201999", OTHER),
    ("ibm931", OTHER),
    ("ibm932", OTHER),
    ("ibm932vsubvpua", OTHER),
    ("ibm933", OTHER),
    ("ibm933p1101995", OTHER),
    ("ibm935", OTHER),
    ("ibm935p1101999", OTHER),
    ("ibm937", OTHER),
    ("ibm937p1101999", OTHER),
    ("ibm939", OTHER),
    ("ibm939p1201999", OTHER),
    ("ibm9400", 0),
    ("ibm942", OTHER),
    ("ibm9424", OTHER),
    ("ibm942p12a1999", OTHER),
    ("ibm942vsubvpua", OTHER),
    ("ibm943", OTHER),
    ("ibm943c", OTHER),
    ("ibm943p1301999", OTHER),
    ("ibm943p15a2003", OTHER),
    ("ibm943vasciivsubvpua", OTHER),
    ("ibm943vsubvpua", OTHER),
    ("ibm9447", 53),
    ("ibm9447p1002002", 53),
    ("ibm9448", 54),
    ("ibm9448x1002005", 54),
    ("ibm9449", 55),
    ("ibm9449p1002002", 55),
    ("ibm949", OTHER),
    ("ibm949c", OTHER),
    ("ibm949p1101999", OTHER),
    ("ibm949p11a1999", OTHER),
    ("ibm949vasciivsubvpua", OTHER),
    ("ibm949vsubvpua", OTHER),
    ("ibm950", OTHER),
    ("ibm950p1101999", OTHER),
    ("ibm954", OTHER),
    ("ibm954p1012007", OTHER),
    ("ibm9580", OTHER),
    ("ibm964", OTHER),
    ("ibm964p1101999", OTHER),
    ("ibm964vpua", OTHER),
    ("ibm970", OTHER),
    ("ibm970p110p1102006u2", OTHER),
    ("ibm970vpua", OTHER),
    ("ibm971", OTHER),
    ("ibm971p1001995", OTHER),
    ("ibm971vpua", OTHER),
    ("ibmeuccn", OTHER),
    ("ibmeucjp", OTHER),
    ("ibmeuckr", OTHER),
    ("ibmeuctw", OTHER),
    ("ibmthai", 100),
    ("imapmailboxname", OTHER),
    ("isciibng", OTHER),
    ("isciidev", OTHER),
    ("isciiguj", OTHER),
    ("isciigur", OTHER),
    ("isciiknd", OTHER),
    ("isciimlm", OTHER),
    ("isciiori", OTHER),
    ("isciitlg", OTHER),
    ("isciitml", OTHER),
    ("isciiversion0", OTHER),
    ("isciiversion1", OTHER),
    ("isciiversion2", OTHER),
    ("isciiversion3", OTHER),
    ("isciiversion4", OTHER),
    ("isciiversion5", OTHER),
    ("isciiversion6", OTHER),
    ("isciiversion7", OTHER),
    ("isciiversion8", OTHER),
    ("iso10646ucs2", OTHER),
    ("iso10646ucs4", OTHER),
    ("iso2022cn", OTHER),
    ("iso2022cncns", OTHER),
    ("iso2022cnext", OTHER),
    ("iso2022jp", 84),
    ("iso2022jp1", 84),
    ("iso2022jp2", 84),
    ("iso2022kr", OTHER),
    ("iso2022localejaversion0", 84),
    ("iso2022localejaversion1", 84),
    ("iso2022localejaversion2", 84),
    ("iso2022localejaversion3", OTHER),
    ("iso2022localejaversion4", 85),
    ("iso2022localekoversion0", OTHER),
    ("iso2022localekoversion1", OTHER),
    ("iso2022localezhversion0", OTHER),
    ("iso2022localezhversion1", OTHER),
    ("iso2022localezhversion2", OTHER),
    ("iso646irv1983", 0),
    ("iso646irv1991", 0),
    ("iso646us", 0),
    ("iso88591", 2),
    ("iso885910", 13),
    ("iso8859101992", 13),
    ("iso8859101998", 13),
    ("iso885911", 14),
    ("iso8859112001", 14),
    ("iso885911987", 2),
    ("iso885913", 15),
    ("iso885914", 16),
    ("iso8859141998", 16),
    ("iso885915", 17),
    ("iso885915fdis", 17),
    ("iso88592", 3),
    ("iso885921987", 3),
    ("iso88593", 4),
    ("iso885931988", 4),
    ("iso88594", 5),
    ("iso885941988", 5),
    ("iso88595", 6),
    ("iso885951988", 6),
    ("iso88596", 7),
    ("iso885961987", 7),
    ("iso88596e", 7),
    ("iso88596i", 7),
    ("iso88597", 8),
    ("iso885971987", 8),
    ("iso88598", 10),
    ("iso885981988", 10),
    ("iso88598e", 10),
    ("iso88598i", 10),
    ("iso88599", 12),
    ("iso885991989", 12),
    ("isoceltic", 16),
    ("isoir100", 2),
    ("isoir101", 3),
    ("isoir109", 4),
    ("isoir110", 5),
    ("isoir126", 8),
    ("isoir127", 7),
    ("isoir138", 10),
    ("isoir144", 6),
    ("isoir148", 12),
    ("isoir149", OTHER),
    ("isoir157", 13),
    ("isoir199", 16),
    ("isoir58", OTHER),
    ("isoir6", 0),
    ("jis", 84),
    ("jis7", OTHER),
    ("jis8", 85),
    ("jisencoding", 84),
    ("koi8", 42),
    ("koi8r", 42),
    ("koi8u", 46),
    ("korean", OTHER),
    ("ksc", OTHER),
    ("ksc5601", OTHER),
    ("ksc56011987", OTHER),
    ("ksc56011989", OTHER),
    ("l1", 2),
    ("l2", 3),
    ("l3", 4),
    ("l4", 5),
    ("l5", 12),
    ("l6", 13),
    ("l8", 16),
    ("l9", 17),
    ("latin0", 17),
    ("latin1", 2),
    ("latin2", 3),
    ("latin3", 4),
    ("latin4", 5),
    ("latin5", 12),
    ("latin6", 13),
    ("latin8", 16),
    ("latin9", 17),
    ("lmbcs", OTHER),
    ("lmbcs1", OTHER),
    ("mac", 69),
    ("macce", 72),
    ("maccentraleurope", 72),
    ("maccy", 71),
    ("maccyrillic", 71),
    ("macgr", 70),
    ("macintosh", 69),
    ("macos02102", 69),
    ("macos29102", 72),
    ("macos35102", 73),
    ("macos62104", 70),
    ("macos73102", 71),
    ("macroman", 69),
    ("mactr", 73),
    ("ms874", 18),
    ("ms932", OTHER),
    ("ms936", OTHER),
    ("ms949", OTHER),
    ("ms950", OTHER),
    ("ms950hkscs", OTHER),
    ("mskanji", OTHER),
    ("pck", OTHER),
    ("pcmultilingual850euro", 31),
    ("r8", 74),
    ("roman8", 74),
    ("scsu", OTHER),
    ("shiftjis", OTHER),
    ("shiftjis78", OTHER),
    ("sjis", OTHER),
    ("sjis78", OTHER),
    ("suneugreek", 8),
    ("thai8", 14),
    ("tis620", 18),
    ("tis6202533", 19),
    ("turkish", 12),
    ("turkish8", 12),
    ("ucs2", OTHER),
    ("ucs4", OTHER),
    ("ujis", OTHER),
    ("unicode", OTHER),
    ("unicode11utf7", 1),
    ("unicode11utf8", UTF8),
    ("unicode20utf7", 1),
    ("unicode20utf8", UTF8),
    ("unicodebig", OTHER),
    ("unicodebigunmarked", OTHER),
    ("unicodelittle", OTHER),
    ("unicodelittleunmarked", OTHER),
    ("us", 0),
    ("usascii", 0),
    ("utf16", OTHER),
    ("utf16be", OTHER),
    ("utf16beversion1", OTHER),
    ("utf16bigendian", OTHER),
    ("utf16le", OTHER),
    ("utf16leversion1", OTHER),
    ("utf16littleendian", OTHER),
    ("utf16oppositeendian", OTHER),
    ("utf16platformendian", OTHER),
    ("utf16version1", OTHER),
    ("utf16version2", OTHER),
    ("utf32", OTHER),
    ("utf32be", OTHER),
    ("utf32bigendian", OTHER),
    ("utf32le", OTHER),
    ("utf32littleendian", OTHER),
    ("utf32oppositeendian", OTHER),
    ("utf32platformendian", OTHER),
    ("utf7", 1),
    ("utf8", UTF8),
    ("windows10000", 69),
    ("windows10006", 70),
    ("windows10007", 71),
    ("windows10029", 72),
    ("windows10081", 73),
    ("windows1200", OTHER),
    ("windows1201", OTHER),
    ("windows1250", 48),
    ("windows1251", 49),
    ("windows1252", 50),
    ("windows1253", 51),
    ("windows1254", 52),
    ("windows1255", 53),
    ("windows1256", 54),
    ("windows1257", 55),
    ("windows1258", 56),
    ("windows20127", 0),
    ("windows20866", 42),
    ("windows21866", 46),
    ("windows28592", 3),
    ("windows28593", 4),
    ("windows28594", 5),
    ("windows28595", 6),
    ("windows28596", 7),
    ("windows28597", 8),
    ("windows28598", 10),
    ("windows28599", 12),
    ("windows28603", 15),
    ("windows28605", 17),
    ("windows31j", OTHER),
    ("windows437", 21),
    ("windows51949", OTHER),
    ("windows54936", OTHER),
    ("windows57002", OTHER),
    ("windows57003", OTHER),
    ("windows57004", OTHER),
    ("windows57005", OTHER),
    ("windows57006", OTHER),
    ("windows57007", OTHER),
    ("windows57008", OTHER),
    ("windows57009", OTHER),
    ("windows57010", OTHER),
    ("windows57011", OTHER),
    ("windows65000", 1),
    ("windows65001", UTF8),
    ("windows720", 22),
    ("windows737", 23),
    ("windows775", 24),
    ("windows850", 25),
    ("windows852", 27),
    ("windows855", 28),
    ("windows857", 30),
    ("windows858", 31),
    ("windows861", 33),
    ("windows862", 34),
    ("windows866", 38),
    ("windows869", 41),
    ("windows874", 18),
    ("windows8742000", 18),
    ("windows932", OTHER),
    ("windows936", OTHER),
    ("windows9362000", OTHER),
    ("windows949", OTHER),
    ("windows9492000", OTHER),
    ("windows950", OTHER),
    ("windows9502000", OTHER),
    ("x11compoundtext", 86),
    ("xbig5", OTHER),
    ("xcompoundtext", 86),
    ("xeucjp", OTHER),
    ("xibm1006", 76),
    ("xibm1025", 105),
    ("xibm1097", 108),
    ("xibm1098", 77),
    ("xibm1112", 109),
    ("xibm1122", 110),
    ("xibm1123", 111),
    ("xibm1124", 78),
    ("xibm1153", 126),
    ("xibm1363", OTHER),
    ("xibm1363c", OTHER),
    ("xibm1364", OTHER),
    ("xibm1371", OTHER),
    ("xibm1388", OTHER),
    ("xibm1390", OTHER),
    ("xibm1399", OTHER),
    ("xibm33722", OTHER),
    ("xibm33722a", OTHER),
    ("xibm33722c", OTHER),
    ("xibm720", 22),
    ("xibm737", 23),
    ("xibm856", 29),
    ("xibm867", 39),
    ("xibm874", 19),
    ("xibm875", 103),
    ("xibm921", 15),
    ("xibm922", 45),
    ("xibm930", OTHER),
    ("xibm930a", OTHER),
    ("xibm933", OTHER),
    ("xibm935", OTHER),
    ("xibm937", OTHER),
    ("xibm939", OTHER),
    ("xibm939a", OTHER),
    ("xibm942", OTHER),
    ("xibm942c", OTHER),
    ("xibm943", OTHER),
    ("xibm949", OTHER),
    ("xibm949c", OTHER),
    ("xibm950", OTHER),
    ("xibm954", OTHER),
    ("xibm954c", OTHER),
    ("xibm964", OTHER),
    ("xibm970", OTHER),
    ("xibm971", OTHER),
    ("xiscii91", OTHER),
    ("xisciias", OTHER),
    ("xisciibe", OTHER),
    ("xisciide", OTHER),
    ("xisciigu", OTHER),
    ("xisciika", OTHER),
    ("xisciima", OTHER),
    ("xisciior", OTHER),
    ("xisciipa", OTHER),
    ("xisciita", OTHER),
    ("xisciite", OTHER),
    ("xiso2022cncns", OTHER),
    ("xiso2022cngb", OTHER),
    ("xiso885911", 14),
    ("xiso88596s", 7),
    ("xjisautodetect", OTHER),
    ("xksc5601", OTHER),
    ("xmacce", 72),
    ("xmaccentraleurope", 72),
    ("xmaccentraleurroman", 72),
    ("xmaccyrillic", 71),
    ("xmacgreek", 70),
    ("xmacroman", 69),
    ("xmacturkish", 73),
    ("xmacukraine", 71),
    ("xms932213", OTHER),
    ("xms950hkscs", OTHER),
    ("xmscp932", OTHER),
    ("xroman8", 74),
    ("xsjis", OTHER),
    ("xutf16be", OTHER),
    ("xutf16le", OTHER),
    ("xutf16lebom", OTHER),
    ("xutf8j", UTF8),
    ("xwindows1256s", 54),
    ("xwindows50220", 84),
    ("xwindows50221", 84),
    ("xwindows874", 18),
    ("xwindows950", OTHER),
    ("xwindowsiso2022jp", 84),
];
